3001,129 Schwab  Avenue,Homestead,PA,15120
3002,1300 Brodhead Rd,Coraopolis,PA,15108
3003,512 E Pittsburgh - Mckeesport Blvd,North Versailles,PA,15137
3004,1009 Edith St,Duquesne,PA,15110
3005,230 W Station Sq Dr,Pittsburgh,PA,15219
3006,1201 North Avenue,Pittsburgh,PA,15209
3007,5747 Ellsworth Ave,Pittsburgh,PA,15232
3008,129 Windvale Dr,Pittsburgh,PA,15236
3009,287 Monier Road,Gibsonia,PA,15044
3010,3730 Saxonburg Boulevard,Pittsburgh,PA,15238
3011,200 Hartwood Acres,Pittsburgh,PA,15238
3012,2501 Brighton Rd,Pittsburgh,PA,15212
3013,224 Harvest Lane,Natrona Heights,PA,15065
3014,6003 Cunningham Road,Gibsonia,PA,15044
3015,1620 Pennsylvania Ave,West Mifflin,PA,15122
3016,722 Hite Road,Harwick,PA,15049
3017,135 Patty Lane,Monroeville,PA,15146
3018,148 Jucunda Street,Pittsburgh,PA,15201
3019,35 Walker Street,Oakdale,PA,15071
3020,4900 2nd  Ave,Pittsburgh,PA,15207
3021,5344 2nd Ave,Pittsburgh,PA,15207
3022,12311 Perry Hwy,Wexford,PA,15090
3023,303 Camp Meeting Rd,Sewickley,PA,15143
3024,6800 Frankstown Road,Pittsburgh,PA,15208
3025,99 Miller Street,Braddock,PA,15104
3026,1520 Butler Plank Rd,Glenshaw,PA,15116
3027,1012 Perry Highway,Pittsburgh,PA,15237
3028,10460 Frankstown Rd,Pittsburgh,PA,15235
3029,456 1st Street,Carnegie,PA,15106
3030,1400 Crafton Boulevard,Pittsburgh,PA,15205
3031,500 Art Rooney Avenue,Pittsburgh,PA,15212
3032,500 Art Rooney Avenue,Pittsburgh,PA,15212
3033,500 Art Rooney Avenue,Pittsburgh,PA,15212
3034,500 Art Rooney Avenue,Pittsburgh,PA,15212
3035,500 Art Rooney Avenue,Pittsburgh,PA,15212
3036,500 Art Rooney Avenue,Pittsburgh,PA,15212
3037,1 Art Rooney Avenue,Pittsburgh,PA,15212
3038,500 Art Rooney  Avenue,Pittsburgh,PA,15212
3039,500 Art Rooney Drive,Pittsburgh,PA,15212
3040,500 Art Rooney Drive,Pittsburgh,PA,15212
3041,500 Art Rooney Drive,Pittsburgh,PA,15212
3042,500 Art Rooney Drive,Pittsburgh,PA,15212
3043,500 Art Rooney Drive,Pittsburgh,PA,15212
3044,500 Art Rooney Drive,Pittsburgh,PA,15212
3045,500 Art Rooney Drive,Pittsburgh,PA,15212
3046,500 Art Rooney Avenue,Pittsburgh,PA,15212
3047,500 Art Rooney Avenue,Pittsburgh,PA,15212
3048,500 Art Rooney Drive,Pittsburgh,PA,15212
3049,500 Art Rooney Avenue,Pittsburgh,PA,15212
3050,500 Art Rooney Avenue,Pittsburgh,PA,15212
3051,500 Art Rooney Avenue,Pittsburgh,PA,15212
3052,500 Art Rooney Avenue,Pittsburgh,PA,15212
3053,500 Art Rooney Avenue,Pittsburgh,PA,15212
3054,500 Art Rooney Avenue,Pittsburgh,PA,15212
3055,500 Art Rooney Avenue,Pittsburgh,PA,15212
3056,500 Art Rooney Avenue,Pittsburgh,PA,15212
3057,500 Art Rooney Avenue,Pittsburgh,PA,15212
3058,500 Art Rooney Avenue,Pittsburgh,PA,15212
3059,500 Art Rooney Avenue,Pittsburgh,PA,15212
3060,500 Art Rooney Avenue,Pittsburgh,PA,15212
3061,500 Art Rooney Avenue,Pittsburgh,PA,15212
3062,500 Art Rooney Avenue,Pittsburgh,PA,15212
3063,500 Art Rooney Avenue,Pittsburgh,PA,15212
3064,500 Art Rooney Avenue,Pittsburgh,PA,15212
3065,500 Art Rooney Avenue,Pittsburgh,PA,15212
3066,500 Art Rooney Avenue,Pittsburgh,PA,15212
3067,500 Art Rooney Avenue,Pittsburgh,PA,15212
3068,500 Art Rooney Avenue,Pittsburgh,PA,15212
3069,500 Art Rooney Avenue,Pittsburgh,PA,15212
3070,500 Art Rooney Avenue,Pittsburgh,PA,15212
3071,500 Art Rooney Avenue,Pittsburgh,PA,15212
3072,500 Art Rooney Avenue,Pittsburgh,PA,15212
3073,500 Art Rooney Avenue,Pittsburgh,PA,15212
3074,500 Art  Rooney Avenue,Pittsburgh,PA,15212
3075,500 Art Rooney Avenue,Pittsburgh,PA,15212
3076,500 Art Rooney Avenue,Pittsburgh,PA,15212
3077,500 Art Rooney Avenue,Pittsburgh,PA,15212
3078,500 Art Rooney Avenue,Pittsburgh,PA,15212
3079,500 Art Rooney Avenue,Pittsburgh,PA,15212
3080,500 Art Rooney Avenue,Pittsburgh,PA,15212
3081,500 Art Rooney Avenue,Pittsburgh,PA,15212
3082,500 Art Rooney Avenue,Pittsburgh,PA,15212
3083,500 Art Rooney Avenue,Pittsburgh,PA,15212
3084,500 Art Rooney Avenue,Pittsburgh,PA,15212
3085,500 Art Rooney Avenue,Pittsburgh,PA,15212
3086,500 Art Rooney Avenue,Pittsburgh,PA,15212
3087,500 Art Rooney Avenue,Pittsburgh,PA,15212
3088,500 Art Rooney Avenue,Pittsburgh,PA,15212
3089,500 Art Rooney Avenue,Pittsburgh,PA,15212
3090,500 Art Rooney Avenue,Pittsburgh,PA,15212
3091,500 Art Rooney Avenue,Pittsburgh,PA,15212
3092,500 Art Rooney Drive,Pittsburgh,PA,15212
3093,500 Art Rooney Avenue,Pittsburgh,PA,15212
3094,500 Art Rooney Avenue,Pittsburgh,PA,15212
3095,500 Art Rooney Avenue,Pittsburgh,PA,15212
3096,500 Art Rooney Avenue,Pittsburgh,PA,15212
3097,500 Art Rooney Avenue,Pittsburgh,PA,15212
3098,500 Art Rooney Avenue,Pittsburgh,PA,15212
3099,500 Art Rooney  Drive,Pittsburgh,PA,15212
3100,500 Art Rooney Avenue,Pittsburgh,PA,15212
3101,500 Art Rooney Avenue,Pittsburgh,PA,15212
3102,500 Art Rooney Avenue,Pittsburgh,PA,15212
3103,500 Art Rooney Avenue,Pittsburgh,PA,15212
3104,500 Art Rooney Avenue,Pittsburgh,PA,15212
3105,500 Art Rooney Avenue,Pittsburgh,PA,15212
3106,500 Art Rooney Avenue,Pittsburgh,PA,15212
3107,600 Penn Avenue,Pittsburgh,PA,15222
3108,1212 Smallman  Street,Pittsburgh,PA,15222
3109,102 Union Avenue,Oakdale,PA,15071
3110,3605 Forbes Avenue,Pittsburgh,PA,15213
3111,1922 E Carson Street,Pittsburgh,PA,15203
3112,292 Forbes Avenue,Pittsburgh,PA,15222
3113,701 Providence  Boulevard,Pittsburgh,PA,15237
3114,131 Prospect Avenue,Pittsburgh,PA,15205
3115,4962 Library Road,Bethel Park,PA,15102
3116,3911 Forbes Ave,Pittsburgh,PA,15213
3117,2150 Round Hill Church Road,Elizabeth,PA,15037
3118,&nbsp; Broad @ Ferry Street,Leetsdale,PA,15056
3119,716 Larimer Avenue,Pittsburgh,PA,15206
3120,2511 Grandview Ave,Mc Keesport,PA,15132
3121,720 Blackburn Rd,Sewickley,PA,15143
3122,4507 Minerva St,Pittsburgh,PA,15224
3123,719 Herschel Street,Pittsburgh,PA,15220
3124,6316 Forbes Avenue,Pittsburgh,PA,15217
3125,1708 Shady  Avenue,Pittsburgh,PA,15217
3126,817 Brookline Boulevard,Pittsburgh,PA,15226
3127,115 W Braddock Ave,Braddock,PA,15104
3128,368 Guys Run  Road,Cheswick,PA,15024
3129,519 E 8th Ave,Homestead,PA,15120
3130,156 Peony Avenue,Pittsburgh,PA,15229
3131,517 Perry Hwy,Pittsburgh,PA,15229
3132,401 8th  Avenue,Tarentum,PA,15084
3133,1 Wild Place,Pittsburgh,PA,15206
3134,1 Wild Place,Pittsburgh,PA,15206
3135,1 Wild Place,Pittsburgh,PA,15206
3136,1 Wild Place,Pittsburgh,PA,15206
3137,1 Wild  Place,Pittsburgh,PA,15206
3138,1 Wild  Place,Pittsburgh,PA,15206
3139,1 Wild  Place,Pittsburgh,PA,15206
3140,1 Wild Place,Pittsburgh,PA,15206
3141,1 Wild Place,Pittsburgh,PA,15206
3142,1 Wild  Place,Pittsburgh,PA,15206
3143,704 2nd Avenue,Tarentum,PA,15084
3144,1350 Broadview  Boulevard,Natrona Heights,PA,15065
3145,1500 Pacific  Avenue,Natrona Heights,PA,15065
3146,4 Allegheny Center,Pittsburgh,PA,15212
3147,845 Perry Hwy,Pittsburgh,PA,15229
3148,845 Perry Highway,Pittsburgh,PA,15229
3149,2038 Bedford Ave,Pittsburgh,PA,15219
3150,2038 Bedford Ave,Pittsburgh,PA,15219
3151,1825 Centre Avenue,Pittsburgh,PA,15219
3152,2500 Bethel Church Rd,Bethel Park,PA,15102
3153,2500 Bethel Church Rd,Bethel Park,PA,15102
3154,2340 Wylie Ave,Pittsburgh,PA,15219
3155,5685 Beacon St,Pittsburgh,PA,15217
3156,3384 Wagner Road,Allison Park,PA,15101
3157,201 Orchard Pl,Pittsburgh,PA,15210
3158,750 Warrington  Avenue,Pittsburgh,PA,15210
3159,1700 Lowrie St,Pittsburgh,PA,15212
3160,3454 Forbes  Avenue,Pittsburgh,PA,15213
3161,303 Park Manor Drive,Pittsburgh,PA,15205
3162,515 Pittsburgh Street,Springdale,PA,15144
3163,1000 Locust  Street,Pittsburgh,PA,15282
3164,249 5th Ave,Pittsburgh,PA,15222
3165,201 Wood Street,Pittsburgh,PA,15222
3166,6001 University  Boulevard,Coraopolis,PA,15108
3167,190 Castle Shannon  Boulevard,Pittsburgh,PA,15228
3168,2000 Eastern Avenue,Verona,PA,15147
3169,6511 Steubenville Pike,Pittsburgh,PA,15205
3170,2705 Water  Street,Pittsburgh,PA,15203
3171,533 Allegheny Avenue,Oakmont,PA,15139
3172,1724 Prospect Road,Pittsburgh,PA,15236
3173,3433 Spring Garden  Road,Pittsburgh,PA,15212
3174,801 Bluff Street,Pittsburgh,PA,15282
3175,4612 Browns Hill Rd,Pittsburgh,PA,15217
3176,2750 Mosside  Boulevard,Monroeville,PA,15146
3177,228 Federal  Street,Pittsburgh,PA,15212
3178,875 Greentree Road,Pittsburgh,PA,15220
3179,3053 Washington Pike,Bridgeville,PA,15017
3180,5311 Campbells Run Road,Pittsburgh,PA,15205
3181,20 10th Street,Pittsburgh,PA,15203
3182,658 Waterfront Drive,Homestead,PA,15120
3183,3122 Lebanon Church Road,West Mifflin,PA,15122
3184,313 Holiday Park  Drive,Pittsburgh,PA,15239
3185,81 Sandune Dr,Pittsburgh,PA,15239
3186,415 Abers Creek Road,Pittsburgh,PA,15239
3187,836 Linden Avenue,East Pittsburgh,PA,15112
3188,1449 Potomac Avenue,Pittsburgh,PA,15216
3189,408 Baldwin  Road,Pittsburgh,PA,15207
3190,123 Gilkeson Rd,Pittsburgh,PA,15228
3191,787 Freeport Road,Creighton,PA,15030
3192,8235 Ohio River Blvd,Pittsburgh,PA,15202
3193,2603 Old Elizabeth Rd,West Mifflin,PA,15122
3194,5720 Steubenville Pike,Mc Kees Rocks,PA,15136
3195,985 Providence Boulevard,Pittsburgh,PA,15237
3196,726 Washington Ave,Carnegie,PA,15106
3197,214 Mansfield Blvd,Carnegie,PA,15106
3198,718 Gulf Lab Road Extension,Cheswick,PA,15024
3199,3399 Industrial  Boulevard,Bethel Park,PA,15102
3200,9971 Mountain View  Drive,West Mifflin,PA,15122
3201,3550 Wm Penn Hwy,Pittsburgh,PA,15235
3202,440 Home Drive,Pittsburgh,PA,15275
3203,112 Ben Avon Heights Rd,Pittsburgh,PA,15237
3204,400 N Highland  Avenue,Pittsburgh,PA,15206
3205,4960 Wm Flynn Hwy,Allison Park,PA,15101
3206,102 Aldi Dr,North Versailles,PA,15137
3207,999 Ross Park Dr,Pittsburgh,PA,15237
3208,1025 Washington Pike,Bridgeville,PA,15017
3209,2000 Park Manor Boulevard,Pittsburgh,PA,15205
3210,200 Mall Boulevard,Monroeville,PA,15146
3211,850 Providence  Boulevard,Pittsburgh,PA,15237
3212,807 Glass Run Road,Pittsburgh,PA,15227
3213,225 W Station Sq Dr/ Commerce Ct,Pittsburgh,PA,15219
3214,820 Amity Street,Homestead,PA,15120
3215,238 8th Avenue,Homestead,PA,15120
3216,314 E 8th Ave,Homestead,PA,15120
3217,815 Ann St,Homestead,PA,15120
3218,309 4th Avenue,Tarentum,PA,15084
3219,4702 Eliza Street,West Mifflin,PA,15122
3220,4315 Eliza St,West Mifflin,PA,15122
3221,3900 Greensprings Ave,West Mifflin,PA,15122
3222,724 N Homewood Ave,Pittsburgh,PA,15208
3223,4491 Verona Rd,Verona,PA,15147
3224,7321 Frankstown  Avenue,Pittsburgh,PA,15208
3225,2000 GSK Drive,Coraopolis,PA,15108
3226,1410 Smallman Street,Pittsburgh,PA,15222
3227,7201 Frankstown  Avenue,Pittsburgh,PA,15208
3228,1139 Pacific Avenue,Brackenridge,PA,15014
3229,216 8th Avenue,Homestead,PA,15120
3230,209 3rd Street,Dravosburg,PA,15034
3231,2131 Ardmore Blvd,Pittsburgh,PA,15221
3232,6348 Library Rd,Library,PA,15129
3233,1630 Washington  Road,Pittsburgh,PA,15241
3234,4780 McKnight Rd,Pittsburgh,PA,15237
3235,4025 William Penn Highway,Monroeville,PA,15146
3236,2796 Robinson Boulevard,Pittsburgh,PA,15235
3237,529 Court  Place,Pittsburgh,PA,15219
3238,366 Butler Street,Pittsburgh,PA,15223
3239,700 Broadway  Avenue,Mc Kees Rocks,PA,15136
3240,11644 Frankstown Road,Pittsburgh,PA,15235
3241,1221 Federal Street,Pittsburgh,PA,15212
3242,6960 5th Ave,Pittsburgh,PA,15208
3243,10 Ormsby Avenue,Pittsburgh,PA,15210
3244,2506 Carson Street,Pittsburgh,PA,15203
3245,2221 Brownsville Rd,Pittsburgh,PA,15210
3246,3115 Walnut St,Mc Keesport,PA,15132
3247,513 State Street,Clairton,PA,15025
3248,37 Robb Hollow Rd,Pittsburgh,PA,15243
3249,5601 Butler Street,Pittsburgh,PA,15201
3250,3037 Shadeland Ave,Pittsburgh,PA,15212
3251,9275 Peebles Rd,Allison Park,PA,15101
3252,807 Wallace  Avenue,Pittsburgh,PA,15221
3253,6521 Library Road,Library,PA,15129
3254,128 Wyoming  Street,Pittsburgh,PA,15211
3255,1025 Lebanon Rd,West Mifflin,PA,15122
3256,205 Boggs  Avenue,Pittsburgh,PA,15211
3257,4099 Brownsville  Road,Library,PA,15129
3258,1754 Greensburg  Pike,North Versailles,PA,15137
3259,458 Strawberry Way,Pittsburgh,PA,15219
3260,458 Strawberry  Way,Pittsburgh,PA,15219
3261,644 W 7th Ave,Homestead,PA,15120
3262,5370 Wm Flynn Hwy,Gibsonia,PA,15044
3263,2335 Centre Ave,Pittsburgh,PA,15219
3264,202 Stuart Circle,Mc Donald,PA,15057
3265,626 Monongahela Ave,Glassport,PA,15045
3266,563 Greenfield Ave,Pittsburgh,PA,15207
3267,1500 Washington Rd,Pittsburgh,PA,15228
3268,125 Station Sq Drive / Freight House Shops 15,Pittsburgh,PA,15219
3269,8145 Ohio River Blvd,Pittsburgh,PA,15202
3270,5888 Forbes Ave,Pittsburgh,PA,15217
3271,2621 Murray Ave,Pittsburgh,PA,15217
3272,534 Peebles St,Pittsburgh,PA,15221
3273,98 Center Ave,Pittsburgh,PA,15229
3274,400 Broadmoor Ave,Pittsburgh,PA,15228
3275,125 7th Street,Pittsburgh,PA,15222
3276,&nbsp; Pgh Intl Airport /  AC-1A,Pittsburgh,PA,15231
3277,&nbsp; Pgh Intl Airport / SE-03,Pittsburgh,PA,15231
3278,&nbsp; Pgh Intl Airport / AC-35,Pittsburgh,PA,15231
3279,&nbsp; Pgh Intl Airport / L,Pittsburgh,PA,15231
3280,1835 Centre  Avenue,Pittsburgh,PA,15215
3281,1801 Centre Ave #100,Pittsburgh,PA,15219
3282,6037 Saltsburg Rd,Verona,PA,15147
3283,759 Railroad Avenue,Verona,PA,15147
3284,239 Atwood  Street,Pittsburgh,PA,15213
3285,1136  Thorn Run Rd Extension,Coraopolis,PA,15108
3286,1700 Mt Royal Blvd,Glenshaw,PA,15116
3287,2158 Brownsville Road,Pittsburgh,PA,15210
3288,1822 Homeville Rd,West Mifflin,PA,15122
3289,500 Pine Hollow Road,Mc Kees Rocks,PA,15136
3290,2360 Ardmore Blvd,Pittsburgh,PA,15221
3291,3004 Walnut St,Mc Keesport,PA,15132
3292,222 3rd Avenue,Carnegie,PA,15106
3293,508 Carothers Avenue,Carnegie,PA,15106
3294,811 Main Street,Sturgeon,PA,15082
3295,645 Butler Street,Pittsburgh,PA,15223
3296,5335 Baum  Boulevard,Pittsburgh,PA,15224
3297,2795 South Water Street,Pittsburgh,PA,15223
3298,6011 Campbells Run Rd,Pittsburgh,PA,15205
3299,260 Shore Drive,Pittsburgh,PA,15212
3300,1111 Airport Boulevard / Pgh Int&#39;l Airport,Pittsburgh,PA,15231
3301,247 North Shore  Drive,Pittsburgh,PA,15212
3302,1516 Coraopolis Heights Rd,Coraopolis,PA,15108
3303,1714 Bowerhill Road,Pittsburgh,PA,15243
3304,448 Perry Highway,Pittsburgh,PA,15229
3305,709 Bellefonte Street,Pittsburgh,PA,15232
3306,2315 Wylie Ave,Pittsburgh,PA,15219
3307,7930 Frankstown  Avenue,Pittsburgh,PA,15221
3308,4656 Browns Hill Road,Pittsburgh,PA,15217
3309,1002 Sutherland Drive,Pittsburgh,PA,15205
3310,9036 St Simon Way,Pittsburgh,PA,15237
3311,2001 Park Manor Boulevard,Pittsburgh,PA,15205
3312,2001 Park Manor Boulevard,Pittsburgh,PA,15205
3313,2101 Greentree Road,Pittsburgh,PA,15220
3314,300 C Beverly Rd,Pittsburgh,PA,15216
3315,8007 Frankstown  Avenue,Pittsburgh,PA,15221
3316,990 Castle Shannon Boulevard,Pittsburgh,PA,15234
3317,990 Castle Shannon Blvd,Pittsburgh,PA,15234
3318,1336 Juniata  Street,Pittsburgh,PA,15233
3319,318 Curry Hollow Rd,Pittsburgh,PA,15236
3320,1160 Park Manor Boulevard,Pittsburgh,PA,15205
3321,983 Freeport Rd,Pittsburgh,PA,15238
3322,1500 Village Run  Road,Wexford,PA,15090
3323,115 Federal Street,Pittsburgh,PA,15212
3324,703 Washington Rd,Pittsburgh,PA,15228
3325,701 Warrendale Village Drive,Warrendale,PA,15086
3326,965 Liberty Avenue,Pittsburgh,PA,15222
3327,2150 East Hills Drive,Pittsburgh,PA,15221
3328,965 Thorn Run Rd,Coraopolis,PA,15108
3329,111 Pine Street,Imperial,PA,15126
3330,166 E Bridge St,Homestead,PA,15120
3331,300 Helen St,Mc Kees Rocks,PA,15136
3332,2807 Bethel Church Rd,Bethel Park,PA,15102
3333,1704 Shady Avenue,Pittsburgh,PA,15217
3334,369 Helen St,Mc Kees Rocks,PA,15136
3335,3813 Wm Penn Hwy,Monroeville,PA,15146
3336,2503 Margaret Morrison  Street,Pittsburgh,PA,15213
3337,137 6th Street,Pittsburgh,PA,15222
3338,&nbsp; 5th Ave &amp; Bigelow Blvd,Pittsburgh,PA,15213
3339,319 Craig Street,Pittsburgh,PA,15213
3340,129 6th Street,Pittsburgh,PA,15222
3341,3710 Saxonburg Boulevard,Pittsburgh,PA,15238
3342,121 McClellan Road,Indianola,PA,15051
3343,4305 Butler Street,Pittsburgh,PA,15201
3344,140 Andrew Drive,Pittsburgh,PA,15275
3345,602 W Ingomar Rd,Pittsburgh,PA,15237
3346,1521 Ingomar Hts Rd,Pittsburgh,PA,15237
3347,1501 Ingomar Road,Pittsburgh,PA,15237
3348,200 Monroeville Mall,Monroeville,PA,15146
3349,1635 Railroad Street,Carnegie,PA,15106
3350,1560 Worthington Ave,Clairton,PA,15025
3351,4110 Saw Mill Run Blvd,Pittsburgh,PA,15227
3352,2016 Noble  Street,Pittsburgh,PA,15218
3353,6886 Forward Ave,Pittsburgh,PA,15217
3354,2800 Broadway  Boulevard,Monroeville,PA,15146
3355,1926 Baldridge Avenue,Connellsville,PA,15425
3356,611 Millers Run Road,Cuddy,PA,15031
3357,1200 Lebanon Rd / Suite B,West Mifflin,PA,15122
3358,500 Liberty  Avenue,Pittsburgh,PA,15222
3359,201 Isabella Street,Pittsburgh,PA,15212
3360,183 Butler Street,Pittsburgh,PA,15223
3361,537 E Ohio St,Pittsburgh,PA,15212
3362,8035 McKnight Rd,Pittsburgh,PA,15237
3363,7600 Grand Avenue,Pittsburgh,PA,15225
3364,600 Grant  Street,Pittsburgh,PA,15222
3365,339 6th Avenue,Pittsburgh,PA,15222
3366,7606 Forbes Avenue,Pittsburgh,PA,15221
3367,4900 Friendship Ave,Pittsburgh,PA,15224
3368,2484 Sample Rd,Allison Park,PA,15101
3369,1936 Murray Avenue,Pittsburgh,PA,15217
3370,414 Margaret Street,Bridgeville,PA,15017
3371,2713 Brownsville Rd,Pittsburgh,PA,15227
3372,5037 2nd Ave,Pittsburgh,PA,15207
3373,600 Grant Street,Pittsburgh,PA,15219
3374,308 Scenery Dr,Elizabeth,PA,15037
3375,5886 Forbes Ave,Pittsburgh,PA,15217
3376,2951 Ridge  Road,Library,PA,15129
3377,325 Mt Lebanon Boulevard,Pittsburgh,PA,15234
3378,5255 Library Road,Bethel Park,PA,15102
3379,3075 Clairton Blvd / Century III Mall / Rm 696,West Mifflin,PA,15123
3380,412 Richland  Avenue,Dravosburg,PA,15034
3381,2615 Main Street,Homestead,PA,15120
3382,4885 McKnight Road,Pittsburgh,PA,15237
3383,5235 Clairton Blvd,Pittsburgh,PA,15227
3384,979 Freeport Rd,Pittsburgh,PA,15238
3385,580 Old Clairton Rd,Pittsburgh,PA,15236
3386,1130 Rodi  Road,Turtle Creek,PA,15145
3387,360 Castle Shannon Blvd,Pittsburgh,PA,15234
3388,1129 12th  Street,Mc Kees Rocks,PA,15136
3389,2008 Maple Street,Homestead,PA,15120
3390,3040 Industrial  Boulevard,Bethel Park,PA,15102
3391,300 Shiloh St,Pittsburgh,PA,15211
3392,134 Elizabeth  Street,Pittsburgh,PA,15207
3393,901 Elizabeth St,Pittsburgh,PA,15221
3394,226A Center  Road,Monroeville,PA,15146
3395,625 W Grant St,Duquesne,PA,15110
3396,1828 Union Avenue,Natrona Heights,PA,15065
3397,170 Shafer  Road,Coraopolis,PA,15108
3398,2513 Transport St,Pittsburgh,PA,15234
3399,9805 McKnight Rd,Pittsburgh,PA,15237
3400,180 Gamma Drive,Pittsburgh,PA,15238
3401,3458 Harts Run Road,Glenshaw,PA,15116
3402,101 Station Drive,Tarentum,PA,15084
3403,4213 Murray  Avenue,Pittsburgh,PA,15217
3404,2300 Versailles Avenue,Mc Keesport,PA,15132
3405,2349 Vondera St,Homestead,PA,15120
3406,344 N Sheridan  Avenue,Pittsburgh,PA,15206
3407,5500 Steubenville Pike,Mc Kees Rocks,PA,15136
3408,5501 Steubenville Pike,Mc Kees Rocks,PA,15136
3409,552 3rd St,Clairton,PA,15025
3410,646 Herron Avenue,Pittsburgh,PA,15219
3411,6556 Shetland  Street,Pittsburgh,PA,15206
3412,3075 Clairton Boulevard,West Mifflin,PA,15123
3413,1006 Ross Park Mall Dr,Pittsburgh,PA,15237
3414,2000 Robinson Center Drive,Pittsburgh,PA,15205
3415,167 Pittsburgh Mills Circle,Tarentum,PA,15084
3416,2018 S Braddock Ave,Pittsburgh,PA,15218
3417,524 Braddock Avenue,Braddock,PA,15104
3418,4970 Library Road,Bethel Park,PA,15102
3419,4143 Brownsville  Road,Pittsburgh,PA,15227
3420,1975 Lincoln Way,Mc Keesport,PA,15131
3421,245 8th  Avenue,Homestead,PA,15120
3422,1117 E Carson St,Pittsburgh,PA,15203
3423,3565 Harts Run Road,Pittsburgh,PA,15238
3424,184 Curry Hollow Rd,Pittsburgh,PA,15236
3425,918 Jackman Ave,Pittsburgh,PA,15202
3426,705 Brushton Avenue,Pittsburgh,PA,15208
3427,2112 Penn  Avenue,Pittsburgh,PA,15222
3428,2112 Penn Avenue,Pittsburgh,PA,15222
3429,670 Washington Rd,Pittsburgh,PA,15228
3430,4727 Wm Penn Hwy,Monroeville,PA,15146
3431,929 5th Ave,Coraopolis,PA,15108
3432,2147 Ardmore Blvd,Pittsburgh,PA,15221
3433,1131 Woods Run Ave,Pittsburgh,PA,15212
3434,422 Foreland Street,Pittsburgh,PA,15212
3435,1224 James St / Rear,Monroeville,PA,15146
3436,322 1st Avenue,Carnegie,PA,15106
3437,3113 Liberty Avenue,Pittsburgh,PA,15216
3438,1725 U.S. Route 30,Clinton,PA,15026
3439,1714 U.S. Route 30,Clinton,PA,15026
3440,3888 Wm Flynn Highway,Allison Park,PA,15101
3441,2176 Webster Avenue,Pittsburgh,PA,15219
3442,1633 Saxonburg Boulevard,Tarentum,PA,15084
3443,140 S 18th St,Pittsburgh,PA,15203
3444,5457 Perry Hwy,Pittsburgh,PA,15229
3445,875 Old Clairton Rd,Clairton,PA,15025
3446,1172 Jefferson Heights Road,Pittsburgh,PA,15235
3447,565 Coal Valley  Place,Clairton,PA,15025
3448,21 Moffett St,Pittsburgh,PA,15243
3449,605 Redknap Street,Pittsburgh,PA,15212
3450,565 Coal Valley Rd,Pittsburgh,PA,15236
3451,201 Wetzel Rd,Glenshaw,PA,15116
3452,4885 McKnight Rd,Pittsburgh,PA,15237
3453,1954 Greentree Road,Pittsburgh,PA,15220
3454,4205 Wm Penn Hwy,Monroeville,PA,15146
3455,103 Slade Lane,Warrendale,PA,15086
3456,393 North Shore  Drive,Pittsburgh,PA,15212
3457,7390 McKnight Road,Pittsburgh,PA,15237
3458,1155 Washington Pike,Bridgeville,PA,15017
3459,12911 Frankstown  Road,Pittsburgh,PA,15235
3460,3038 Chartiers Avenue,Pittsburgh,PA,15204
3461,1810 Dormont Avenue,Pittsburgh,PA,15216
3462,5738 Forbes Ave,Pittsburgh,PA,15217
3463,345 Kane Boulevard,Pittsburgh,PA,15243
3464,345 Kane Boulevard,Pittsburgh,PA,15243
3465,2840 South Park Road,Bethel Park,PA,15102
3466,2600 Skyline Dr,West Mifflin,PA,15122
3467,2612 Liberty Way,Mc Keesport,PA,15133
3468,4508 Liberty Avenue,Pittsburgh,PA,15224
3469,2904 5th Ave,Mc Keesport,PA,15131
3470,2400 Smallman Street,Pittsburgh,PA,15222
3471,1901 Penn Avenue,Pittsburgh,PA,15222
3472,1707 Carson Street,Pittsburgh,PA,15203
3473,12061 Perry Highway,Wexford,PA,15090
3474,1717 Carson Street,Pittsburgh,PA,15203
3475,1935 Settlers Ridge Center Drive,Pittsburgh,PA,15205
3476,6425 Penn Avenue,Pittsburgh,PA,15206
3477,401 Home  Drive,Pittsburgh,PA,15275
3478,3035 Washington Pike,Bridgeville,PA,15017
3479,4840 McKnight Road,Pittsburgh,PA,15237
3480,1027 Penn  Avenue,Pittsburgh,PA,15222
3481,5833 Forbes Ave,Pittsburgh,PA,15217
3482,501 Grant  Street,Pittsburgh,PA,15219
3483,506 Liberty Ave,Pittsburgh,PA,15222
3484,3444 Forbes Ave,Pittsburgh,PA,15213
3485,1337 Old Freeport Road,Pittsburgh,PA,15238
3486,3889 Brighton  Road,Pittsburgh,PA,15212
3487,110 Smithfield Street,Pittsburgh,PA,15222
3488,4306 Willow Heath Dr,Pittsburgh,PA,15234
3489,7 Parkway Center Drive,Pittsburgh,PA,15220
3490,5541 Walnut St,Pittsburgh,PA,15232
3491,1435 Potomac  Avenue,Pittsburgh,PA,15216
3492,7194 Steubenville Pike,Oakdale,PA,15071
3493,3100 Versailles Ave,Mc Keesport,PA,15132
3494,7375 McKnight Rd,Pittsburgh,PA,15237
3495,1800 Park Manor Boulevard,Pittsburgh,PA,15205
3496,3700 Wm Penn Hwy,Monroeville,PA,15146
3497,1155 Washington Pike Sp 12,Bridgeville,PA,15017
3498,513 Clairton Blvd,Pittsburgh,PA,15236
3499,133 Pittsburgh Mills Circle,Tarentum,PA,15084
3500,3116 Liberty Way,Mc Keesport,PA,15133
3501,42 18th Street,Pittsburgh,PA,15222
3502,4748 Liberty Ave,Pittsburgh,PA,15224
3503,227 6th Street,Mc Keesport,PA,15132
3504,1 Isabella Street,Pittsburgh,PA,15223
3505,901 Main St,Pittsburgh,PA,15215
3506,2200 Babcock  Boulevard,Pittsburgh,PA,15237
3507,955 Liberty  Avenue,Pittsburgh,PA,15222
3508,1621 Braddock  Avenue,Pittsburgh,PA,15218
3509,3399 Industrial  Boulevard,Bethel Park,PA,15102
3510,600 8th St,Glassport,PA,15045
3511,915 Mt Royal Blvd,Pittsburgh,PA,15223
3512,4814 Buttermilk Hollow Rd,West Mifflin,PA,15122
3513,6491 Robinson Center Drive,Pittsburgh,PA,15205
3514,226 W Station Sq / Bessemer,Pittsburgh,PA,15219
3515,5677 Hobart St,Pittsburgh,PA,15217
3516,5677 Hobart St,Pittsburgh,PA,15217
3517,300 Pittsburgh Mills Circle,Tarentum,PA,15084
3518,7179 Saltsburg Rd,Pittsburgh,PA,15235
3519,502 Broadway Avenue,Pitcairn,PA,15140
3520,2900 Freeport Road,Springdale,PA,15144
3521,115 Center New Texas Rd,Pittsburgh,PA,15239
3522,250 Aster Dr,Pittsburgh,PA,15235
3523,2001 Wyandotte St,Pittsburgh,PA,15219
3524,3226 Jane St,Pittsburgh,PA,15203
3525,5950 Wm Flynn Highway,Bakerstown,PA,15007
3526,5533 Walnut Street,Pittsburgh,PA,15232
3527,112 Westinghouse  Avenue,Wilmerding,PA,15148
3528,1900 Woodville Avenue,Pittsburgh,PA,15220
3529,2215 Route 837,West Elizabeth,PA,15088
3530,618 California Ave,Pittsburgh,PA,15202
3531,1011 Brookline Boulevard,Pittsburgh,PA,15226
3532,203 Washington Ave,Dravosburg,PA,15034
3533,222 3rd Avenue,Carnegie,PA,15106
3534,1573 McFarland  Road,Pittsburgh,PA,15216
3535,2614 Penn Avenue,Pittsburgh,PA,15222
3536,5701 Bryant St,Pittsburgh,PA,15206
3537,11356 Perry Highway,Wexford,PA,15090
3538,4800 2nd  Avenue,Pittsburgh,PA,15207
3539,1200 Federal Street,Pittsburgh,PA,15212
3540,655 Broadway Avenue,Mc Kees Rocks,PA,15136
3541,656 Broadway Avenue,Mc Kees Rocks,PA,15136
3542,2721 Brownsville Road,Pittsburgh,PA,15227
3543,2005 Wyandotte St,Pittsburgh,PA,15219
3544,1801 Dormont Avenue,Pittsburgh,PA,15216
3545,3400 Suite 5 South Park  Road,Bethel Park,PA,15102
3546,107 2nd Avenue,Elizabeth,PA,15037
3547,5225 N Pennsylvania Ave,Bethel Park,PA,15102
3548,4432 Greensprings  Avenue,West Mifflin,PA,15122
3549,5476 Steubenville Pike,Mc Kees Rocks,PA,15136
3550,4025 Alpha  Drive,Allison Park,PA,15101
3551,4961 Wm Flynn Hwy,Gibsonia,PA,15044
3552,203 Grant Avenue,Pittsburgh,PA,15209
3553,225 Station Square Dr,Pittsburgh,PA,15219
3554,1000 Infinity Dr Ste 120,Monroeville,PA,15146
3555,1107 Lincoln  Highway,North Versailles,PA,15137
3556,200 Loews Street,North Versailles,PA,15137
3557,200 Mt Oliver St,Pittsburgh,PA,15210
3558,4521 Centre Ave,Pittsburgh,PA,15213
3559,4706 Wm Flynn Highway,Allison Park,PA,15101
3560,715 Mercer  Street,Pittsburgh,PA,15219
3561,715 Mercer Street,Pittsburgh,PA,15219
3562,300 Washington St,Leetsdale,PA,15056
3563,4900 Penn Avenue,Pittsburgh,PA,15224
3564,5844 Forward Ave,Pittsburgh,PA,15217
3565,214 Craig Street,Pittsburgh,PA,15213
3566,908 Evans Avenue,Mc Keesport,PA,15132
3567,908 Evans Avenue,Mc Keesport,PA,15132
3568,9797 McKnight Rd,Pittsburgh,PA,15237
3569,6190 Steubenville Pike,Mc Kees Rocks,PA,15136
3570,101 7th  Avenue,Homestead,PA,15120
3571,307 Kennedy  Avenue,Duquesne,PA,15110
3572,534 Shelbourne  Avenue,Pittsburgh,PA,15221
3573,534 Shelbourne Avenue,Pittsburgh,PA,15221
3574,2209 Murray Ave,Pittsburgh,PA,15217
3575,3821 Willow  Avenue,Pittsburgh,PA,15234
3576,2547 Brandt School Rd,Wexford,PA,15090
3577,108 43rd Street,Pittsburgh,PA,15201
3578,70 Abele Road Ste 1207,Bridgeville,PA,15017
3579,1016 Duquesne Blvd,Duquesne,PA,15110
3580,1063 Morewood Ave,Pittsburgh,PA,15213
3581,211 North Ave,East Pittsburgh,PA,15112
3582,224 Wall Ave,Wilmerding,PA,15148
3583,2740 Saw Mill Run Boulevard,Pittsburgh,PA,15227
3584,132 S 24th St,Pittsburgh,PA,15203
3585,146 Main Street,Carnegie,PA,15106
3586,1207 Carson Street,Pittsburgh,PA,15203
3587,3229 Liberty Avenue,Pittsburgh,PA,15216
3588,6901 Lynn Way,Pittsburgh,PA,15206
3589,120 5th Ave,Pittsburgh,PA,15222
3590,705 Liberty Avenue,Pittsburgh,PA,15222
3591,422 Wood Street,Pittsburgh,PA,15222
3592,16 Southern Ave,Pittsburgh,PA,15211
3593,1011 Sharpshill Rd,Pittsburgh,PA,15215
3594,2000 Smallman Street,Pittsburgh,PA,15222
3595,412 Mulberry St,Coraopolis,PA,15108
3596,1701 Babcock Boulevard,Pittsburgh,PA,15209
3597,5999 Baptist Rd,Pittsburgh,PA,15236
3598,400 Kelly Ave,Pittsburgh,PA,15221
3599,1130 Perry Hwy,Pittsburgh,PA,15237
3600,100 24th Street,Pittsburgh,PA,15222
3601,6012 Centre Ave,Pittsburgh,PA,15232
3602,285 45th St,Pittsburgh,PA,15201
3603,216 Beltzhoover Ave,Pittsburgh,PA,15210
3604,1 Fairhaven Rd,Mc Kees Rocks,PA,15136
3605,1404 5th Ave,Pittsburgh,PA,15219
3606,4800 Kennywood Boulevard,West Mifflin,PA,15122
3607,4800 Kennywood Boulevard,West Mifflin,PA,15122
3608,4800 Kennywood Boulevard,West Mifflin,PA,15122
3609,4800 Kennywood Boulevard,West Mifflin,PA,15122
3610,4800 Kennywood Boulevard,West Mifflin,PA,15122
3611,4800 Kennywood Boulevard,West Mifflin,PA,15122
3612,4800 Kennywood Boulevard,West Mifflin,PA,15122
3613,4800 Kennywood Boulevard,West Mifflin,PA,15122
3614,4800 Kennywood Boulevard,West Mifflin,PA,15122
3615,4800 Kennywood Boulevard,West Mifflin,PA,15122
3616,4800 Kennywood Boulevard,West Mifflin,PA,15122
3617,4800 Kennywood  Boulevard,West Mifflin,PA,15122
3618,4800 Kennywood Boulevard,West Mifflin,PA,15122
3619,4800 Kennywood Boulevard,West Mifflin,PA,15122
3620,4800 Kennywood Boulevard,West Mifflin,PA,15122
3621,4800 Kennywood Boulevard,West Mifflin,PA,15122
3622,4800 Kennywood Boulevard,West Mifflin,PA,15122
3623,4800 Kennywood Boulevard,West Mifflin,PA,15122
3624,4800 Kennywood Boulevard,West Mifflin,PA,15122
3625,4800 Kennywood Boulevard,West Mifflin,PA,15122
3626,4800 Kennywood Boulevard,West Mifflin,PA,15122
3627,4800 Kennywood Boulevard,West Mifflin,PA,15122
3628,4800 Kennywood Boulevard,West Mifflin,PA,15122
3629,4800 Kennywood Boulevard,West Mifflin,PA,15122
3630,4800 Kennywood Boulevard,West Mifflin,PA,15122
3631,4800 Kennywood Boulevard,West Mifflin,PA,15122
3632,4800 Kennywood Boulevard,West Mifflin,PA,15122
3633,4800 Kennywood Boulevard,West Mifflin,PA,15122
3634,4800 Kennywood Boulevard,West Mifflin,PA,15122
3635,4800 Kennywood Boulevard,West Mifflin,PA,15122
3636,4800 Kennywood Boulevard,West Mifflin,PA,15122
3637,4800 Kennywood Boulevard,West Mifflin,PA,15122
3638,4800 Kennywood Boulevard,West Mifflin,PA,15122
3639,4800 Kennywood Boulevard,West Mifflin,PA,15122
3640,4800 Kennywood Boulevard,West Mifflin,PA,15122
3641,5701 5th Ave,Pittsburgh,PA,15232
3642,4673 Wm Flynn Hwy,Allison Park,PA,15101
3643,6901 University Blvd,Coraopolis,PA,15108
3644,5130 Clairton Blvd,Pittsburgh,PA,15236
3645,5153 Library  Road,Bethel Park,PA,15102
3646,1100 Brownsville Rd,Pittsburgh,PA,15210
3647,222 W 8th Av,Homestead,PA,15120
3648,640 Long Run Rd,Mc Keesport,PA,15132
3649,4306 Ohio River  Boulevard,Pittsburgh,PA,15202
3650,1 Landings  Drive,Pittsburgh,PA,15238
3651,804 West View Park Dr,Pittsburgh,PA,15229
3652,278 Yost Blvd,Pittsburgh,PA,15221
3653,3770 Wm Penn Hwy,Monroeville,PA,15146
3654,4915 Baum  Boulevard,Pittsburgh,PA,15213
3655,210 Rodi Road,Pittsburgh,PA,15235
3656,509 Penn Ave,Pittsburgh,PA,15221
3657,341 Kittanning Pike,Pittsburgh,PA,15215
3658,4415 5th Ave,Pittsburgh,PA,15213
3659,3000 Ericsson Drive,Warrendale,PA,15086
3660,827 Linden Avenue,East Pittsburgh,PA,15112
3661,655 Braddock Ave,East Pittsburgh,PA,15112
3662,1000 Kelton Ave,Pittsburgh,PA,15216
3663,1002 Kelton Ave,Pittsburgh,PA,15216
3664,4755-57 Baum Blvd,Pittsburgh,PA,15213
3665,1130 Perry Highway #26,Pittsburgh,PA,15237
3666,4326 Butler Street,Pittsburgh,PA,15201
3667,3169 Washington Pike,Bridgeville,PA,15017
3668,140 Swinderman  Road,Wexford,PA,15090
3669,1200 Swiss Way,Elizabeth,PA,15037
3670,134 4th Avenue,Tarentum,PA,15084
3671,500 Alden Road,Pittsburgh,PA,15216
3672,2225 Greentree Road,Pittsburgh,PA,15220
3673,812 Oak Street,West Mifflin,PA,15122
3674,804 Millers Run Road,Cecil,PA,15321
3675,2859 Freeport Road,Natrona Heights,PA,15065
3676,113 Aiken Ave,Pittsburgh,PA,15206
3677,4223 Murray Ave,Pittsburgh,PA,15217
3678,225 W Station Sq Dr,Pittsburgh,PA,15219
3679,531 Freeport Road,Creighton,PA,15030
3680,820 Broadway Avenue,Mc Kees Rocks,PA,15136
3681,801 Negley Avenue,Pittsburgh,PA,15206
3682,900 Park Ave,Pittsburgh,PA,15234
3683,400 Abers Creek Rd,Pittsburgh,PA,15239
3684,106 Vip Dr,Wexford,PA,15090
3685,600 Grant St / USX Concours,Pittsburgh,PA,15219
3686,100 Grant  Drive,Coraopolis,PA,15108
3687,201 Twin Oak Dr,Pittsburgh,PA,15235
3688,5000 Cheryl Dr,Pittsburgh,PA,15237
3689,700 Commerce Dr,Coraopolis,PA,15108
3690,2901 Ridge Rd,Library,PA,15129
3691,1040 Clifton Rd,Bethel Park,PA,15102
3692,2630 Pitcairn Rd,Monroeville,PA,15146
3693,1610 Highland Rd,Pittsburgh,PA,15228
3694,7777 Steubenville Pike,Oakdale,PA,15071
3695,160 Brownsville Road,Pittsburgh,PA,15210
3696,538 Hickory Grade Road,Bridgeville,PA,15017
3697,1820 Lincoln Highway,North Versailles,PA,15137
3698,4300 Northern  Pike,Monroeville,PA,15146
3699,950 Presque Isle Drive,Pittsburgh,PA,15239
3700,155 McMurray Road,Pittsburgh,PA,15241
3701,3049 Washington Pike,Bridgeville,PA,15017
3702,2100 Old Washington Pike,Carnegie,PA,15106
3703,105 VIP Drive,Wexford,PA,15090
3704,5 Alpha Drive,Pittsburgh,PA,15238
3705,112 Northtowne Square,Gibsonia,PA,15044
3706,500 Market Place Drive,Oakdale,PA,15071
3707,5800 Grand Avenue,Pittsburgh,PA,15225
3708,6435 Frankstown Ave,Pittsburgh,PA,15206
3709,1136  Thorn Run Rd Ext,Coraopolis,PA,15108
3710,1136 Thorn Run Rd / Ext A-2,Coraopolis,PA,15108
3711,344 N Sheridan Ave,Pittsburgh,PA,15206
3712,924 Presque Isle  Drive,Pittsburgh,PA,15239
3713,134 Pittsburgh Mills Circle,Tarentum,PA,15084
3714,&nbsp; Wetzel Rd,Glenshaw,PA,15116
3715,6506 University Blvd,Coraopolis,PA,15108
3716,2801 Penn Avenue,Pittsburgh,PA,15222
3717,1025 Washington Pike,Bridgeville,PA,15017
3718,996 West View Park Dr,Pittsburgh,PA,15229
3719,7900 McKnight Rd,Pittsburgh,PA,15237
3720,880 Butler St,Pittsburgh,PA,15223
3721,1901 Lincoln Hwy,North Versailles,PA,15137
3722,120 Mall Blvd,Monroeville,PA,15146
3723,825 Beaver Grade Rd,Coraopolis,PA,15108
3724,3005 Babcock Blvd,Pittsburgh,PA,15237
3725,144  Deer Creek Valley Road,Tarentum,PA,15084
3726,450 Lincoln Ave,Pittsburgh,PA,15202
3727,1439 Potomac  Avenue,Pittsburgh,PA,15216
3728,146 Three Degree Road,Pittsburgh,PA,15237
3729,114 East St /  Mall Plaza,Carnegie,PA,15106
3730,208 Parkway View Drive,Pittsburgh,PA,15205
3731,2934 Industrial  Boulevard,Bethel Park,PA,15102
3732,2934 Industrial  Boulevard,Bethel Park,PA,15102
3733,2934 Industrial Boulevard,Bethel Park,PA,15102
3734,2934 Industrial Boulevard,Bethel Park,PA,15102
3735,102 Eagle Pointe,New Eagle,PA,15067
3736,8130 Perry Hwy,Pittsburgh,PA,15237
3737,1300 Wildwood Rd,Gibsonia,PA,15044
3738,303 Pearce Mill Road,Allison Park,PA,15101
3739,80 S 12th St,Pittsburgh,PA,15203
3740,414 Semple St,Pittsburgh,PA,15213
3741,4 Bower Hill Rd,Pittsburgh,PA,15228
3742,363 Coraopolis Road,Coraopolis,PA,15108
3743,312 6th Avenue,Tarentum,PA,15084
3744,2240 Babcock Blvd,Pittsburgh,PA,15237
3745,2650 California,Pittsburgh,PA,15212
3746,628 Garfield Street,Springdale,PA,15144
3747,2733 South Park Road,Bethel Park,PA,15102
3748,4801 McKnight Road,Pittsburgh,PA,15237
3749,700 Beulah Rd,Turtle Creek,PA,15145
3750,2412 Ferguson  Road,Allison Park,PA,15101
3751,1130 Highwood St,Pittsburgh,PA,15212
3752,745 Ingomar  Road,Ingomar,PA,15127
3753,661 Lincoln Ave,Pittsburgh,PA,15202
3754,4801 McKnight Rd,Pittsburgh,PA,15237
3755,3125 Banksville Road,Pittsburgh,PA,15216
3756,825 Beaver Grade Rd,Coraopolis,PA,15108
3757,103 River Road,Natrona Heights,PA,15065
3758,212 10th Street,Pittsburgh,PA,15222
3759,152 McGovern Blvd,Glenwillard,PA,15046
3760,400 Allegheny River Boulevard,Oakmont,PA,15139
3761,4235 3rd St,Mc Keesport,PA,15132
3762,511 Larimer Ave,Pittsburgh,PA,15206
3763,274 Iron Bridge Road,Kittanning,PA,16201
3764,601 Lincoln Ave,Pittsburgh,PA,15206
3765,617 Lincoln Ave,Pittsburgh,PA,15202
3766,4100 Wm Penn (Suite #43) Highway,Monroeville,PA,15146
3767,1155 Washington Pike,Bridgeville,PA,15017
3768,6425 Penn  Avenue,Pittsburgh,PA,15206
3769,3459 5th Ave,Pittsburgh,PA,15213
3770,995 Greensburg Pk,East Pittsburgh,PA,15112
3771,452 Tower Road,Pittsburgh,PA,15231
3772,4397 Old Wm Penn Hwy,Monroeville,PA,15146
3773,609 Washington  Avenue,Bridgeville,PA,15017
3774,1041 Freeport Rd,Pittsburgh,PA,15238
3775,5213 Columbo Street,Pittsburgh,PA,15224
3776,1756 Greensburg  Pike,North Versailles,PA,15137
3777,2312 Main  Street,Pittsburgh,PA,15215
3778,4 Market  Square,Pittsburgh,PA,15222
3779,4605 Butler Street,Pittsburgh,PA,15201
3780,300 Cochran Rd,Pittsburgh,PA,15228
3781,2312 Main Street,Pittsburgh,PA,15215
3782,835 Pittsburgh Street,Springdale,PA,15144
3783,1100 Canal Street,Pittsburgh,PA,15215
3784,1925 E Carson Street,Pittsburgh,PA,15203
3785,&nbsp; 7th &amp; Penn  Avenue,Pittsburgh,PA,15222
3786,6233 Saltsburg Rd,Pittsburgh,PA,15235
3787,268 Freeport Road,Pittsburgh,PA,15238
3788,100 South Commons,Pittsburgh,PA,15212
3789,205 21st Street,Pittsburgh,PA,15222
3790,1500 Chateau Street,Pittsburgh,PA,15233
3791,4859 McKnight Road,Pittsburgh,PA,15237
3792,9000 Babcock Boulevard,Pittsburgh,PA,15237
3793,9000 Babcock Blvd,Pittsburgh,PA,15237
3794,9000 Babcock Blvd,Pittsburgh,PA,15237
3795,1 Boggs  Avenue,Pittsburgh,PA,15211
3796,4578 Gibsonia Road,Gibsonia,PA,15044
3797,263 West Kensinger Drive,Cranberry Township,PA,16066
3798,1727 Penn Avenue,Pittsburgh,PA,15222
3799,605 Freeport Rd,Pittsburgh,PA,15215
3800,516 Pittsburgh Street,Springdale,PA,15144
3801,7904 Frankstown Ave,Pittsburgh,PA,15221
3802,1419 6th Street,Natrona Heights,PA,15065
3803,301 S Main St,Pittsburgh,PA,15215
3804,2010 Eden Park Boulevard,Mc Keesport,PA,15132
3805,350 Seco Road,Monroeville,PA,15146
3806,340 8th  Avenue,Homestead,PA,15120
3807,3286 Babcock Blvd,Pittsburgh,PA,15237
3808,1344 Clairton  Boulevard,Clairton,PA,15025
3809,410 Semple Street,Pittsburgh,PA,15213
3810,3401 Walnut St,Mc Keesport,PA,15132
3811,2558 Glenwood Drive,Wexford,PA,15090
3812,700 Brookline Blvd,Pittsburgh,PA,15226
3813,2056 Broadway  Avenue,Pittsburgh,PA,15216
3814,326 Atwood Street,Pittsburgh,PA,15213
3815,21 Market Square,Pittsburgh,PA,15222
3816,7715 McKnight Rd,Pittsburgh,PA,15237
3817,164 Freeport Road,Pittsburgh,PA,15238
3818,4426 Kennywood Blvd,West Mifflin,PA,15122
3819,1778 Highland Avenue,Pittsburgh,PA,15241
3820,4590 Campbells Run Road,Pittsburgh,PA,15205
3821,1220 Powers Run  Road,Pittsburgh,PA,15238
3822,150 Quinn Drive,Pittsburgh,PA,15275
3823,164 Pittsburgh Mills Circle,Tarentum,PA,15084
3824,120 5th Ave,Pittsburgh,PA,15219
3825,2204 E Carson St,Pittsburgh,PA,15203
3826,4600 Butler  Street,Pittsburgh,PA,15201
3827,4201 Penn Avenue,Pittsburgh,PA,15224
3828,109 Capital Ave,Pittsburgh,PA,15226
3829,731 Copeland St,Pittsburgh,PA,15232
3830,2004 Carson Street,Pittsburgh,PA,15203
3831,2909 Mt Royal  Boulevard,Glenshaw,PA,15116
3832,5482 Penn Ave,Pittsburgh,PA,15206
3833,1114 Grandview Ave,Pittsburgh,PA,15211
3834,2200 Penn Avenue,Pittsburgh,PA,15222
3835,635 Hillsboro Street,Pittsburgh,PA,15204
3836,300 Mt Lebanon  Boulevard,Pittsburgh,PA,15234
3837,632 Washington Rd,Pittsburgh,PA,15228
3838,134 Steuben Street,Pittsburgh,PA,15220
3839,1100 Heberton Street,Pittsburgh,PA,15206
3840,1100 Heberton Street,Pittsburgh,PA,15206
3841,428 Brownsville Rd,Pittsburgh,PA,15210
3842,2116 E Carson St,Pittsburgh,PA,15203
3843,455 Penn Lincoln Drive,Imperial,PA,15126
3844,242 51st Street,Pittsburgh,PA,15201
3845,2021 Penn Avenue,Pittsburgh,PA,15222
3846,914 Brownsville Rd,Pittsburgh,PA,15210
3847,500 E North Avenue,Pittsburgh,PA,15212
3848,2813  Capital St,Mc Keesport,PA,15131
3849,214 Craig Street,Pittsburgh,PA,15213
3850,5840 Buttermilk Hollow Road,Pittsburgh,PA,15207
3851,5840 Buttermilk Hollow Road,Pittsburgh,PA,15207
3852,311 Unity Center  Road,Pittsburgh,PA,15239
3853,141 Amsterdam Road,Grove City,PA,16127
3854,5317 Brightwood  Road,Bethel Park,PA,15102
3855,400 Arlington Street,Sturgeon,PA,15082
3856,4118 Bakerstown-Culmerville Road,Gibsonia,PA,15044
3857,823 Warrington Avenue,Pittsburgh,PA,15210
3858,823 Warrington Avenue,Pittsburgh,PA,15210
3859,774 Penn  Avenue,Pittsburgh,PA,15221
3860,774 Penn Avenue,Pittsburgh,PA,15206
3861,121 Hulton Road,Verona,PA,15147
3862,4039 Monroeville Blvd,Monroeville,PA,15146
3863,112 Northgate Drive,Warrendale,PA,15086
3864,396 Tyler  Avenue,Washington,PA,15301
3865,713 Plum Street,Oakmont,PA,15139
3866,1502 E Carson St,Pittsburgh,PA,15203
3867,A-13 Monroeville  Mall,Monroeville,PA,15146
3868,1033 Paxton  Drive,Bethel Park,PA,15102
3869,3138 Dobson Street,Pittsburgh,PA,15219
3870,477 Melwood Street,Pittsburgh,PA,15213
3871,128 Highland  Avenue,Pittsburgh,PA,15206
3872,501 Penn Avenue,Pittsburgh,PA,15221
3873,5173 Spangler St,Pittsburgh,PA,15236
3874,2701 C St,Mc Keesport,PA,15133
3875,3701 Greensprings  Avenue,West Mifflin,PA,15122
3876,2814 Liberty  Way,Mc Keesport,PA,15133
3877,601 Filbert St,Pittsburgh,PA,15232
3878,602 Liberty Avenue,Pittsburgh,PA,15222
3879,2615 Liberty  Way,Mc Keesport,PA,15133
3880,920 Irwin Run Road,West Mifflin,PA,15122
3881,920 Irwin Run Road,West Mifflin,PA,15122
3882,6495 2nd  Ave,Library,PA,15129
3883,6365 Library Road,Library,PA,15129
3884,6581 Library Rd,Library,PA,15129
3885,1400 Smallman Street,Pittsburgh,PA,15222
3886,100 Bayer Road,Pittsburgh,PA,15205
3887,2380 McGinley Road,Monroeville,PA,15146
3888,225 Penn Avenue,Pittsburgh,PA,15221
3889,3 Allegheny Center,Pittsburgh,PA,15212
3890,875 Greentree Road / Building #1,Pittsburgh,PA,15220
3891,130 Chartiers Avenue,Mc Kees Rocks,PA,15136
3892,1200 Reedsdale St Rear / Ste 4,Pittsburgh,PA,15233
3893,1105 Bower Hill Rd,Pittsburgh,PA,15243
3894,1323 Forbes Ave,Pittsburgh,PA,15219
3895,540 Penn Lincoln Drive,Imperial,PA,15126
3896,320 Brownsville Rd,Pittsburgh,PA,15210
3897,300 Lincoln Ave,Carnegie,PA,15106
3898,308 E 8th Ave,Homestead,PA,15120
3899,5151 Park Ave,Bethel Park,PA,15102
3900,601 McMillen Street,Bridgeville,PA,15017
3901,4313 Walnut Street,Mc Keesport,PA,15132
3902,530 Miller Ave,Clairton,PA,15025
3903,535 E Ohio St,Pittsburgh,PA,15212
3904,816 Tripoli St,Pittsburgh,PA,15212
3905,11630 Frankstown Road,Pittsburgh,PA,15235
3906,2018 Carson Street,Pittsburgh,PA,15203
3907,5560 Wm Flynn Hwy,Gibsonia,PA,15044
3908,543 Lincoln Ave,Pittsburgh,PA,15202
3909,2 Ralston Pl,Pittsburgh,PA,15216
3910,7300 Ridgeview  Avenue,Pittsburgh,PA,15235
3911,7300 Ridgeview Avenue,Pittsburgh,PA,15235
3912,232 North Avenue,Pittsburgh,PA,15209
3913,1963 Lincoln Way,Mc Keesport,PA,15131
3914,947 Western Avenue,Pittsburgh,PA,15233
3915,4619 Liberty Avenue,Pittsburgh,PA,15224
3916,3100 Brownlee Street,Mc Keesport,PA,15132
3917,674 Millers Run  Road,Cuddy,PA,15031
3918,1286 U.S. Route 30,Clinton,PA,15026
3919,301 Craig Street,Pittsburgh,PA,15213
3920,1906 Penn Avenue,Pittsburgh,PA,15222
3921,1705 Maple Street,Homestead,PA,15120
3922,4210 Main Street,Pittsburgh,PA,15224
3923,4210 Main Street,Pittsburgh,PA,15224
3924,4210 Main Street,Pittsburgh,PA,15224
3925,809 West View Park Dr,Pittsburgh,PA,15229
3926,1800 Golden Mile  Highway,Pittsburgh,PA,15239
3927,5430 Centre  Avenue,Pittsburgh,PA,15232
3928,2973 Liberty Avenue,Pittsburgh,PA,15216
3929,4960 William Flynn Highway,Allison Park,PA,15101
3930,1309 Pittsburgh Street,Cheswick,PA,15024
3931,1880 Heights Plaza,Natrona Heights,PA,15065
3932,1160 Washington Avenue,Carnegie,PA,15106
3933,1985 Lincoln Way,Mc Keesport,PA,15131
3934,1742 Greensburg Ave,North Versailles,PA,15137
3935,&nbsp; Caste Village Shopping Ctr #140,Pittsburgh,PA,15236
3936,250 Mt Lebanon Boulevard,Pittsburgh,PA,15234
3937,1025 Washington Pike,Bridgeville,PA,15017
3938,525 Center Street,Carnegie,PA,15106
3939,303 Beverly  Road,Pittsburgh,PA,15216
3940,216 N Craig St,Pittsburgh,PA,15213
3941,636 Washington Rd,Pittsburgh,PA,15228
3942,2122 E Carson St,Pittsburgh,PA,15203
3943,4917 Friendship Ave,Pittsburgh,PA,15224
3944,2312 Main Street,Pittsburgh,PA,15215
3945,5892 Ellsworth  Avenue,Pittsburgh,PA,15232
3946,1207 Washington Rd,Pittsburgh,PA,15228
3947,213 Bailey  Avenue,Pittsburgh,PA,15211
3948,550 Miller Ave,Clairton,PA,15025
3949,1934 Harper St,Mc Keesport,PA,15135
3950,326 Monongahela Avenue,Glassport,PA,15045
3951,106 Whitaker Way,Homestead,PA,15120
3952,203 Whitaker  Street,Homestead,PA,15120
3953,809 5th Ave,Coraopolis,PA,15108
3954,1153 Freeport Road,Pittsburgh,PA,15238
3955,10600 Perry Hwy,Wexford,PA,15090
3956,1513 Carson Street,Pittsburgh,PA,15203
3957,120 Federal  Street,Pittsburgh,PA,15212
3958,905 Mifflin Avenue,Pittsburgh,PA,15221
3959,301 Craig  Street,Pittsburgh,PA,15213
3960,1001 Summit Ave,New Kensington,PA,15068
3961,101 6th St,Glassport,PA,15045
3962,5397 Brightwood Rd,Bethel Park,PA,15102
3963,1100 Galveston Avenue,Pittsburgh,PA,15233
3964,4786 Liberty Ave,Pittsburgh,PA,15224
3965,1408 Potomac  Avenue,Pittsburgh,PA,15216
3966,6111 Mountain View  Drive,West Mifflin,PA,15122
3967,2100 Washington Avenue,Carnegie,PA,15106
3968,300 Rodi Road,Pittsburgh,PA,15235
3969,2220 Lebanon Church Rd,West Mifflin,PA,15122
3970,201 Hoffman Boulevard,Duquesne,PA,15110
3971,410 W Waterfront Dr,Homestead,PA,15120
3972,1000 Pittsburgh Mills Boulevard,Tarentum,PA,15084
3973,200 Robinson Center Drive,Pittsburgh,PA,15205
3974,9150 Covenant  Avenue,Pittsburgh,PA,15237
3975,400 Longue Vue Dr,Verona,PA,15147
3976,400 Long Vue Drive,Verona,PA,15147
3977,500 Cox Comb Hill,Verona,PA,15147
3978,5185 Brownsville Rd,Pittsburgh,PA,15236
3979,718 Lorenz Avenue,Pittsburgh,PA,15220
3980,1410 Mt Royal Blvd,Glenshaw,PA,15116
3981,2775 Mosside Boulevard,Monroeville,PA,15146
3982,9100 Babcock Boulevard,Pittsburgh,PA,15237
3983,4108 Penn Avenue,Pittsburgh,PA,15224
3984,11566 Perry Highway,Wexford,PA,15090
3985,11555 Frankstown  Road,Pittsburgh,PA,15235
3986,654 Division St,Wilmerding,PA,15148
3987,4617 Liberty Ave,Pittsburgh,PA,15224
3988,1649 Penn Avenue,Pittsburgh,PA,15222
3989,401 Lincoln Hwy,North Versailles,PA,15137
3990,4924 Liberty Ave,Pittsburgh,PA,15224
3991,2373 Saxonburg Boulevard,Cheswick,PA,15024
3992,999 Steen Road / Trader Jacks Flea Market,Presto,PA,15142
3993,7101 Frankstown Ave,Pittsburgh,PA,15208
3994,4343 Verona Road,Verona,PA,15147
3995,111 Hamilton Ave,Duquesne,PA,15110
3996,1300 Brinton Rd,Pittsburgh,PA,15221
3997,1800 Golden Mile  Highway,Pittsburgh,PA,15239
3998,229 Atwood  Street,Pittsburgh,PA,15213
3999,2002 Lincoln Boulevard,Elizabeth,PA,15037
4000,5474 Campbells Run  Road,Pittsburgh,PA,15205
