1,100 5th Avenue,Pittsburgh,PA,15222
2,3750 Saw Mill Run Boulevard,Pittsburgh,PA,15227
3,320 Guys Run Road,Pittsburgh,PA,15238
4,201 Caldwell Avenue,Wilmerding,PA,15148
5,227 Bonvue Street,Pittsburgh,PA,15214
6,353 9th Avenue,Tarentum,PA,15084
7,210 10th Street,Pittsburgh,PA,15222
8,8 Market  Street,Pittsburgh,PA,15222
9,355 Lincoln Hwy,North Versailles,PA,15137
10,307 Shiloh St,Pittsburgh,PA,15211
11,601 Washington Ave,Carnegie,PA,15106
12,533 Brookline Blvd,Pittsburgh,PA,15226
13,5 Hot Metal St,Pittsburgh,PA,15203
14,814 Madison Ave,Pittsburgh,PA,15212
15,6401 Penn Ave,Pittsburgh,PA,15206
16,4520 Wm Penn Hwy,Monroeville,PA,15146
17,744 Brookline Blvd,Pittsburgh,PA,15226
18,400 Longue Vue Dr,Verona,PA,15147
19,1311 E Carson St,Pittsburgh,PA,15203
20,1313 Kennedy  Avenue,Duquesne,PA,15110
21,1613 Brownsville Rd,Pittsburgh,PA,15210
22,733 Broadway Avenue,Mc Kees Rocks,PA,15136
23,733 Broadway Avenue,Mc Kees Rocks,PA,15136
24,10150 Kummer  Road,Allison Park,PA,15101
25,925 Franklin Ave,Pittsburgh,PA,15221
26,2126 Carson Street,Pittsburgh,PA,15203
27,2132 Carson Street,Pittsburgh,PA,15203
28,218 7th Avenue,Tarentum,PA,15084
29,225 5th Avenue,Pittsburgh,PA,15222
30,2002 Smallman Street,Pittsburgh,PA,15222
31,3420 Universal  Road,Pittsburgh,PA,15235
32,2512 Carson  Street,Pittsburgh,PA,15203
33,3604 5th Ave,Pittsburgh,PA,15213
34,6700 Saltsburg Road,Pittsburgh,PA,15235
35,6700 Saltsburg Road,Pittsburgh,PA,15235
36,1136 Thorn Run Road,Coraopolis,PA,15108
37,1103 Browsville Road,Pittsburgh,PA,15210
38,24 Frontier  Drive,Gibsonia,PA,15044
39,1020 Washington  Pike,Bridgeville,PA,15017
40,404 Braddock Ave,Braddock,PA,15104
41,4121 Main Street,Pittsburgh,PA,15224
42,424 Walnut St,Sewickley,PA,15143
43,9566 Perry Hwy,Pittsburgh,PA,15237
44,1100 Chartiers Avenue,Mc Kees Rocks,PA,15136
45,1100 Chartiers Avenue,Mc Kees Rocks,PA,15136
46,500 Grant  Street,Pittsburgh,PA,15219
47,4022 Saw Mill Run Blvd,Pittsburgh,PA,15227
48,525 Wm Penn  Place,Pittsburgh,PA,15219
49,601 52nd  Street,Pittsburgh,PA,15201
50,5801 Ellsworth  Avenue,Pittsburgh,PA,15232
51,320 Waddell Ave,Clairton,PA,15025
52,1110 Braddock Avenue,Pittsburgh,PA,15218
53,1839 Murray  Avenue,Pittsburgh,PA,15217
54,64 Bridge  Street,Pittsburgh,PA,15223
55,1 Bigelow  Square,Pittsburgh,PA,15219
56,643 Liberty Avenue,Pittsburgh,PA,15222
57,420 Smihfield  Street,Pittsburgh,PA,15222
58,525 Perry Highway,Pittsburgh,PA,15229
59,423 James  Street,Turtle Creek,PA,15145
60,22 Grant Avenue,Pittsburgh,PA,15223
61,7500 Grand  Avenue,Pittsburgh,PA,15225
62,987 Greentree Road,Pittsburgh,PA,15220
63,137 Clever Road,Mc Kees Rocks,PA,15136
64,6403 Brownsville Rd,Pittsburgh,PA,15236
65,3955 Forbes  Avenue,Pittsburgh,PA,15213
66,850 Boyce Road,Bridgeville,PA,15017
67,740 W Ingomar Rd,Pittsburgh,PA,15237
68,285 Mt Lebanon  Boulevard,Pittsburgh,PA,15234
69,1005 Western Ave,Pittsburgh,PA,15233
70,601 Penn Avenue,Pittsburgh,PA,15222
71,95 Warrendale Bayne Rd,Warrendale,PA,15086
72,429 Wood Street,Pittsburgh,PA,15222
73,608 5th Street,West Elizabeth,PA,15088
74,1101 Brookline  Boulevard,Pittsburgh,PA,15226
75,818 Duquesne Boulevard,Duquesne,PA,15110
76,321 Camp Hollow Rd,West Mifflin,PA,15122
77,1350 Wildwood Rd,Gibsonia,PA,15044
78,3915 Wm Flynn Highway,Aliquippa,PA,15001
79,999 Greentree Road,Pittsburgh,PA,15220
80,10 Prospect Avenue,Pittsburgh,PA,15205
81,1400 Radford  Road,Pittsburgh,PA,15227
82,7232 Hamilton  Avenue,Pittsburgh,PA,15208
83,77 Hot Metal  St,Pittsburgh,PA,15203
84,5815 Library Road,Bethel Park,PA,15102
85,626 Cochran Mill Road,Pittsburgh,PA,15236
86,941 Liberty Avenue,Pittsburgh,PA,15222
87,1001 Washington Avenue,Carnegie,PA,15106
88,136 9th Street,Pittsburgh,PA,15222
89,2418 Freeport Road,Natrona Heights,PA,15065
90,4054 Turnwood  Lane,Coraopolis,PA,15108
91,105 Brownsville Rd,Pittsburgh,PA,15210
92,3459 Ward  Street,Pittsburgh,PA,15213
93,320 Coal St,Pittsburgh,PA,15221
94,5224 Penn Ave,Pittsburgh,PA,15224
95,300 Rankin Boulevard,Braddock,PA,15104
96,440 Presque Isle  Drive,Pittsburgh,PA,15239
97,514 Main Street,East Pittsburgh,PA,15112
98,902 Brackenridge Avenue,Brackenridge,PA,15014
99,910 Beaver Grade Road,Coraopolis,PA,15108
100,656 Washington  Rd,Pittsburgh,PA,15228
101,3004 Stayton St,Pittsburgh,PA,15212
102,2809 Brighton Rd,Pittsburgh,PA,15212
103,3511 Butler Street,Pittsburgh,PA,15201
104,3612 Wm Flynn Highway,Allison Park,PA,15101
105,4320 Penn Ave,Pittsburgh,PA,15224
106,9600 Babcock Blvd,Allison Park,PA,15101
107,34 Main  Street,Carnegie,PA,15106
108,1617 West St,Homestead,PA,15120
109,4054 Turnwood Ln,Coraopolis,PA,15108
110,1400 5th  Avenue,Pittsburgh,PA,15219
111,2 Sedgwick  Street,Pittsburgh,PA,15209
112,1630 Greentree Road,Pittsburgh,PA,15220
113,226 Meyran  Avenue,Pittsburgh,PA,15213
114,200 Highland Avenue,Pittsburgh,PA,15206
115,4401 Penn Avenue,Pittsburgh,PA,15201
116,621 E North Ave,Pittsburgh,PA,15212
117,100 S Jackson St,Pittsburgh,PA,15202
118,100 S Jackson St,Pittsburgh,PA,15202
119,1000 Higbee Drive,Bethel Park,PA,15102
120,41 Macek Dr,Pittsburgh,PA,15227
121,630 Washington Ave,Carnegie,PA,15106
122,734 Miller Ave,Clairton,PA,15025
123,519 Penn Ave / 3rd Fl,Turtle Creek,PA,15145
124,19 May Ave     #200,Mc Kees Rocks,PA,15136
125,2901 Brownlee Ave,Mc Keesport,PA,15132
126,901 Duquesne Place,Duquesne,PA,15110
127,1100 Washington Avenue,Carnegie,PA,15106
128,3203 Maryland  Avenue,North Versailles,PA,15137
129,207 3rd St,Elizabeth,PA,15037
130,800 Russellwood Avenue,Mc Kees Rocks,PA,15136
131,200 Linden Ave / 2nd Fl,Pittsburgh,PA,15215
132,500 Laurel Dr,Monroeville,PA,15146
133,428 Highland  Avenue,Pitcairn,PA,15140
134,361 Knoedler Road,Pittsburgh,PA,15236
135,511 Groveton Drive,Coraopolis,PA,15108
136,807 Wallace  Avenue,Pittsburgh,PA,15221
137,481 Center Rd,Monroeville,PA,15146
138,251 Jefferson Dr,Mc Kees Rocks,PA,15136
139,415 4th Avenue,Tarentum,PA,15084
140,7300 Ridgeview  Avenue,Pittsburgh,PA,15235
141,1510 Versailles Ave / 1st Fl,Mc Keesport,PA,15132
142,240 Park Avenue,Natrona Heights,PA,15065
143,7300 Ridgeview Ave,Pittsburgh,PA,15235
144,7300 Ridgeview Ave,Pittsburgh,PA,15235
145,304 E 8th Ave,Homestead,PA,15120
146,1705 Maple Ave,Homestead,PA,15120
147,1705 Maple Ave,Homestead,PA,15120
148,1 G Midway Dr,West Mifflin,PA,15122
149,200 Westinghouse Ave,Wilmerding,PA,15148
150,1200 Wolfe  Avenue,Braddock,PA,15104
151,500 Kenmawr (Bldg #34) Drive,Braddock,PA,15104
152,230 3rd  Street,Braddock,PA,15104
153,422 Semple Street,Pittsburgh,PA,15213
154,2945 Park  Road,Bethel Park,PA,15102
155,700 Cherrington Parkway,Coraopolis,PA,15108
156,300 Waterfront  Drive,Homestead,PA,15120
157,1601 Washington Rd,Pittsburgh,PA,15228
158,2440 Noblestown Rd,Pittsburgh,PA,15205
159,2440 Noblestown Rd,Pittsburgh,PA,15205
160,2700 Neville Rd,Pittsburgh,PA,15225
161,9600 Babcock Blvd,Allison Park,PA,15101
162,1001 Pittsburgh Street,Cheswick,PA,15024
163,9915 Frankstown Road,Pittsburgh,PA,15235
164,4401 Old William Penn  Highway,Monroeville,PA,15146
165,2408 Reed Street,Pittsburgh,PA,15219
166,1860 Centre  Avenue,Pittsburgh,PA,15219
167,5300 Perry Highway,Pittsburgh,PA,15229
168,2165 Noblestown Rd,Pittsburgh,PA,15205
169,1524 Hamilton Rd,Pittsburgh,PA,15234
170,101  Allegheny St,Tarentum,PA,15084
171,2108 E Carson Street,Pittsburgh,PA,15203
172,5020 Centre Avenue,Pittsburgh,PA,15213
173,1500 Pittsburgh  Street,Cheswick,PA,15024
174,120 Whitfield  Street,Pittsburgh,PA,15206
175,716 Broadway Ave,Mc Kees Rocks,PA,15136
176,417 Smithfield St,Pittsburgh,PA,15222
177,300 Pearl Avenue,Cheswick,PA,15024
178,498 Camp Horne Rd,Pittsburgh,PA,15237
179,7535 Roslyn St,Pittsburgh,PA,15218
180,3909 Clairton  Boulevard,Pittsburgh,PA,15227
181,630 Allegheny River  Boulevard,Verona,PA,15147
182,368 Guys Run Road,Cheswick,PA,15024
183,608 Farragut  Street,Pittsburgh,PA,15209
184,1318 Federal  Street,Pittsburgh,PA,15212
185,441 1/2 Walnut Street,Sewickley,PA,15143
186,&nbsp; Pgh Intl Airport / AC-M,Pittsburgh,PA,15231
187,4770 Liberty  Avenue,Pittsburgh,PA,15224
188,605 Thompson Run Road,Pittsburgh,PA,15237
189,2562 Brandt School Rd,Wexford,PA,15090
190,4092 Gibsonia  Road,Gibsonia,PA,15044
191,7824 Perry Hwy,Pittsburgh,PA,15237
192,8105 Perry  Highway,Pittsburgh,PA,15237
193,663 Washington Road,Pittsburgh,PA,15228
194,250 Pacific Avenue,Pittsburgh,PA,15224
195,507 Bessemer  Avenue,East Pittsburgh,PA,15112
196,2112 Murray Avenue,Pittsburgh,PA,15217
197,330 Hookstown Grade  Road,Coraopolis,PA,15108
198,1901 5th Ave,Pittsburgh,PA,15219
199,250 Pacific Avenue,Pittsburgh,PA,15224
200,222 3rd Avenue,Carnegie,PA,15106
201,435 McMurray Rd,Bethel Park,PA,15102
202,1211 State Route 885,Clairton,PA,15025
203,1000 Penn Avenue,Pittsburgh,PA,15221
204,1021 Duquesne  Boulevard,Duquesne,PA,15110
205,24 Braddock Ave,Braddock,PA,15104
206,929 Freeport Road,Pittsburgh,PA,15238
207,4885 McKnight Rd,Pittsburgh,PA,15237
208,5878 Forbes Ave,Pittsburgh,PA,15217
209,630 Washington Rd,Pittsburgh,PA,15228
210,3115 Washington Pike,Bridgeville,PA,15017
211,2300 Morton Rd,Pittsburgh,PA,15241
212,2856 Broadway  Avenue,Pittsburgh,PA,15216
213,2312 Main St,Pittsburgh,PA,15215
214,100 Aldi Dr,North Versailles,PA,15137
215,880 Butler St,Pittsburgh,PA,15223
216,1766 Golden Mile Hwy,Monroeville,PA,15146
217,239 Clairton Boulevard,West Mifflin,PA,15122
218,100 Costco Drive,Pittsburgh,PA,15205
219,5159 Library  Road,Bethel Park,PA,15102
220,16 Federal Dr,Pittsburgh,PA,15235
221,2348 Ardmore Blvd,Pittsburgh,PA,15221
222,4578 Wm Flynn Highway,Allison Park,PA,15101
223,8000 McKnight Rd,Pittsburgh,PA,15237
224,3089 Sussex Avenue,Pittsburgh,PA,15226
225,114 Chartiers Ave,Mc Kees Rocks,PA,15136
226,11800 Perry Highway,Wexford,PA,15090
227,2628 Carson Street,Pittsburgh,PA,15203
228,5631 Baum  Blvd,Pittsburgh,PA,15213
229,3013 Washington Pike,Bridgeville,PA,15017
230,300 Eden Park  Boulevard,Mc Keesport,PA,15132
231,7350 Saltsburg Road,Pittsburgh,PA,15235
232,5200 Penn Avenue,Pittsburgh,PA,15224
233,5239 Brownsville  Road,Pittsburgh,PA,15236
234,7221 Mcknight Road,Pittsburgh,PA,15237
235,1160 Washington Avenue,Carnegie,PA,15106
236,127 7Th Avenue,Homestead,PA,15120
237,4902 Cypress St,Pittsburgh,PA,15224
238,5104 Liberty  Avenue,Pittsburgh,PA,15224
239,141 Hawthorne Avenue,Carnegie,PA,15106
240,4016 Butler Street,Pittsburgh,PA,15201
241,3041 Brereton  Street,Pittsburgh,PA,15219
242,404 Craig  Street,Pittsburgh,PA,15213
243,124 6th Street,Pittsburgh,PA,15222
244,17 Grant Avenue,Pittsburgh,PA,15223
245,1520 Monterey  Street,Pittsburgh,PA,15212
246,315 Craig Street,Pittsburgh,PA,15213
247,514 3rd  Avenue,Carnegie,PA,15106
248,6302 Robinson Center Drive,Pittsburgh,PA,15205
249,1000 Banksville Avenue,Pittsburgh,PA,15216
250,804 E Warrington Ave,Pittsburgh,PA,15210
251,1301 Pittsburgh Street,Cheswick,PA,15024
252,4 Allegheny Center / 3rd Fl,Pittsburgh,PA,15212
253,250 Ohio Street,Pittsburgh,PA,15212
254,507 Foreland  Street,Pittsburgh,PA,15212
255,1327 Arch Street,Pittsburgh,PA,15212
256,2005 Penn Avenue,Pittsburgh,PA,15222
257,16 57th St,Pittsburgh,PA,15201
258,99 Schuetzen Park Rd,Pittsburgh,PA,15209
259,950 2nd Avenue,Pittsburgh,PA,15219
260,320 North Avenue,Pittsburgh,PA,15212
261,320 North Avenue,Pittsburgh,PA,15212
262,619 Wm Penn Place,Pittsburgh,PA,15219
263,7331 Butler Street,Pittsburgh,PA,15206
264,414 Grant St,Pittsburgh,PA,15219
265,440 Ross St,Pittsburgh,PA,15219
266,1913 Freeport Road,Natrona Heights,PA,15065
267,1301 Carlisle Street,Natrona Heights,PA,15065
268,1301 Carlisle  Street,Natrona Heights,PA,15065
269,851 Parkway Drive,Harwick,PA,15049
270,1000 Freeport Road,Cheswick,PA,15024
271,2034 Murray Ave,Pittsburgh,PA,15217
272,2201 Salisbury Street,Pittsburgh,PA,15210
273,631 Warrington Avenue,Pittsburgh,PA,15210
274,2326 Duncan Ave,Allison Park,PA,15101
275,1675 Duncan  Avenue,Allison Park,PA,15101
276,1069 Morewood  Avenue,Pittsburgh,PA,15213
277,1091 Morewood Ave,Pittsburgh,PA,15213
278,66 Alpha Dr West,Pittsburgh,PA,15238
279,66 Alpha Drive West,Pittsburgh,PA,15238
280,500 Center Avenue,Pittsburgh,PA,15238
281,220 Alpine Road,Bridgeville,PA,15017
282,2516 Monroeville Blvd,Monroeville,PA,15146
283,1230 Grandview Ave,Pittsburgh,PA,15211
284,376 Butler Street,Pittsburgh,PA,15223
285,200 Loews Drive,North Versailles,PA,15137
286,2910 W Liberty Avenue,Pittsburgh,PA,15216
287,1506 E Carson Street,Pittsburgh,PA,15203
288,435 McNeilly Rd,Pittsburgh,PA,15226
289,200 Loews Drive,North Versailles,PA,15137
290,1111 Mckee Road,Oakdale,PA,15071
291,104 Hangar Road,Pittsburgh,PA,15231
292,705 Cornell St,Mc Keesport,PA,15132
293,1111 W Grant Ave,Duquesne,PA,15110
294,1412 Radford Road,Pittsburgh,PA,15227
295,100 Robinson Center Drive,Pittsburgh,PA,15205
296,936 8th  Avenue,Homestead,PA,15120
297,2105 Walnut St,Mc Keesport,PA,15132
298,103 W Braddock Ave,Braddock,PA,15104
299,1332 N Canal St,Pittsburgh,PA,15215
300,4339 Old Wm Penn Hwy,Monroeville,PA,15146
301,33 Dorsey St,Bridgeville,PA,15017
302,327 Home Avenue,Pittsburgh,PA,15202
303,51 Duquesne Avenue,Dravosburg,PA,15034
304,304 Gumbert St,Mc Keesport,PA,15133
305,59 Garfield Street,Natrona Heights,PA,15065
306,1008 Castle Shannon Blvd,Pittsburgh,PA,15234
307,325 Station Street,Bridgeville,PA,15017
308,1546 Hatteras St,Pittsburgh,PA,15212
309,650 Isabella Street,Oakmont,PA,15139
310,650 Old Clairton Rd,Pittsburgh,PA,15236
311,660 Miller Ave,Clairton,PA,15025
312,2409 Bethel Church Rd,Bethel Park,PA,15102
313,233 Commercial  Avenue,Pittsburgh,PA,15215
314,421 Jane  Street,Carnegie,PA,15106
315,280 Joseph St,Pittsburgh,PA,15227
316,7824 Saltsburg Rd,Pittsburgh,PA,15239
317,172 6th Ave,Pittsburgh,PA,15229
318,57 Superior Road,Gibsonia,PA,15044
319,73 Carson Street,Pittsburgh,PA,15219
320,103 22nd Avenue,Homestead,PA,15120
321,2619 Wexford Bayne Road,Sewickley,PA,15143
322,7338 Butler Street,Pittsburgh,PA,15206
323,3800 Walnut Street,Mc Keesport,PA,15132
324,5738 Smithfield Street,Mc Keesport,PA,15135
325,332 E 8th Ave,Homestead,PA,15120
326,2524 Sarah St,Pittsburgh,PA,15203
327,160 Dahlia St,Homestead,PA,15120
328,735 Freeport Road,Creighton,PA,15030
329,230 Herron Avenue,Cheswick,PA,15024
330,113 Watkins Ave,Wilmerding,PA,15148
331,229 45th St,Pittsburgh,PA,15201
332,2816 Golden Mile Highway,Pittsburgh,PA,15239
333,1021 Brownsville  Road,Pittsburgh,PA,15210
334,2217 Bedford Ave,Pittsburgh,PA,15219
335,2570 Woodstock Ave,Pittsburgh,PA,15218
336,818 Warrington Avenue,Pittsburgh,PA,15210
337,100 Lawrence Avenue,Mc Keesport,PA,15132
338,545 B Caste Village,Pittsburgh,PA,15236
339,2377 Mountain View  Drive,West Mifflin,PA,15122
340,256 Craig Street,Pittsburgh,PA,15213
341,2312 Main Street,Pittsburgh,PA,15215
342,1965 Ferguson Road,Allison Park,PA,15101
343,300 JHF Drive,Pittsburgh,PA,15217
344,7221 Church Street,Pittsburgh,PA,15202
345,2202 Freeport Road,Natrona Heights,PA,15065
346,5203 Carnegie St,Pittsburgh,PA,15201
347,599 Dorseyville Road,Pittsburgh,PA,15238
348,1616 Mt Nebo  Road,Sewickley,PA,15143
349,1711 Penn Avenue,Pittsburgh,PA,15222
350,600 Fordham Ave,Pittsburgh,PA,15226
351,2615 Norwood Ave,Pittsburgh,PA,15214
352,103-A International Drive,Oakdale,PA,15071
353,1817 McKees Rocks  Road,Mc Kees Rocks,PA,15136
354,202 Moon Clinton Road,Coraopolis,PA,15108
355,410 Penn Lincoln  Drive,Imperial,PA,15126
356,109 Brookline Blvd,Pittsburgh,PA,15226
357,4766 Liberty Ave,Pittsburgh,PA,15224
358,715 Freeport Road,Cheswick,PA,15024
359,2538 Woodstock Ave,Pittsburgh,PA,15218
360,111 Middle Ave,Wilmerding,PA,15148
361,317 Anthon Drive,Pittsburgh,PA,15235
362,2350 Noblestown  Road,Pittsburgh,PA,15205
363,214 Rodi Rd,Pittsburgh,PA,15235
364,2316 Webster Ave,Pittsburgh,PA,15219
365,2783 South Park Road,Bethel Park,PA,15102
366,334 22nd Avenue,Homestead,PA,15120
367,314 Portvue Avenue,Mc Keesport,PA,15133
368,1024 5th,Coraopolis,PA,15108
369,2740 Stroschein Road,Monroeville,PA,15146
370,1810 Settlers Ridge Center Drive,Pittsburgh,PA,15205
371,923 5th Ave,Coraopolis,PA,15108
372,1820 Brownsville  Road,Pittsburgh,PA,15210
373,413 Grant  Avenue,Pittsburgh,PA,15209
374,1316 Poplar St,Pittsburgh,PA,15205
375,758 Brookline Blvd,Pittsburgh,PA,15226
376,247 Atwood St,Pittsburgh,PA,15213
377,2612 Brandt School Road,Wexford,PA,15090
378,730 Broadway Avenue,Mc Kees Rocks,PA,15136
379,239 Parker Street,Pittsburgh,PA,15223
380,429 Forbes Avenue,Pittsburgh,PA,15219
381,418 Moon Clinton Rd,Coraopolis,PA,15108
382,501 Braddock  Avenue,Turtle Creek,PA,15145
383,1122 3rd Street,North Versailles,PA,15137
384,2895 W Liberty  Avenue,Pittsburgh,PA,15216
385,1050 Village Center Drive,Tarentum,PA,15084
386,525 Grandview Crossing  Drive,Gibsonia,PA,15044
387,2101 Greentree Road,Pittsburgh,PA,15220
388,4801 McKnight  Road,Pittsburgh,PA,15237
389,1601 S Braddock Ave,Pittsburgh,PA,15218
390,2045 Lebanon Church  Road,West Mifflin,PA,15122
391,3440 Wm Penn  Highway,Pittsburgh,PA,15235
392,6570 Steubenville Pike,Pittsburgh,PA,15205
393,415 W Main St,Carnegie,PA,15106
394,516 Brownsville Rd,Pittsburgh,PA,15210
395,1703 Carson Street,Pittsburgh,PA,15203
396,4606 Penn  Avenue,Pittsburgh,PA,15224
397,1545 King James Drive,Pittsburgh,PA,15237
398,2308 West Hardies Road,Gibsonia,PA,15044
399,615 Washington Rd,Pittsburgh,PA,15228
400,745 Railroad Street,Verona,PA,15147
401,1617 Freeport Road,Natrona Heights,PA,15065
402,2251 Noblestown Rd,Pittsburgh,PA,15205
403,6192 Steubenville Pike,Mc Kees Rocks,PA,15136
404,3417 Forbes Ave,Pittsburgh,PA,15213
405,5030 Wm Flynn Hwy,Gibsonia,PA,15044
406,19075 Perry Highway,Mars,PA,16046
407,3700 Library  Road,Pittsburgh,PA,15234
408,1911 S Braddock Ave,Pittsburgh,PA,15218
409,6105 Saltsburg Rd,Verona,PA,15147
410,1378 Banksville Road,Pittsburgh,PA,15216
411,2040 Lebanon Church Rd,West Mifflin,PA,15122
412,4260 Ohio River Blvd,Pittsburgh,PA,15202
413,1804 Golden Mile Hwy / Rt 286,Pittsburgh,PA,15239
414,450 Clairton Boulevard,Pittsburgh,PA,15236
415,4810 McKnight Road,Pittsburgh,PA,15237
416,5205 Library  Road,Bethel Park,PA,15102
417,2831 Jacks Run Rd,Mc Keesport,PA,15131
418,3974 Wm Penn Hwy,Monroeville,PA,15146
419,9100 University Blvd,Coraopolis,PA,15108
420,1140 Washington Pike,Bridgeville,PA,15017
421,808 Liberty  Avenue,Pittsburgh,PA,15222
422,2328 E Carson St,Pittsburgh,PA,15203
423,3446 5th Avenue,North Versailles,PA,15137
424,1141 Boyce Rd,Pittsburgh,PA,15241
425,4871 Clairton Boulevard,Pittsburgh,PA,15236
426,1257 Argonne Drive,Natrona Heights,PA,15065
427,985 Providence Boulevard,Pittsburgh,PA,15237
428,800 Rectenwald Street,Pittsburgh,PA,15210
429,2201 Salisbury  Street,Pittsburgh,PA,15203
430,1751 Arlington Ave,Pittsburgh,PA,15210
431,4755 Liberty Ave,Pittsburgh,PA,15224
432,609 Washington  Avenue,Bridgeville,PA,15017
433,1136 Thorn Run Rd Ext,Coraopolis,PA,15108
434,5301 Grove (at Baptist / Caste Village) Road,Pittsburgh,PA,15236
435,1498 Center Avenue,Pittsburgh,PA,15229
436,502 E Ohio Street,Pittsburgh,PA,15212
437,1707 Babcock Blvd,Pittsburgh,PA,15209
438,1910 Cochran Road,Pittsburgh,PA,15220
439,3337 Penn Avenue,Pittsburgh,PA,15201
440,800 Rock Run Rd,Elizabeth,PA,15037
441,336 Aiken Ave,Pittsburgh,PA,15232
442,420 Blvd of the Allies,Pittsburgh,PA,15219
443,2852 Penn Ave,Pittsburgh,PA,15222
444,5001 Penn Ave,Pittsburgh,PA,15224
445,6736 Reynolds St,Pittsburgh,PA,15206
446,1118 Carson Street,Pittsburgh,PA,15203
447,1607 Penn  Avenue,Pittsburgh,PA,15222
448,328 6th Avenue,Tarentum,PA,15084
449,700 Bower Hill Rd,Pittsburgh,PA,15243
450,700 Bower Hill Rd,Pittsburgh,PA,15243
451,430 10th Street,Homestead,PA,15120
452,3012 Sylvan Terrace,Cheswick,PA,15024
453,538 California Ave,Pittsburgh,PA,15202
454,1237 Clairton Boulevard,Clairton,PA,15025
455,4230 Forbes Ave,Pittsburgh,PA,15213
456,701 Cooke Drive,Pittsburgh,PA,15234
457,1724 Wm Flynn Highway,Glenshaw,PA,15116
458,4528 Broadway Boulevard,Monroeville,PA,15146
459,2767 Carson Street,Pittsburgh,PA,15203
460,4136 Library  Road,Pittsburgh,PA,15234
461,1300 Hoffman Boulevard,West Mifflin,PA,15122
462,13 Quaker Village / Rte 65,Leetsdale,PA,15056
463,102 Bakery Square Boulevard,Pittsburgh,PA,15206
464,3316 Main Street,Homestead,PA,15120
465,16 Brilliant Avenue,Pittsburgh,PA,15215
466,1220 Powers Run Road,Pittsburgh,PA,15238
467,35 N Jackson,Pittsburgh,PA,15202
468,610 James Street,Turtle Creek,PA,15145
469,610 James Street,Turtle Creek,PA,15145
470,364 Pine Street,Pittsburgh,PA,15238
471,10 Old Clairton Road,Pittsburgh,PA,15236
472,12980 Perry  Highway,Wexford,PA,15090
473,700 Arch Street,Pittsburgh,PA,15212
474,5517 Wm Flynn Hwy,Gibsonia,PA,15044
475,103 Federal Street,Pittsburgh,PA,15212
476,110 Beverly Rd,Pittsburgh,PA,15216
477,1374 Freeport Road,Pittsburgh,PA,15238
478,301 Grant St/ 1 Oxford Centre/1St Fl,Pittsburgh,PA,15219
479,120 5th Avenue,Pittsburgh,PA,15222
480,600 Grant St Concourse,Pittsburgh,PA,15219
481,707 Grant Street,Pittsburgh,PA,15219
482,625 Liberty Avenue,Pittsburgh,PA,15222
483,535 Smithfield Street,Pittsburgh,PA,15222
484,946 Penn Avenue,Pittsburgh,PA,15222
485,980 Liberty Avenue,Pittsburgh,PA,15222
486,416 Library  Street,Braddock,PA,15104
487,309 Monroeville Mall,Monroeville,PA,15146
488,3075 Clairton Blvd / Century III Mall,West Mifflin,PA,15123
489,110 Pittsburgh Mills  Circle,Tarentum,PA,15084
490,&nbsp; Pgh Intl Airport / NE-1,Pittsburgh,PA,15231
491,100 Robinson Center Drive,Pittsburgh,PA,15205
492,100 Robinson Center Dr,Pittsburgh,PA,15205
493,1000 Ross Park Mall Dr,Pittsburgh,PA,15237
494,&nbsp; Pittsburgh Mills Circle,Tarentum,PA,15084
495,&nbsp; Pgh Intl Airport / AC-34A,Pittsburgh,PA,15231
496,1000 Ross Park Mall Dr,Pittsburgh,PA,15232
497,200 Monroeville Mall (food court),Monroeville,PA,15146
498,&nbsp; Monroville Mall,Monroeville,PA,15146
499,301 South Hills Village Kiosk Lower Level,Pittsburgh,PA,15241
500,301 South Hills Village Upper Level,Pittsburgh,PA,15241
501,11835 Frankstown  Road,Pittsburgh,PA,15235
502,6052 University Blvd,Coraopolis,PA,15108
503,23 Yost,Pittsburgh,PA,15221
504,10451 Perrry Highway,Wexford,PA,15090
505,1320 Lincoln Highway,North Versailles,PA,15137
506,4714 McKnight Road,Pittsburgh,PA,15237
507,208 Penn  Avenue,Pittsburgh,PA,15221
508,5230 Library Road,Bethel Park,PA,15102
509,700 Clairton Blvd,Pittsburgh,PA,15236
510,721 California Ave,Pittsburgh,PA,15202
511,901 Ohio River Boulevard,Pittsburgh,PA,15202
512,632 California Avenue,Pittsburgh,PA,15202
513,5501 Centre Ave,Pittsburgh,PA,15232
514,16099 Perry  Highway,Warrendale,PA,15086
515,1320 Roosevelt Rd,Pittsburgh,PA,15237
516,1310 Roosevelt  Road,Pittsburgh,PA,15237
517,304 Josephs Ln,Pittsburgh,PA,15237
518,902 Brackenridge  Avenue,Brackenridge,PA,15014
519,5901 Bryant  Street,Pittsburgh,PA,15206
520,2790 Mosside Blvd,Monroeville,PA,15146
521,3000 Walnut St,Mc Keesport,PA,15132
522,2352 A Golden Mile Highway,Pittsburgh,PA,15239
523,6500 Saltsburg Rd,Pittsburgh,PA,15235
524,820 Chestnut St,Pittsburgh,PA,15212
525,122 Broad St,Leetsdale,PA,15056
526,1023 Wood Street,Pittsburgh,PA,15221
527,1000 Locust St,Pittsburgh,PA,15282
528,3392 Saxonburg Boulevard,Glenshaw,PA,15116
529,428 Beaver  Street,Sewickley,PA,15143
530,400 Cedar Ave,Pittsburgh,PA,15212
531,1150 Stoops Ferry Rd,Coraopolis,PA,15108
532,2425 South Park Road,Bethel Park,PA,15102
533,219 6th Avenue,Tarentum,PA,15084
534,424 Library St,Braddock,PA,15104
535,106 Washington Avenue,Oakmont,PA,15139
536,718 Brown Ave,Turtle Creek,PA,15145
537,5202 Butler Street,Pittsburgh,PA,15201
538,544 North Avenue,Pittsburgh,PA,15209
539,428 27th Street,Pittsburgh,PA,15203
540,5335 Penn Avenue,Pittsburgh,PA,15224
541,933 Maryland Ave Rear,Duquesne,PA,15110
542,933 Maryland Ave Rear,Duquesne,PA,15110
543,1819 Washington Rd,Pittsburgh,PA,15241
544,8970 Covenant Avenue,Pittsburgh,PA,15237
545,480 Park Avenue,Natrona Heights,PA,15065
546,1001 Marion  Circle,Clairton,PA,15025
547,6234 Auburn Street,Pittsburgh,PA,15206
548,3123 Cordell  Place,Pittsburgh,PA,15210
549,2275 Bedford Avenue,Pittsburgh,PA,15219
550,251 Jefferson Dr,Mc Kees Rocks,PA,15136
551,901 Gray St,Mc Kees Rocks,PA,15136
552,10 Kenmawr Ave Center,Braddock,PA,15104
553,895 Johnston Ave,Pittsburgh,PA,15207
554,511 Groveton Drive,Coraopolis,PA,15108
555,10 Albertice St,Pittsburgh,PA,15208
556,415 Mt. Pleasant  Road,Pittsburgh,PA,15214
557,138 Prospect Terrace,East Pittsburgh,PA,15112
558,480 Oakhill,Pittsburgh,PA,15213
559,2291 Wilner,Pittsburgh,PA,15221
560,4006 Liberty Ave,Pittsburgh,PA,15224
561,365 Main  Street,Carnegie,PA,15106
562,2 Beaver Grade Road,Mc Kees Rocks,PA,15136
563,1927 Brownsville Rd,Pittsburgh,PA,15210
564,1001 Evergreen Avenue,Pittsburgh,PA,15209
565,100 Fox Chapel  Drive,Pittsburgh,PA,15238
566,231 5th Ave,Mc Keesport,PA,15132
567,4260 Evergreen  Road,Pittsburgh,PA,15214
568,2900 Banksville Road,Pittsburgh,PA,15216
569,1600 Braddock Avenue,Pittsburgh,PA,15218
570,638 Brown Avenue,Turtle Creek,PA,15145
571,3984 Monroeville Blvd,Monroeville,PA,15146
572,1557 Broadway Ave,Pittsburgh,PA,15216
573,1500 Washington  Road,Pittsburgh,PA,15228
574,20111 Route #19,Cranberry Township,PA,16066
575,5996  A Steubenville Pike,Mc Kees Rocks,PA,15136
576,3278 Babcock Blvd,Pittsburgh,PA,15237
577,301 Market Street,Toronto,OH,43964
578,600 Bell Avenue,Carnegie,PA,15106
579,1370 Washington Pike #L-3,Bridgeville,PA,15017
580,1000 Omega Drive,Pittsburgh,PA,15205
581,68 Maple Avenue,Clairton,PA,15025
582,2912 Carson Street,Pittsburgh,PA,15203
583,2912 Carson Street,Pittsburgh,PA,15203
584,2912 Carson Street,Pittsburgh,PA,15203
585,992 Becks Run Road,Pittsburgh,PA,15210
586,307 Beverly Rd,Pittsburgh,PA,15216
587,100 Davis Ave,Pittsburgh,PA,15202
588,6100 Robinson Center  Drive,Pittsburgh,PA,15205
589,103 Marshall Drive,Warrendale,PA,15086
590,2316 Bailie Ave,Mc Keesport,PA,15132
591,390 Bairdford Road,Bairdford,PA,15006
592,553 Lincoln Avenue,Pittsburgh,PA,15205
593,6520 Steubenville Pike,Pittsburgh,PA,15205
594,7300 Hamilton Ave,Pittsburgh,PA,15208
595,940 Penn  Avenue,Pittsburgh,PA,15222
596,111 Terence Dr,Pittsburgh,PA,15236
597,335 Main Street,Carnegie,PA,15106
598,3049 Churchview Ave,Pittsburgh,PA,15227
599,1717 Skyline Drive,Pittsburgh,PA,15227
600,4653 Clairton Blvd,Pittsburgh,PA,15236
601,271 Joseph St,Pittsburgh,PA,15227
602,201 Knoedler  Road,Pittsburgh,PA,15236
603,176 Curry Hollow Rd,Pittsburgh,PA,15236
604,48 Greenway Drive,Pittsburgh,PA,15204
605,3249 Washington Pike Suite #1100,Bridgeville,PA,15017
606,1720 Greensburg Avenue,North Versailles,PA,15137
607,840 Gill Hall Road,Clairton,PA,15025
608,320 Atwood Street,Pittsburgh,PA,15213
609,5846 Forbes Ave / 2nd Fl,Pittsburgh,PA,15217
610,4502 Butler Street,Pittsburgh,PA,15201
611,2320 East Hills Dr,Pittsburgh,PA,15221
612,8053 Mt Carmel Rd,Verona,PA,15147
613,2462 Colorado Street,Pittsburgh,PA,15212
614,200 Bridge Street,Wilmerding,PA,15148
615,5002 Penn Avenue,Pittsburgh,PA,15224
616,1101 Bradish Street,Pittsburgh,PA,15203
617,101 Simpson Howell Road,Elizabeth,PA,15037
618,244 Bridge  Street,Homestead,PA,15120
619,240 Station Square Dr / Bessemer Court,Pittsburgh,PA,15219
620,330 Shore  Drive,Pittsburgh,PA,15212
621,2216 Penn Avenue,Pittsburgh,PA,15222
622,&nbsp; Pgh Intl Airport / AC-17,Pittsburgh,PA,15231
623,635 Brown Avenue,Turtle Creek,PA,15145
624,2312 Main Street,Pittsburgh,PA,15215
625,155 3rd Ave,Carnegie,PA,15106
626,4711 Butler St,Pittsburgh,PA,15201
627,1608 Pittsburgh Street,Cheswick,PA,15024
628,319 6th Avenue,Tarentum,PA,15084
629,147 Julius Street,Pittsburgh,PA,15206
630,301 South Hills Village,Pittsburgh,PA,15241
631,100 W Bridge St,Homestead,PA,15120
632,700 Mall Circle Dr,Monroeville,PA,15146
633,800 Settlers Ridge Center Drive,Pittsburgh,PA,15205
634,926 Freeport Rd,Pittsburgh,PA,15238
635,1015 Forbes Ave,Pittsburgh,PA,15219
636,515 Highland Avenue,Pittsburgh,PA,15206
637,3108 Wm Flynn Highway,Allison Park,PA,15101
638,5560 William Flynn Highway,Gibsonia,PA,15044
639,221 E 12th Ave,Homestead,PA,15120
640,221 E 12th Ave,Homestead,PA,15120
641,859/861 5th Ave,Coraopolis,PA,15108
642,311 2nd Street,Elizabeth,PA,15037
643,2000 Village Run Road,Wexford,PA,15090
644,2612 Carson Street,Pittsburgh,PA,15203
645,210 Bilmar  Drive,Pittsburgh,PA,15205
646,1110 Freeport Road,Pittsburgh,PA,15238
647,344 Station Street,Bridgeville,PA,15017
648,15 Wible Run Rd,Pittsburgh,PA,15209
649,925 Chartiers Avenue,Pittsburgh,PA,15220
650,1080 River Ave,Pittsburgh,PA,15212
651,1080 River Ave,Pittsburgh,PA,15212
652,1080 River Ave,Pittsburgh,PA,15212
653,1080 River Ave,Pittsburgh,PA,15212
654,1080 River Ave,Pittsburgh,PA,15212
655,1080 River Ave,Pittsburgh,PA,15212
656,100 Bayer Road  Bldg #6,Pittsburgh,PA,15205
657,625 Alpha Drive,Pittsburgh,PA,15238
658,1 Bayer Drive,Indianola,PA,15051
659,3500 Technology Dr,Monroeville,PA,15146
660,2590 Wexford Bayne Rd,Sewickley,PA,15143
661,2759 Banksville Road,Pittsburgh,PA,15216
662,633 Smithfield Street,Pittsburgh,PA,15222
663,110 Smithfield Street,Pittsburgh,PA,15222
664,120 Sr 908 EXT,Tarentum,PA,15084
665,675 Painters Run Rd,Pittsburgh,PA,15228
666,4221 Ohio River  Boulevard,Pittsburgh,PA,15202
667,1921 William Flynn Highway,Glenshaw,PA,15116
668,710 Hite Road,Harwick,PA,15049
669,5095 Thoms Run Road,Oakdale,PA,15071
670,814 Pittsburgh / McKeesport Blvd,West Mifflin,PA,15122
671,315 Olivia St,Mc Kees Rocks,PA,15136
672,605 Scenery Drive,Elizabeth,PA,15037
673,7507 McKnight Rd,Pittsburgh,PA,15237
674,976 Freeport Rd,Pittsburgh,PA,15215
675,3739 Wm Penn Hwy,Monroeville,PA,15146
676,1700 Oxford Dr,Bethel Park,PA,15102
677,490 E  Waterfront Dr,Homestead,PA,15120
678,160 Quinn Drive,Pittsburgh,PA,15275
679,604 Hampshire Ave,Pittsburgh,PA,15216
680,3249 Washington Pike Suite #1004,Bridgeville,PA,15017
681,1323 E Carson St,Pittsburgh,PA,15203
682,600 5th  Avenue,Mc Keesport,PA,15132
683,235 5th St,West Elizabeth,PA,15088
684,411 Wood Street,Pittsburgh,PA,15222
685,110 Federal Street,Pittsburgh,PA,15212
686,341 Rochester Rd,Pittsburgh,PA,15237
687,530 Camp Horne Rd,Pittsburgh,PA,15237
688,603 Braddock Avenue,Braddock,PA,15104
689,&nbsp; 7th &amp; Railroad St,Braddock,PA,15104
690,213 Commercial Avenue,Pittsburgh,PA,15215
691,213 Commercial Avenue,Pittsburgh,PA,15215
692,4925 Cheyenne Court,Gibsonia,PA,15044
693,2602 Brandt School Road,Wexford,PA,15090
694,5060 Wm Penn Hwy,Monroeville,PA,15146
695,1914 Penn Avenue,Pittsburgh,PA,15222
696,1136 Thorn Run Rd Ext H-1,Coraopolis,PA,15108
697,5336 Perry Hwy,Pittsburgh,PA,15229
698,1204 Grandview Ave,Pittsburgh,PA,15211
699,2822 South Park Road,Bethel Park,PA,15102
700,410 Main Street,Pittsburgh,PA,15220
701,513 Lincoln Ave,Pittsburgh,PA,15202
702,435 Lincoln Ave,Pittsburgh,PA,15202
703,415 Lincoln Avenue,Pittsburgh,PA,15202
704,615 Lincoln  Avenue,Pittsburgh,PA,15202
705,1842 Homeville Rd,West Mifflin,PA,15122
706,437 McNeilly Rd,Pittsburgh,PA,15226
707,1710 Duncan Ave,Allison Park,PA,15101
708,10339 Perry Highway,Wexford,PA,15090
709,200 Loews Drive,North Versailles,PA,15137
710,936 Penn  Avenue,Pittsburgh,PA,15222
711,200 Division Avenue,Pittsburgh,PA,15202
712,5400 Florida Ave,Bethel Park,PA,15102
713,719 Liberty Avenue,Pittsburgh,PA,15222
714,2100 Greentree Road,Pittsburgh,PA,15220
715,900 Western Avenue,Pittsburgh,PA,15233
716,1906 Carson Street,Pittsburgh,PA,15203
717,517 Sangree Rd,Pittsburgh,PA,15237
718,517 Sangree  Road,Pittsburgh,PA,15237
719,706 Ambridge Ave,Ambridge,PA,15003
720,416 Lincoln Avenue,Pittsburgh,PA,15209
721,416 Lincoln Avenue,Pittsburgh,PA,15209
722,416 Lincoln Avenue,Pittsburgh,PA,15209
723,945 Roselle  Court,Pittsburgh,PA,15207
724,1717 Murray  Avenue,Pittsburgh,PA,15217
725,600 Lincoln Avenue,Pittsburgh,PA,15202
726,185 Bradford Rd,Bradfordwoods,PA,15015
727,702 Mill Street,Bridgeville,PA,15017
728,200 Mall Circle Dr,Monroeville,PA,15146
729,430 Home Drive,Pittsburgh,PA,15275
730,4801 McKnight Rd,Pittsburgh,PA,15237
731,5000 Alicia Dr,Bethel Park,PA,15102
732,473 Clairton Blvd,Pittsburgh,PA,15236
733,680 E Waterfront Dr,Homestead,PA,15120
734,1631 Perry  Highway,Portersville,PA,16051
735,338 Bouquet  Street,Pittsburgh,PA,15213
736,1900 Cochran Road,Pittsburgh,PA,15220
737,7745 Tioga St,Pittsburgh,PA,15208
738,1102 Freemont  Street,Mc Keesport,PA,15132
739,1500 Chicago Street,Pittsburgh,PA,15214
740,5200/5203 Brightwood  Road,Bethel Park,PA,15102
741,2407 South Park Road,Bethel Park,PA,15102
742,305 Church Road,Bethel Park,PA,15102
743,5151 Park Ave,Bethel Park,PA,15102
744,309 Church Road,Bethel Park,PA,15102
745,309 Church Rd,Bethel Park,PA,15102
746,110 Woodlet Ln,Bethel Park,PA,15102
747,716 Walnut St,Mc Keesport,PA,15132
748,1473 Banksville Rd,Pittsburgh,PA,15216
749,4960 Wm Flynn Hwy,Allison Park,PA,15101
750,322 Perry Hwy,Pittsburgh,PA,15229
751,666 Washington Rd,Pittsburgh,PA,15228
752,666 Washington Rd,Pittsburgh,PA,15228
753,819 Brushton Ave,Pittsburgh,PA,15208
754,1178 Steuben  Street,Pittsburgh,PA,15220
755,2500 McCrady Rd,Pittsburgh,PA,15235
756,1207 Washington Rd,Pittsburgh,PA,15228
757,4616 McKnight Road,Pittsburgh,PA,15237
758,401 Biddle Avenue,Pittsburgh,PA,15221
759,1815 Metropolitan St,Pittsburgh,PA,15223
760,564 Forbes Avenue,Pittsburgh,PA,15219
761,90 Noble Ave,Pittsburgh,PA,15205
762,2717 Sarah St,Pittsburgh,PA,15203
763,1435 Freeport Road,Cheswick,PA,15024
764,2820 Shadeland Avenue,Pittsburgh,PA,15212
765,11 Downer St,Elrama,PA,15038
766,435 Bower Hill Road,Bridgeville,PA,15017
767,201 Saline St,Pittsburgh,PA,15207
768,720 Clairton Blvd,Pittsburgh,PA,15236
769,720 Clairton Blvd,Pittsburgh,PA,15236
770,1701 Lincoln  Highway,North Versailles,PA,15137
771,1726 Pacific Avenue,Natrona Heights,PA,15065
772,11628 Penn Hills Dr,Pittsburgh,PA,15235
773,7005 Clairton Rd,West Mifflin,PA,15122
774,1155 Washington Pike,Bridgeville,PA,15017
775,4047 Wm Penn Hwy,Monroeville,PA,15146
776,612 William Marks Dr,Homestead,PA,15120
777,4717 McKnight Rd,Pittsburgh,PA,15237
778,396 Butler Street,Pittsburgh,PA,15223
779,4230 Centre Avenue,Pittsburgh,PA,15213
780,4230 Centre Avenue,Pittsburgh,PA,15213
781,601 Lincoln  Highway,East Mc Keesport,PA,15035
782,344 Union Ave,Pittsburgh,PA,15202
783,2102 Broadway  Avenue,Pittsburgh,PA,15216
784,1534 5th Avenue,Coraopolis,PA,15108
785,1006 Washington Avenue,Carnegie,PA,15106
786,321 Bigham St,Pittsburgh,PA,15211
787,3087 5th Ave Ext,Mc Keesport,PA,15132
788,1001 Liberty Avenue,Pittsburgh,PA,15222
789,1095 Unity Center Road,Pittsburgh,PA,15239
790,109 Penn Plaza,Turtle Creek,PA,15145
791,701 Railroad Street,Verona,PA,15147
792,1349 4th  Avenue,Coraopolis,PA,15108
793,1349 4th Avenue,Coraopolis,PA,15108
794,1349 4th Avenue,Coraopolis,PA,15108
795,1349 4th Ave,Coraopolis,PA,15108
796,10150 Old Perry Hwy,Wexford,PA,15090
797,140 Ferry Street,Leetsdale,PA,15056
798,780D Pine Valley Drive,Pittsburgh,PA,15239
799,7302 Hamilton  Avenue,Pittsburgh,PA,15208
800,2901 Sarah St,Pittsburgh,PA,15203
801,2700 Morange Road,Pittsburgh,PA,15205
802,4701 Campbells Run Rd,Pittsburgh,PA,15205
803,1416 Lincoln Hwy,North Versailles,PA,15137
804,428 Lebanon Rd,West Mifflin,PA,15122
805,114 Whitaker St,Homestead,PA,15120
806,614 Walnut Avenue,Clairton,PA,15025
807,1811 Golden Mile Hwy,Pittsburgh,PA,15239
808,346 Atwood Street,Pittsburgh,PA,15213
809,711 Washington Rd,Pittsburgh,PA,15228
810,9101 Perry  Highway,Pittsburgh,PA,15237
811,415 E Ohio St,Pittsburgh,PA,15212
812,5750 Ellsworth  Avenue,Pittsburgh,PA,15232
813,1854 Homeville  Road,West Mifflin,PA,15122
814,&nbsp; Pgh Intl Airport  / LT-4A,Pittsburgh,PA,15231
815,999 Steen Road / Trader Jacks Flea Market,Bridgeville,PA,15017
816,2037 Centre Avenue,Pittsburgh,PA,15219
817,1206 Arlington Avenue,Pittsburgh,PA,15210
818,222 3rd Ave,Carnegie,PA,15106
819,625 Long Rd,Pittsburgh,PA,15235
820,301 Corbet Street,Tarentum,PA,15084
821,3011 Liberty Way,Mc Keesport,PA,15133
822,409 Oxford Ave,Elizabeth,PA,15037
823,314 Freeport Road,Pittsburgh,PA,15238
824,3939 William Penn Highway,Monroeville,PA,15146
825,290 Settlers Ridge Ctr Dr,Pittsburgh,PA,15205
826,436 7th Avenue,Pittsburgh,PA,15219
827,623 Brushton Avenue,Pittsburgh,PA,15208
828,2350 Noblestown  Road,Pittsburgh,PA,15205
829,292 Beverly  Road,Pittsburgh,PA,15216
830,811 Allegheny River Boulevard,Verona,PA,15147
831,1035 Chartiers Ave,Mc Kees Rocks,PA,15136
832,4412 Liberty Ave,Pittsburgh,PA,15224
833,4727 Liberty Avenue,Pittsburgh,PA,15224
834,4615 Lorigan St,Pittsburgh,PA,15224
835,410 S Mathilda St,Pittsburgh,PA,15224
836,2716 5th Ave,Mc Keesport,PA,15132
837,338 E 8th Ave,Homestead,PA,15120
838,300 Mt Lebanon  Boulevard,Pittsburgh,PA,15234
839,120 5th Avenue,Pittsburgh,PA,15222
840,601 Amity Street,Homestead,PA,15120
841,726 Broadway Ave,Mc Kees Rocks,PA,15136
842,360 State Hwy 51,Clairton,PA,15025
843,492 Nixon Road,Cheswick,PA,15024
844,5115 Butler St,Pittsburgh,PA,15201
845,1393 Frey  Road,Pittsburgh,PA,15235
846,1701 Duncan Avenue,Allison Park,PA,15101
847,3801 Butler  Street,Pittsburgh,PA,15201
848,1602 Blaine&#39;s  Way,Sewickley,PA,15143
849,11 Stanwix  Street,Pittsburgh,PA,15222
850,221 Forbes Avenue,Pittsburgh,PA,15222
851,135 9th  Street,Pittsburgh,PA,15222
852,1020 Oak St,Clairton,PA,15025
853,4120 Brownsville Road,Library,PA,15129
854,4315 Murray Avenue,Pittsburgh,PA,15217
855,5455 Curry Rd,Pittsburgh,PA,15236
856,8405 University Blvd,Coraopolis,PA,15108
857,7412 McKnight Rd,Pittsburgh,PA,15237
858,3737 Wm Penn Hwy,Monroeville,PA,15146
859,1025 Washington Pike,Bridgeville,PA,15017
860,932 Sheraton Dr,Mars,PA,16046
861,2210 Lebanon Church Rd,West Mifflin,PA,15122
862,1 Mariner  Court,Pittsburgh,PA,15238
863,1408 River Rd,Homestead,PA,15120
864,211 Mansfield,Carnegie,PA,15106
865,1230 Grove  Road,Pittsburgh,PA,15234
866,1815 Mckees Rocks Rd,Mc Kees Rocks,PA,15136
867,1870 Painters Run Road,Pittsburgh,PA,15241
868,2602 Freeport Road,Natrona Heights,PA,15065
869,1372 Freeport Road,Pittsburgh,PA,15238
870,944 Greensburg Pike,East Pittsburgh,PA,15112
871,215 Smithfield Street,Pittsburgh,PA,15222
872,2015 Pittsburgh Mills  Boulevard,Tarentum,PA,15084
873,1713 Freeport Rd,Natrona Heights,PA,15065
874,4027 Wm Penn  Highway,Monroeville,PA,15146
875,500 Pine Hollow  Road,Mc Kees Rocks,PA,15136
876,6229 Saltsburg Road,Pittsburgh,PA,15235
877,3304 Saw Mill Run Blvd,Pittsburgh,PA,15227
878,690 Chauvet Drive,Pittsburgh,PA,15275
879,2001 Lebanon Road,West Mifflin,PA,15122
880,1501 Lebanon Church  Road,West Mifflin,PA,15122
881,212 10th Street,Pittsburgh,PA,15222
882,4605 Centre Avenue,Pittsburgh,PA,15213
883,1595 Brodhead Rd,Coraopolis,PA,15108
884,1835 Washington Road,Pittsburgh,PA,15241
885,8950 Covenant  Avenue,Pittsburgh,PA,15237
886,1127 Walnut St,Mc Keesport,PA,15132
887,1806 Chislett  Street,Pittsburgh,PA,15206
888,1928 Monongahela Ave,Pittsburgh,PA,15218
889,5622 Homeville Rd  Unit B,West Mifflin,PA,15122
890,403 Semple St,Pittsburgh,PA,15213
891,819 2nd Avenue,Brackenridge,PA,15014
892,7964 Steubenville Pike,Imperial,PA,15126
893,5200 Baum Blvd,Pittsburgh,PA,15224
894,3776 Wm Penn Hwy,Monroeville,PA,15146
895,98 Clairton  Boulevard,Pittsburgh,PA,15236
896,300 Davis Boulevard,Pittsburgh,PA,15275
897,978 Greentree Road,Pittsburgh,PA,15220
898,&nbsp; Pgh Intl Airport / AC-8A/B,Pittsburgh,PA,15231
899,309 Smithfield Street,Pittsburgh,PA,15222
900,605 Mt Royal  Boulevard,Pittsburgh,PA,15223
901,8130 Perry Hwy,Pittsburgh,PA,15237
902,200 Monroeville Mall,Monroeville,PA,15146
903,70 Moffett St,Pittsburgh,PA,15243
904,1541 Mayview  Road,Pittsburgh,PA,15241
905,1500 Boyce Rd,Pittsburgh,PA,15241
906,813 South Ave,Pittsburgh,PA,15221
907,29 N 3rd St,Duquesne,PA,15110
908,2 Deweyville (at Willow St) Road,Mc Kees Rocks,PA,15136
909,845 1st Avenue,Brackenridge,PA,15014
910,1101 S Braddock Ave,Pittsburgh,PA,15218
911,2794 Columbia  Avenue,Pittsburgh,PA,15221
912,513 Park Ave,Pittsburgh,PA,15221
913,845 Talbot  Avenue,Braddock,PA,15104
914,18 Forest Rd,Bradfordwoods,PA,15015
915,112 Broadway St,Coraopolis,PA,15108
916,590 Crane Ave,Pittsburgh,PA,15216
917,428 N State St,Clairton,PA,15025
918,6800 Frankstown Avenue,Pittsburgh,PA,15208
919,540 540 3rd Avenue,Bridgeville,PA,15017
920,1500 Washington Rd,Pittsburgh,PA,15228
921,211 Summit Park Drive,Pittsburgh,PA,15275
922,4976 McKnight Rd,Pittsburgh,PA,15237
923,250 Bridge Street,Homestead,PA,15120
924,94 Locust Street,Pittsburgh,PA,15223
925,2110 Brighton Rd,Pittsburgh,PA,15212
926,1413 Potomac Avenue,Pittsburgh,PA,15216
927,740 Warrington Avenue,Pittsburgh,PA,15210
928,376 Kaiser  Way,Pittsburgh,PA,15227
929,110 Park Drive,Pittsburgh,PA,15227
930,118 Park Drive,Pittsburgh,PA,15227
931,3601 Brownsville Rd,Pittsburgh,PA,15227
932,3433 Brownsville  Road,Pittsburgh,PA,15227
933,3315 Liberty Ave,Pittsburgh,PA,15201
934,315 Mt Lebanon Boulevard,Pittsburgh,PA,15234
935,801 E Carson St,Pittsburgh,PA,15203
936,1709 Railroad  Street,Carnegie,PA,15106
937,370 Commercial Street,Bridgeville,PA,15017
938,5001 Baptist Rd,Pittsburgh,PA,15236
939,1521 Wallace  Road,Library,PA,15129
940,2629 E Carson  Street,Pittsburgh,PA,15203
941,774 Pine Valley Dr,Pittsburgh,PA,15239
942,921 Lynn Avenue,Turtle Creek,PA,15145
943,3801 Brighton  Road,Pittsburgh,PA,15212
944,3515 McClure,Pittsburgh,PA,15212
945,5990 University Blvd #11,Coraopolis,PA,15108
946,2401 Noblestown Rd,Pittsburgh,PA,15205
947,1308 Rt 19,Mars,PA,16046
948,925 Liberty Avenue,Pittsburgh,PA,15222
949,5919 Penn  Avenue,Pittsburgh,PA,15206
950,4 Smithfield St,Pittsburgh,PA,15222
951,826 Hazelwood Ave,Pittsburgh,PA,15217
952,415 Smithfield Street,Pittsburgh,PA,15222
953,700 Lincoln Highway,North Versailles,PA,15137
954,415 Lysle Blvd,Mc Keesport,PA,15132
955,420 Chartiers Avenue,Mc Kees Rocks,PA,15136
956,45 Bates St,Pittsburgh,PA,15213
957,4104 Penn  Avenue,Pittsburgh,PA,15224
958,3000 Locust St,Pittsburgh,PA,15221
959,123 University Place,Pittsburgh,PA,15260
960,1025 Broad Street,North Versailles,PA,15137
961,719 Broadway Avenue,Mc Kees Rocks,PA,15136
962,412 Broadway Ave,Mc Kees Rocks,PA,15136
963,295 Broadway Avenue,Mc Kees Rocks,PA,15136
964,2305 Versailles,Mc Keesport,PA,15132
965,5920 Steubenville Pike,Mc Kees Rocks,PA,15136
966,1400 Oakridge  Street,Pittsburgh,PA,15226
967,1036 Brookline Blvd,Pittsburgh,PA,15226
968,1330 Brookline Blvd,Pittsburgh,PA,15226
969,806 Brookline  Boulevard,Pittsburgh,PA,15226
970,721 Brookline Blvd,Pittsburgh,PA,15226
971,1036 Brookline  Boulevard,Pittsburgh,PA,15226
972,1500 Lincoln  Avenue,Pittsburgh,PA,15206
973,1720 Hassam Rd,Coraopolis,PA,15108
974,808 Main Street,Pittsburgh,PA,15215
975,136 Old Beaver Grade Road,Coraopolis,PA,15108
976,1030 Cochran Mill Rd,Pittsburgh,PA,15236
977,1400 Boyle Street,Pittsburgh,PA,15212
978,1810 Brownsville  Road,Pittsburgh,PA,15210
979,539 Allegheny  Avenue,Oakmont,PA,15139
980,1703 Monongahela  Avenue,Pittsburgh,PA,15218
981,530 Bruceton  Road,Pittsburgh,PA,15236
982,1152 Cochran Mill  Road,Pittsburgh,PA,15236
983,1801 E Carson St,Pittsburgh,PA,15203
984,25 Market Square,Pittsburgh,PA,15222
985,1134 Thorn Run Ext,Coraopolis,PA,15108
986,5217 Clairton Blvd,Pittsburgh,PA,15236
987,1644 Cochran Road,Pittsburgh,PA,15220
988,3714 Forbes  Avenue,Pittsburgh,PA,15213
989,806 S Aiken St,Pittsburgh,PA,15232
990,5213 Library  Road,Bethel Park,PA,15102
991,4885 McKnight Rd,Pittsburgh,PA,15237
992,422 Beaver St,Sewickley,PA,15143
993,429 4th  Avenue,Pittsburgh,PA,15219
994,1719 Murray Ave,Pittsburgh,PA,15217
995,411 7th Avenue,Pittsburgh,PA,15219
996,1720 Washington Rd,Pittsburgh,PA,15241
997,531 Grant Street,Pittsburgh,PA,15219
998,&nbsp; Pgh Intl Airport / SE-10A/B,Pittsburgh,PA,15231
999,409 Beaver  Street,Sewickley,PA,15143
1000,2884 E Hardies Rd,Gibsonia,PA,15044
