7001,815 Aiken Avenue,Pittsburgh,PA,15232
7002,2114 Murray Avenue,Pittsburgh,PA,15217
7003,907 Chartiers Ave,Mc Kees Rocks,PA,15136
7004,5929 Baum Blvd,Pittsburgh,PA,15206
7005,209 Lock Street,Tarentum,PA,15084
7006,9805 McKnight Rd,Pittsburgh,PA,15237
7007,4801 Mcknight  Road,Pittsburgh,PA,15237
7008,4004 Monroeville Blvd,Monroeville,PA,15146
7009,600 Chauvet Drive,Pittsburgh,PA,15275
7010,360 E Waterfront Dr,Homestead,PA,15120
7011,1717 Lebanon Church Rd,West Mifflin,PA,15122
7012,288 Mt. Nebo Pointe Drive,Pittsburgh,PA,15237
7013,4801 McKnight Rd,Pittsburgh,PA,15237
7014,550 Grandview Crossing  Drive,Gibsonia,PA,15044
7015,2661 Freeport Road,Pittsburgh,PA,15238
7016,6231 Penn Avenue,Pittsburgh,PA,15206
7017,201 South Hills Village,Pittsburgh,PA,15241
7018,600 Chauvet Drive,Pittsburgh,PA,15275
7019,9805 McKnight Rd,Pittsburgh,PA,15237
7020,288 Mt Nebo Pointe Drive,Pittsburgh,PA,15237
7021,550 Grandview Crossing  Drive,Gibsonia,PA,15044
7022,2661 Freeport  Road,Pittsburgh,PA,15238
7023,1717 Lebanon Church Rd,West Mifflin,PA,15122
7024,6231 Penn  Avenue,Pittsburgh,PA,15206
7025,360 E Waterfront  Drive,Homestead,PA,15120
7026,201 South Hills Village,Pittsburgh,PA,15241
7027,4004 Monroeville  Boulevard,Monroeville,PA,15146
7028,400 Craig Street,Pittsburgh,PA,15213
7029,1 Virginia Ave,Pittsburgh,PA,15211
7030,420 Boulevard of the Allies,Pittsburgh,PA,15219
7031,213 S Highland Ave,Pittsburgh,PA,15206
7032,11633 Penn Hills Drive,Pittsburgh,PA,15235
7033,1414 Paden Street,Pittsburgh,PA,15221
7034,4604 Clairton Boulevard,Pittsburgh,PA,15236
7035,211 Commercial  Avenue,Pittsburgh,PA,15215
7036,1827 Murray  Avenue,Pittsburgh,PA,15217
7037,2000 Murray Avenue,Pittsburgh,PA,15217
7038,4114 Main St,Pittsburgh,PA,15224
7039,1000 Ross Park Mall Dr #C14C,Pittsburgh,PA,15237
7040,301 South Hills Village,Pittsburgh,PA,15241
7041,225 B Monroeville Mall,Monroeville,PA,15146
7042,3311 Brighton Rd,Pittsburgh,PA,15212
7043,801 S Warrington Ave,Pittsburgh,PA,15210
7044,4415 Northern Pike,Monroeville,PA,15146
7045,8400 Thompson Run Rd,Allison Park,PA,15101
7046,5505 Forbes Ave,Pittsburgh,PA,15217
7047,960 Penn Avenue,Pittsburgh,PA,15222
7048,4300 Butler Street,Pittsburgh,PA,15201
7049,550 Coal Valley Rd,Clairton,PA,15025
7050,200 Cedar Ridge Dr Ste. 213,Mc Kees Rocks,PA,15136
7051,2852 Oxford Blvd,Allison Park,PA,15101
7052,10 N Meadows Dr,Wexford,PA,15090
7053,300 Weyman Pl,Pittsburgh,PA,15236
7054,102 Teddy Bear Ln,Mars,PA,16046
7055,8633 Old Perry Hwy,Pittsburgh,PA,15237
7056,5189 Library  Road,Bethel Park,PA,15102
7057,4721 McKnight Rd,Pittsburgh,PA,15237
7058,2220 Swallow Hill Road,Pittsburgh,PA,15220
7059,5030 Centre Ave,Pittsburgh,PA,15213
7060,601 Holiday Drive / Foster Plaza #3,Pittsburgh,PA,15220
7061,4420 Old Wm Penn Hwy,Monroeville,PA,15146
7062,121 Oakland Avenue,Pittsburgh,PA,15213
7063,4797 Library  Road,Bethel Park,PA,15102
7064,901 Pennsylvania Avenue,Oakmont,PA,15139
7065,5808 Bryant Street,Pittsburgh,PA,15206
7066,380 North Shore Drive,Pittsburgh,PA,15212
7067,4361 Wm Flynn Highway,Allison Park,PA,15101
7068,5253 Brownsville Rd,Pittsburgh,PA,15236
7069,1180 Woodland Ave,Clairton,PA,15025
7070,906 Chartiers Ave,Mc Kees Rocks,PA,15136
7071,4601 Liberty Ave,Pittsburgh,PA,15224
7072,857 Phineas St,Pittsburgh,PA,15212
7073,701 W Grant Ave,Duquesne,PA,15110
7074,204 Bessemer St,Pittsburgh,PA,15219
7075,1155 Washington Pike,Bridgeville,PA,15017
7076,8650 Duncan Avenue,Pittsburgh,PA,15237
7077,2622 5th Ave,Mc Keesport,PA,15132
7078,330 Freeport  Road,Pittsburgh,PA,15238
7079,1109 Braddock  Avenue,Pittsburgh,PA,15218
7080,4627 Liberty Ave,Pittsburgh,PA,15224
7081,1950 Settlers Ridge Center Drive,Pittsburgh,PA,15205
7082,4505 Liberty Ave,Pittsburgh,PA,15224
7083,&nbsp; 5th Ave &amp; Bigelow Blvd,Pittsburgh,PA,15224
7084,3608 5th  Avenue,Pittsburgh,PA,15213
7085,5409 Glenwood Ave,Pittsburgh,PA,15207
7086,118 23rd Street,Pittsburgh,PA,15203
7087,5528 Walnut St,Pittsburgh,PA,15232
7088,1034 Freeport Rd,Pittsburgh,PA,15238
7089,12009 Perry Hwy,Wexford,PA,15090
7090,1409 Potomac Avenue,Pittsburgh,PA,15216
7091,172 Lincoln Avenue,Pittsburgh,PA,15202
7092,247 Edgewood  Avenue,Pittsburgh,PA,15218
7093,665 Washington  Road,Pittsburgh,PA,15228
7094,5123 Butler Street,Pittsburgh,PA,15201
7095,420 Blvd of the Allies  1st Floor,Pittsburgh,PA,15219
7096,2201 Duncan Ave,Allison Park,PA,15101
7097,1700 Mt Royal Blvd,Glenshaw,PA,15116
7098,4635 Butler  Street,Pittsburgh,PA,15201
7099,1101 Murtland  Avenue,Pittsburgh,PA,15208
7100,875 Greentree Road,Pittsburgh,PA,15220
7101,5326 Butler Street,Pittsburgh,PA,15201
7102,1544 Beechview Ave,Pittsburgh,PA,15216
7103,3908 William Flynn Highway,Slippery Rock,PA,16057
7104,730 Holiday Drive / Foster Plaza #8,Pittsburgh,PA,15220
7105,1635 McFarland Road,Pittsburgh,PA,15216
7106,420 Craig Street,Pittsburgh,PA,15213
7107,5825 Ellsworth Ave,Pittsburgh,PA,15232
7108,5885 Forbes Ave,Pittsburgh,PA,15217
7109,489 Castle Shannon Blvd,Pittsburgh,PA,15234
7110,202 5th Avenue,Tarentum,PA,15084
7111,616 North  Avenue,Pittsburgh,PA,15209
7112,2117 Penn Avenue,Pittsburgh,PA,15222
7113,4812 Liberty Avenue,Pittsburgh,PA,15224
7114,1070 Banksville Avenue,Pittsburgh,PA,15216
7115,6001 Smithfield  Street,Mc Keesport,PA,15135
7116,1150 Brookline Blvd,Pittsburgh,PA,15226
7117,512 Braddock Avenue,Braddock,PA,15104
7118,734 Brookline Blvd,Pittsburgh,PA,15226
7119,558 Imet Road,Normalville,PA,15469
7120,&nbsp; Pgh Intl Airport / SE-1,Pittsburgh,PA,15231
7121,&nbsp; Pgh Intl Airport / NW-2,Pittsburgh,PA,15231
7122,5222 Butler Street,Pittsburgh,PA,15201
7123,7227 Reynolds  Street,Pittsburgh,PA,15208
7124,1212 Smallman  Street,Pittsburgh,PA,15222
7125,100 Mt Pleasant  Road,Warrendale,PA,15086
7126,320 North  Avenue,Pittsburgh,PA,15212
7127,2 Main St Rear,Carnegie,PA,15106
7128,500 Grant Street,Pittsburgh,PA,15219
7129,1144 Brownsville Rd,Pittsburgh,PA,15210
7130,415 S 27th St,Pittsburgh,PA,15203
7131,1000 Ross Park Mall Dr / Suite #LL03,Pittsburgh,PA,15237
7132,5324 Penn Avenue,Pittsburgh,PA,15224
7133,5830 Forbes  Avenue,Pittsburgh,PA,15217
7134,3525 Liberty  Avenue,Pittsburgh,PA,15201
7135,7507 Kelly Street,Pittsburgh,PA,15208
7136,700 Brown Avenue,Turtle Creek,PA,15145
7137,5268 Butler Street,Pittsburgh,PA,15201
7138,1000 Nevillewood Drive,Presto,PA,15142
7139,1 Racquet  Lane,Monroeville,PA,15146
7140,1000 Nevillewood Drive,Presto,PA,15142
7141,3160 Library  Road,Pittsburgh,PA,15234
7142,9100 Babcock Blvd,Pittsburgh,PA,15237
7143,48 Fox Chapel Road,Pittsburgh,PA,15238
7144,10 Old Clairton  Road,Pittsburgh,PA,15236
7145,5840 Forbes  Avenue,Pittsburgh,PA,15217
7146,5524 Walnut St,Pittsburgh,PA,15232
7147,151 Bakery Square Boulevard,Pittsburgh,PA,15206
7148,299 Beverly Rd,Pittsburgh,PA,15216
7149,226 Shady  Avenue,Pittsburgh,PA,15206
7150,308 Ross Street,Pittsburgh,PA,15219
7151,6035 Ridge Road,Gibsonia,PA,15044
7152,200 Robinson  Street,Pittsburgh,PA,15213
7153,1015 5th St,West Elizabeth,PA,15088
7154,345 Court Street,Coraopolis,PA,15108
7155,4131 Brownsville Road,Pittsburgh,PA,15227
7156,608 Washington  Avenue,Bridgeville,PA,15017
7157,5301 Grove Road,Pittsburgh,PA,15236
7158,1050 McNeilly Rd,Pittsburgh,PA,15226
7159,105 Clinton Avenue,Oakdale,PA,15071
7160,13041 Frankstown Rd,Pittsburgh,PA,15235
7161,2 Rich Hill  Road,Cheswick,PA,15024
7162,201 5th  Avenue,Mc Keesport,PA,15132
7163,530 Keystone  Drive,Warrendale,PA,15086
7164,928 Chartiers Avenue,Pittsburgh,PA,15220
7165,9970 Mountain View Drive,West Mifflin,PA,15122
7166,314 Airbrake Avenue,Wilmerding,PA,15148
7167,2122 Brownsville Rd,Pittsburgh,PA,15210
7168,4214 Steubenville Pike,Pittsburgh,PA,15205
7169,1805 Babcock  Boulevard,Pittsburgh,PA,15209
7170,1500 Carson Street,Pittsburgh,PA,15203
7171,147 Flaugherty Run Rd,Coraopolis,PA,15108
7172,109 S 12th St,Pittsburgh,PA,15203
7173,239-241 Main Street,Carnegie,PA,15106
7174,381 North Shore Drive,Pittsburgh,PA,15212
7175,1551 Washington Rd,Pittsburgh,PA,15228
7176,2485 Underwood Street,Pittsburgh,PA,15227
7177,4800 Friendship Ave,Pittsburgh,PA,15224
7178,320 North Avenue,Pittsburgh,PA,15212
7179,4517 Butler Street,Pittsburgh,PA,15201
7180,11752 Frankstown  Road,Pittsburgh,PA,15235
7181,1003 Perry Highway,Pittsburgh,PA,15237
7182,243 Brownsville Road,Pittsburgh,PA,15210
7183,344 N Sheridan  Avenue,Pittsburgh,PA,15206
7184,3462 Wm Penn Hwy,Pittsburgh,PA,15235
7185,2000 E Carson Street,Pittsburgh,PA,15203
7186,401 Perry Highway,Pittsburgh,PA,15229
7187,395 Jacks Run Rd,Pittsburgh,PA,15202
7188,424 Semple Street,Pittsburgh,PA,15213
7189,1413 Cathell  Road,Pittsburgh,PA,15236
7190,445 Bairdford  Road,Bairdford,PA,15006
7191,500 Flaugherty Run Road,Coraopolis,PA,15108
7192,809 Liberty Avenue,Pittsburgh,PA,15222
7193,3400 Harts Run Road,Glenshaw,PA,15116
7194,5836 Brownsville Road,Pittsburgh,PA,15236
7195,3704 Greensprings Ave,West Mifflin,PA,15122
7196,5510 Babcock Blvd,Pittsburgh,PA,15237
7197,2749 Noblestown Road,Pittsburgh,PA,15205
7198,228 Marlboro Drive,New Kensington,PA,15068
7199,601 Monongahela Avenue,Glassport,PA,15045
7200,1648 Broadway Ave,Pittsburgh,PA,15216
7201,100 North  Avenue,Pittsburgh,PA,15212
7202,1000 Locust Street,Pittsburgh,PA,15282
7203,7958 Steubenville Pike,Imperial,PA,15126
7204,115 7th  Avenue,Mc Keesport,PA,15132
7205,4100 Bigelow Boulevard,Pittsburgh,PA,15213
7206,133 23rd St,Pittsburgh,PA,15203
7207,250 Pacific Avenue,Pittsburgh,PA,15224
7208,1100 Hayden Blvd,Elizabeth,PA,15037
7209,2302 E Carson St,Pittsburgh,PA,15203
7210,1100 Grove Road,Pittsburgh,PA,15234
7211,300 Swissvale Avenue,Pittsburgh,PA,15218
7212,1903 Donner Street,Mc Keesport,PA,15135
7213,124 Highland Avenue,Pittsburgh,PA,15206
7214,1126 Braddock  Avenue,Pittsburgh,PA,15218
7215,1407 Lincoln  Avenue,Pittsburgh,PA,15206
7216,150 Youthtowne Drive,Clinton,PA,15026
7217,500 Sampsonia Way,Pittsburgh,PA,15212
7218,498 Camp Horne Rd,Pittsburgh,PA,15237
7219,345 Court Street,Coraopolis,PA,15108
7220,1 Anchor Drive,Pittsburgh,PA,15238
7221,4329 Northern Pike,Monroeville,PA,15146
7222,125 Station Square Drive,Pittsburgh,PA,15219
7223,939 3rd Street,Oakmont,PA,15139
7224,1705 E Carson St,Pittsburgh,PA,15203
7225,314 5th Ave,Pittsburgh,PA,15222
7226,3033 Banksville Road,Pittsburgh,PA,15216
7227,33 Lonsdale Street,Pittsburgh,PA,15212
7228,5847 Meridian Road,Gibsonia,PA,15044
7229,709 Aiken Avenue,Pittsburgh,PA,15206
7230,6 Allegheny  Square,Pittsburgh,PA,15212
7231,520 Ohio Street,Pittsburgh,PA,15212
7232,536 Brookline Blvd,Pittsburgh,PA,15226
7233,1501 Reedsdale  Street,Pittsburgh,PA,15233
7234,1439 N Franklin St,Pittsburgh,PA,15233
7235,4004  1/2 Main St,Homestead,PA,15120
7236,500 1st Avenue,Pittsburgh,PA,15219
7237,4024 O&#39;Hara Street,Pittsburgh,PA,15213
7238,260 Mall Blvd,Monroeville,PA,15146
7239,527 Clairton Blvd,Pittsburgh,PA,15236
7240,971 Greentree Road,Pittsburgh,PA,15220
7241,8400 McKnight Rd,Pittsburgh,PA,15237
7242,6000 Oxford Dr,Bethel Park,PA,15102
7243,6000 Robinson Center Drive,Pittsburgh,PA,15205
7244,1010 Pittsburgh Mills Blvd,Tarentum,PA,15084
7245,108 19th Street,Pittsburgh,PA,15222
7246,5824 Forbes Ave,Pittsburgh,PA,15217
7247,3611 Library  Road,Pittsburgh,PA,15234
7248,5 McMasters Way,Pittsburgh,PA,15222
7249,30 McIntyre SQ Drive,Pittsburgh,PA,15237
7250,2229 Swallow Hill Road,Carnegie,PA,15106
7251,2500 Swallow Hill Road,Pittsburgh,PA,15220
7252,2000 Village Run  Road,Wexford,PA,15090
7253,228 Center Road,Monroeville,PA,15146
7254,1800 Rialto  Street,Pittsburgh,PA,15212
7255,1620 Pennsylvania  Avenue,Pittsburgh,PA,15233
7256,5147 Penn Ave,Pittsburgh,PA,15224
7257,1775 Highland Road,Pittsburgh,PA,15241
7258,5018 Bakerstown Rd,Gibsonia,PA,15044
7259,1798 Saxonburg Boulevard,Tarentum,PA,15084
7260,2763 E Carson St,Pittsburgh,PA,15203
7261,564 Lincoln Avenue,Pittsburgh,PA,15202
7262,1854 Forbes Ave,Pittsburgh,PA,15219
7263,10 Childrens Way,Pittsburgh,PA,15212
7264,3418 Penn  Avenue,Pittsburgh,PA,15201
7265,209 21st Street,Pittsburgh,PA,15222
7266,2601 Norwood  Avenue,Pittsburgh,PA,15214
7267,445  227 Street,Pittsburgh,PA,15203
7268,3502 Main St,Homestead,PA,15120
7269,1711 Clairton Rd,West Mifflin,PA,15122
7270,4065 Penn  Avenue,Pittsburgh,PA,15224
7271,5200 Brownsville Rd,Pittsburgh,PA,15236
7272,4101 Library  Road,Pittsburgh,PA,15234
7273,3050 Churchview  Avenue,Pittsburgh,PA,15227
7274,3504 Main St,Homestead,PA,15120
7275,1315 Mifflin Rd,Pittsburgh,PA,15207
7276,221 Schenley Drive,Pittsburgh,PA,15213
7277,4655 Wm Flynn Hwy #118-119,Allison Park,PA,15101
7278,2316 E Carson St,Pittsburgh,PA,15203
7279,614 Pressley St,Pittsburgh,PA,15212
7280,333 Allegheny  Avenue,Oakmont,PA,15139
7281,1830 Carson  Street,Pittsburgh,PA,15203
7282,882 Deer Creek Road,Gibsonia,PA,15044
7283,620 7th Avenue,Tarentum,PA,15084
7284,198 Vaira Lane,Elizabeth,PA,15037
7285,337 5th Ave,Braddock,PA,15104
7286,504 Park Avenue,Elizabeth,PA,15037
7287,301 Grant Street,Pittsburgh,PA,15219
7288,301 Grant Street,Pittsburgh,PA,15219
7289,505 Rochester Rd,Pittsburgh,PA,15237
7290,1041 Hiland Avenue,Coraopolis,PA,15108
7291,699 O&#39;Neil Boulevard,Mc Keesport,PA,15132
7292,2811 Lincoln Way,Mc Keesport,PA,15131
7293,3720 Butler St,Pittsburgh,PA,15201
7294,850 Ohio River Blvd,Pittsburgh,PA,15202
7295,560 Lincoln Ave,Pittsburgh,PA,15202
7296,201 Church Road,Wexford,PA,15090
7297,622 Washington  Road,Pittsburgh,PA,15228
7298,917 Brackenridge Avenue,Brackenridge,PA,15014
7299,820 Parish Street,Pittsburgh,PA,15220
7300,1060 McNeilly Rd,Pittsburgh,PA,15226
7301,807 5th Ave,Coraopolis,PA,15108
7302,5384 Mifflin  Road,Pittsburgh,PA,15207
7303,932 Beaver Grade Rd,Coraopolis,PA,15108
7304,532 Greendale Avenue,Pittsburgh,PA,15218
7305,665 Washington Rd,Pittsburgh,PA,15228
7306,613 Beaver  Street,Sewickley,PA,15143
7307,2200 Brownsville Rd,Library,PA,15129
7308,2210 Carson Street,Pittsburgh,PA,15203
7309,1501 Highwood Avenue,North Versailles,PA,15137
7310,11675B Frankstown  Road,Pittsburgh,PA,15235
7311,1100 Grandview Ave,Mc Keesport,PA,15133
7312,345 Court Street,Coraopolis,PA,15108
7313,101 Hickory Hill Road,Pittsburgh,PA,15238
7314,100 Hafner  Avenue,Pittsburgh,PA,15223
7315,2123 Penn Avenue,Pittsburgh,PA,15222
7316,200 Shiloh  Street,Pittsburgh,PA,15211
7317,600 Towne Square Way,Pittsburgh,PA,15227
7318,401 Mc Coy Rd,Mc Kees Rocks,PA,15136
7319,4099 Willian Penn Highway,Monroeville,PA,15146
7320,15 DeWalt St,Pittsburgh,PA,15227
7321,7001 Steubenville Pike,Oakdale,PA,15071
7322,345 Court Street,Coraopolis,PA,15108
7323,4201 Bigelow Blvd,Pittsburgh,PA,15213
7324,128 Highland Avenue,Pittsburgh,PA,15206
7325,2351 Noblestown Road,Pittsburgh,PA,15205
7326,445 Beaver St,Sewickley,PA,15143
7327,1798 Highland  Road,Pittsburgh,PA,15241
7328,1060 Morewood  Avenue,Pittsburgh,PA,15213
7329,801 Negley Avenue,Pittsburgh,PA,15206
7330,216 Highland Avenue,Pittsburgh,PA,15206
7331,1209 Carson Street,Pittsburgh,PA,15203
7332,4306 Butler Street,Pittsburgh,PA,15201
7333,1840 Homeville Rd,West Mifflin,PA,15122
7334,400 Beaver  Street,Sewickley,PA,15143
7335,5850 Meridian Rd,Gibsonia,PA,15044
7336,730 Bower Hill Rd,Pittsburgh,PA,15243
7337,210 Settlers Ridge Center Drive,Pittsburgh,PA,15205
7338,4850 McKnight Road,Pittsburgh,PA,15237
7339,4145 Wm Penn Highway,Monroeville,PA,15146
7340,380 E Waterfront Dr,Homestead,PA,15120
7341,1002 Perry Highway,Pittsburgh,PA,15237
7342,117 Sandusky  Street,Pittsburgh,PA,15212
7343,301 Camp Meeting Rd,Sewickley,PA,15143
7344,4800 Friendship Ave,Pittsburgh,PA,15224
7345,10576 Perry Highway,Wexford,PA,15090
7346,3058 Washington Pike,Bridgeville,PA,15017
7347,736 Bellefonte Street,Pittsburgh,PA,15232
7348,100 5th Avenue,Pittsburgh,PA,15222
7349,320 Guys Run Road,Pittsburgh,PA,15238
7350,86 26th Street,Pittsburgh,PA,15203
7351,655 Penn Avenue,Pittsburgh,PA,15222
7352,1005 Walnut St,Mc Keesport,PA,15132
7353,1209 Streets Run Rd,Pittsburgh,PA,15236
7354,931 Liberty Avenue,Pittsburgh,PA,15222
7355,805 Broadway Ave,Mc Kees Rocks,PA,15136
7356,300 Industry Drive,Pittsburgh,PA,15275
7357,50 21st Street,Pittsburgh,PA,15222
7358,5701 5th Ave,Pittsburgh,PA,15232
7359,2412 Ferguson Road,Allison Park,PA,15101
7360,310 Old Clairton Rd,Pittsburgh,PA,15236
7361,4901 Ball Ave,West Mifflin,PA,15122
7362,3447 Harts Run Road,Glenshaw,PA,15116
7363,&nbsp; Pgh Intl Airport / LT-01,Pittsburgh,PA,15231
7364,1150 Freeport Rd,Pittsburgh,PA,15238
7365,&nbsp; Pgh Intl Airport / LTB-02,Pittsburgh,PA,15231
7366,&nbsp; Pgh Intl Airport / AC-26,Pittsburgh,PA,15231
7367,1785 Mayview Road,Bridgeville,PA,15017
7368,1828 Carson Street,Pittsburgh,PA,15203
7369,2003 E Carson St,Pittsburgh,PA,15203
7370,308 36th St,Mc Keesport,PA,15132
7371,120 Andrew Drive,Pittsburgh,PA,15275
7372,353 Shore Drive,Pittsburgh,PA,15212
7373,2155 Wylie Ave,Pittsburgh,PA,15219
7374,700 4th Ave,West Elizabeth,PA,15088
7375,62 McGovern Blvd,Glenwillard,PA,15046
7376,625 Old Clairton Rd,Pittsburgh,PA,15236
7377,5741 Ellsworth Avenue,Pittsburgh,PA,15232
7378,134 Elizabeth  Street,Pittsburgh,PA,15207
7379,5500 Walnut St,Pittsburgh,PA,15232
7380,4501 Liberty Ave,Pittsburgh,PA,15224
7381,187 Berryhill Road,Glenshaw,PA,15116
7382,612 Allegheny River Boulevard,Oakmont,PA,15139
7383,5855 Ellsworth Ave,Pittsburgh,PA,15232
7384,2525 Monroeville Blvd,Monroeville,PA,15146
7385,353 Freeport Rd,Pittsburgh,PA,15215
7386,3639 California Ave,Pittsburgh,PA,15212
7387,1044 Saxonburg Boulevard,Glenshaw,PA,15116
7388,2937 W Liberty  Avenue,Pittsburgh,PA,15216
7389,625 Allegheny  Avenue,Oakmont,PA,15139
7390,260 Little Deer Creek Road,Cheswick,PA,15024
7391,885 Ingomar Road,Allison Park,PA,15101
7392,1069 Washington Avenue,Carnegie,PA,15106
7393,956 Brookline  Boulevard,Pittsburgh,PA,15226
7394,228 Semple  Street,Pittsburgh,PA,15213
7395,971 Liberty Avenue,Pittsburgh,PA,15222
7396,1001 Montour Church Road,Oakdale,PA,15071
7397,7021 Steubenville Pike,Oakdale,PA,15071
7398,307 W Main St,Carnegie,PA,15106
7399,324 5th  Avenue,Mc Keesport,PA,15132
7400,93 16th Street,Pittsburgh,PA,15203
7401,93 16th Street,Pittsburgh,PA,15203
7402,701 5th Ave,Coraopolis,PA,15108
7403,111 2nd Avenue,Elizabeth,PA,15037
7404,114 Atwood  Street,Pittsburgh,PA,15213
7405,1827 McKees Rocks Road,Mc Kees Rocks,PA,15136
7406,5128 Penn Ave,Pittsburgh,PA,15224
7407,3109 Greenfield Road,Glenshaw,PA,15116
7408,10283 Perry Hwy,Wexford,PA,15090
7409,660 Washington Road,Pittsburgh,PA,15228
7410,300 5th Ave,Pittsburgh,PA,15222
7411,227 Commercial Ave,Pittsburgh,PA,15215
7412,2785 Freeport Road,Pittsburgh,PA,15238
7413,1006 Sutherland Drive,Pittsburgh,PA,15205
7414,1369 Center Ave,Pittsburgh,PA,15229
7415,4000 Oxford Drive,Bethel Park,PA,15102
7416,3735 Wm Penn Hwy,Monroeville,PA,15146
7417,275 Clairton Blvd,Pittsburgh,PA,15236
7418,2003 Cheryl Dr,Pittsburgh,PA,15237
7419,2001 Park Manor Boulevard,Pittsburgh,PA,15205
7420,1926 Spring Garden  Avenue,Pittsburgh,PA,15212
7421,9020 Covenant Avenue,Pittsburgh,PA,15237
7422,1630 Washington Rd. Ste 1,Pittsburgh,PA,15228
7423,6343 Penn Ave,Pittsburgh,PA,15206
7424,209 Industry Road,Buena Vista,PA,15018
7425,2849 Chartiers Avenue,Pittsburgh,PA,15204
7426,1205 Chartiers Ave,Mc Kees Rocks,PA,15136
7427,4050 Penn Ave,Pittsburgh,PA,15224
7428,412 Greentree Road,Pittsburgh,PA,15220
7429,300 Station Sq Dr,Pittsburgh,PA,15219
7430,1000 Penn Avenue,Pittsburgh,PA,15222
7431,796 Pittsburgh  Road,Butler,PA,16002
7432,115 Federal Street,Pittsburgh,PA,15212
7433,5898 Wilkins &amp; Shady Ave,Pittsburgh,PA,15217
7434,1719 Carson Street,Pittsburgh,PA,15203
7435,825 5th  Avenue,East Mc Keesport,PA,15035
7436,1529 Superior Ave,Pittsburgh,PA,15212
7437,2040 Monongahela Avenue,Pittsburgh,PA,15218
7438,145 Sandy Creek Rd,Verona,PA,15147
7439,2122 Monongahela Ave,Pittsburgh,PA,15218
7440,101 Amanda Street,Pittsburgh,PA,15210
7441,299 Ridge Ave,Pittsburgh,PA,15221
7442,847 10th Avenue,Brackenridge,PA,15014
7443,3900 Perrysville  Avenue,Pittsburgh,PA,15214
7444,823 Berry lane,Monongahela,PA,15063
7445,601 Allegheny Ave,Glassport,PA,15045
7446,3310 Industrial Boulevard,Bethel Park,PA,15102
7447,3360 Library  Road,Pittsburgh,PA,15234
7448,6247 Library  Road,Bethel Park,PA,15102
7449,610 Alpha Drive,Pittsburgh,PA,15238
7450,106 Gamma Drive,Pittsburgh,PA,15238
7451,1011 Beaver Grade Rd,Coraopolis,PA,15108
7452,11655 Frankstown  Road,Pittsburgh,PA,15235
7453,901 5th Ave,Mc Keesport,PA,15132
7454,6401 Penn Avenue,Pittsburgh,PA,15206
7455,3430 Wm Penn  Highway,Pittsburgh,PA,15235
7456,641 Clairton Blvd,Pittsburgh,PA,15236
7457,1155 Washington Pike Suite 49A,Bridgeville,PA,15017
7458,12 Ohio River Blvd / Ste 1B,Leetsdale,PA,15056
7459,105 West St,East Pittsburgh,PA,15112
7460,1202 Bell Ave,Braddock,PA,15104
7461,211 Grant  Street,Pittsburgh,PA,15209
7462,5819 Forbes Avenue,Pittsburgh,PA,15217
7463,1833 Laketon Rd,Pittsburgh,PA,15221
7464,107 Penn Ave,Turtle Creek,PA,15145
7465,6031 Baptist Rd,Pittsburgh,PA,15236
7466,5874 Forbes Avenue,Pittsburgh,PA,15217
7467,5360 Saltsburg Rd,Verona,PA,15147
7468,1224 Carson Street,Pittsburgh,PA,15203
7469,1985 Lincoln Way,Mc Keesport,PA,15131
7470,1600 Cornell Street,Mc Keesport,PA,15132
7471,4210 Main St,Pittsburgh,PA,15224
7472,5228 Thoms Run Road,Presto,PA,15142
7473,5228 Thoms Run Road,Presto,PA,15142
7474,1233 Penn Avenue,Pittsburgh,PA,15222
7475,431 Beaver Street,Sewickley,PA,15143
7476,5898 Wilkins  Avenue,Pittsburgh,PA,15217
7477,437 Balconade Drive,Pittsburgh,PA,15236
7478,1 Commerce Dr,Pittsburgh,PA,15239
7479,610 Monongahela Avenue,Glassport,PA,15045
7480,627 Lorenz Avenue,Pittsburgh,PA,15220
7481,297 Beverly  Road,Pittsburgh,PA,15228
7482,5115 Centre  Avenue,Pittsburgh,PA,15232
7483,5230 Centre  Avenue,Pittsburgh,PA,15232
7484,5230 Centre  Avenue,Pittsburgh,PA,15232
7485,5150 Centre  Avenue,Pittsburgh,PA,15232
7486,5150 Centre  Avenue,Pittsburgh,PA,15232
7487,2775 Mosside  Boulevard,Monroeville,PA,15146
7488,600 Grant Street,Pittsburgh,PA,15222
7489,1400 Locust Street,Pittsburgh,PA,15219
7490,1401 Forbes Ave,Pittsburgh,PA,15219
7491,1400 Locust Street,Pittsburgh,PA,15219
7492,2000 Mary Street,Pittsburgh,PA,15203
7493,9100 Babcock Blvd,Pittsburgh,PA,15237
7494,9100 Babcock Blvd,Pittsburgh,PA,15237
7495,200 Lothrop St Room #B1180,Pittsburgh,PA,15213
7496,200 Lothrop St,Pittsburgh,PA,15213
7497,200 Lothrop  Street,Pittsburgh,PA,15213
7498,200 Lothrop St EL33,Pittsburgh,PA,15213
7499,200 Lothrop Street,Pittsburgh,PA,15213
7500,200 Lothrop  Street,Pittsburgh,PA,15213
7501,3875 Bigelow Blvd,Pittsburgh,PA,15213
7502,2000 Mary St,Pittsburgh,PA,15203
7503,4215 Ohio River Boulevard,Pittsburgh,PA,15202
7504,1070 Braddock Ave,Braddock,PA,15104
7505,&nbsp; State St / Rt  837,Clairton,PA,15025
7506,1509 Muriel St,Pittsburgh,PA,15203
7507,1268 Camp Hollow Rd/ Irvin Works,Dravosburg,PA,15034
7508,611 Parkway View Drive,Pittsburgh,PA,15205
7509,178 Pius St,Pittsburgh,PA,15203
7510,50 33rd Street,Pittsburgh,PA,15201
7511,4141 Old Wm Penn Hwy,Monroeville,PA,15146
7512,3886 Old Wm Penn Hwy,Pittsburgh,PA,15235
7513,1901 Centre  Avenue,Pittsburgh,PA,15219
7514,302 Mansfield Blvd,Carnegie,PA,15106
7515,202 38th Street,Pittsburgh,PA,15201
7516,951 Liberty Avenue,Pittsburgh,PA,15222
7517,1535-37 Lowrie  Street,Pittsburgh,PA,15212
7518,551 5th Ave,Mc Keesport,PA,15132
7519,6535 Saltsburg Rd,Pittsburgh,PA,15235
7520,5808 Forbes Ave,Pittsburgh,PA,15217
7521,936 Freeport  Road,Pittsburgh,PA,15238
7522,225 Summit Park Drive,Pittsburgh,PA,15275
7523,210 Oakland Ave,Pittsburgh,PA,15213
7524,3285 Liberty Avenue,Pittsburgh,PA,15216
7525,130 Brownsville  Road,Pittsburgh,PA,15210
7526,1926 Brownsville Rd,Pittsburgh,PA,15210
7527,298 Knoedler  Road,Pittsburgh,PA,15236
7528,1300 Coraopolis Hgts Road,Coraopolis,PA,15108
7529,852 5th Avenue,Coraopolis,PA,15108
7530,101 Fern Hollow Road,Coraopolis,PA,15108
7531,1601 Lowrie Street,Pittsburgh,PA,15212
7532,2321 Worton Boulevard,West Mifflin,PA,15122
7533,3400 Versailles  Avenue,Mc Keesport,PA,15132
7534,830 Allegheny River   Boulevard,Oakmont,PA,15139
7535,551 State Street,Clairton,PA,15025
7536,1181 Romine Ave,Mc Keesport,PA,15133
7537,748 Brownsville Rd,Pittsburgh,PA,15210
7538,2117 Collingwood Ave,Pittsburgh,PA,15218
7539,413 S Craig  Street,Pittsburgh,PA,15213
7540,801 Union Place,Pittsburgh,PA,15212
7541,6165 Steubenville Pike,Mc Kees Rocks,PA,15136
7542,1240 Washington Rd,Pittsburgh,PA,15228
7543,44 Prospect Street,Pittsburgh,PA,15223
7544,3112 Chartiers Avenue,Pittsburgh,PA,15204
7545,5760 Wm Flynn Hwy,Gibsonia,PA,15044
7546,5001 Baptist,Pittsburgh,PA,15236
7547,1001 Brinton Road,Pittsburgh,PA,15221
7548,325 Unity Center Road,Pittsburgh,PA,15239
7549,2310 Main St,Pittsburgh,PA,15235
7550,2421 Main St,Pittsburgh,PA,15235
7551,2558 Universal Rd,Pittsburgh,PA,15235
7552,635 Clyde St,Pittsburgh,PA,15213
7553,123 University  Place,Pittsburgh,PA,15260
7554,320 Noel Dr,Monroeville,PA,15146
7555,1800 Forbes Avenue,Pittsburgh,PA,15219
7556,715 Dorseyville Road,Pittsburgh,PA,15238
7557,1825 McLaughlin Run Rd,Pittsburgh,PA,15241
7558,1825 McLaughlin Run Rd,Pittsburgh,PA,15241
7559,1820 McLaughlin Run Rd,Pittsburgh,PA,15241
7560,4310 Butler  Street,Pittsburgh,PA,15201
7561,723 Washington Rd,Pittsburgh,PA,15228
7562,4779 William Flynn Highway,Allison Park,PA,15101
7563,7926 Frankstown Avenue,Pittsburgh,PA,15221
7564,437 Turrett Street,Pittsburgh,PA,15206
7565,416 Semple  Street,Pittsburgh,PA,15213
7566,101 Hazlett St,Pittsburgh,PA,15214
7567,327 N Negley,Pittsburgh,PA,15206
7568,914 Penn  Avenue,Pittsburgh,PA,15222
7569,925 Penn Avenue,Pittsburgh,PA,15222
7570,400 Cherry Way,Pittsburgh,PA,15219
7571,1510 Versailles Ave,Mc Keesport,PA,15132
7572,4500 Butler Street,Pittsburgh,PA,15201
7573,11 5th  Avenue,Pittsburgh,PA,15222
7574,1010 Delafield  Road,Pittsburgh,PA,15240
7575,1010 Delafield  Road,Pittsburgh,PA,15240
7576,&nbsp; University Dr - C,Pittsburgh,PA,15240
7577,&nbsp; University Dr - C,Pittsburgh,PA,15240
7578,&nbsp; University Dr - C 1St Fl,Pittsburgh,PA,15240
7579,135 Little Deer Creek  Road,Cheswick,PA,15024
7580,6544 Church St,Library,PA,15129
7581,515 Beaver St,Leetsdale,PA,15056
7582,911 N State St,Clairton,PA,15025
7583,529 1/2 Beaver St,Sewickley,PA,15143
7584,1200 Broadway St,East Mc Keesport,PA,15035
7585,7971 Steubenville Pike,Oakdale,PA,15071
7586,1820 Morningside Ave,Pittsburgh,PA,15206
7587,1160 Milltown Rd,Verona,PA,15147
7588,605 North Avenue,Pittsburgh,PA,15209
7589,3801 Clairton Blvd,Pittsburgh,PA,15227
7590,401 Draper Street,East Pittsburgh,PA,15112
7591,208 4th Avenue,Tarentum,PA,15084
7592,429 Cline St,East Pittsburgh,PA,15112
7593,1902 Sundeman St,Pittsburgh,PA,15212
7594,1242 Chartiers Ave,Mc Kees Rocks,PA,15136
7595,318 52nd St,Pittsburgh,PA,15201
7596,386 Perry  Highway,Pittsburgh,PA,15229
7597,3014 W Liberty  Avenue,Pittsburgh,PA,15216
7598,970 Hough Dr,Pittsburgh,PA,15236
7599,440 Lebanon Rd,West Mifflin,PA,15122
7600,1101 Pittsburgh Street,Springdale,PA,15144
7601,2000 Braddock Avenue,Pittsburgh,PA,15218
7602,3405 South Park  Road,Bethel Park,PA,15102
7603,244 Provost Road,Pittsburgh,PA,15227
7604,650 Cherrington Pkwy,Coraopolis,PA,15108
7605,1216 Pittsburgh Street,Cheswick,PA,15024
7606,1004 New England Rd,Clairton,PA,15025
7607,108 Beaver  Street,Sewickley,PA,15143
7608,3418 Babcock Blvd,Pittsburgh,PA,15237
7609,220 5th Avenue,Pittsburgh,PA,15222
7610,1130 Braddock Avenue,Pittsburgh,PA,15218
7611,810 5th Avenue,Pittsburgh,PA,15219
7612,1268 Brinton Road,Pittsburgh,PA,15221
7613,848 Allegheny River Boulevard,Oakmont,PA,15139
7614,2812 State Street,Mc Keesport,PA,15131
7615,324 Cox Comb Hill Road,New Kensington,PA,15068
7616,4144 Saw Mill Run  Boulevard,Pittsburgh,PA,15227
7617,420 N Highland Ave,Pittsburgh,PA,15206
7618,3383 Rainbow Run Rd,Monongahela,PA,15063
7619,700 1st Street,Verona,PA,15147
7620,4901 Allegheny River Blvd,Verona,PA,15147
7621,312 Arch Street,Verona,PA,15147
7622,754 Allegheny River Boulevard,Verona,PA,15147
7623,566 South Avenue,Verona,PA,15147
7624,280 Hulton  Road,Verona,PA,15147
7625,798 Herron Avenue,Verona,PA,15147
7626,551 Wildwood Avenue,Verona,PA,15147
7627,1710 Forbes Avenue,Pittsburgh,PA,15219
7628,945 Washington  Boulevard,Pittsburgh,PA,15206
7629,881 Brackenridge Avenue,Brackenridge,PA,15014
7630,901 Monroe  Avenue,Mc Keesport,PA,15133
7631,1716 Lowrie St,Pittsburgh,PA,15212
7632,860 Western Avenue,Pittsburgh,PA,15233
7633,357 Pineview Dr,Elizabeth,PA,15037
7634,1113 Carson Street,Pittsburgh,PA,15203
7635,422 E Ohio St,Pittsburgh,PA,15212
7636,301 South Hills Village FC-11,Pittsburgh,PA,15241
7637,&nbsp; Pgh Intl Airport / AC-2B,Pittsburgh,PA,15231
7638,1000 Ross Park Mall Dr,Pittsburgh,PA,15237
7639,449 Pittsburgh Mills Circle,Tarentum,PA,15084
7640,100 Robinson Center Drive / 2556 Robinson Mall,Pittsburgh,PA,15205
7641,628 Smithfield Street,Pittsburgh,PA,15222
7642,344 Beaver St,Sewickley,PA,15143
7643,823 Miller Avenue,Clairton,PA,15025
7644,424 Main Street,Pittsburgh,PA,15220
7645,998 Ardmore Boulevard,Pittsburgh,PA,15221
7646,333 Mansfield Avenue,Pittsburgh,PA,15220
7647,8100 McKnight  Road,Pittsburgh,PA,15237
7648,8200 McKnight Rd,Pittsburgh,PA,15237
7649,2885 Liberty  Avenue,Pittsburgh,PA,15216
7650,5533 Bryant Street,Pittsburgh,PA,15206
7651,618 Brookline Blvd,Pittsburgh,PA,15226
7652,&nbsp; Pgh Int&#39;l Airport / SE-9B,Pittsburgh,PA,15231
7653,401 N Highland Ave,Pittsburgh,PA,15206
7654,401 Highland Avenue,Pittsburgh,PA,15206
7655,1300 Brodhead Road,Coraopolis,PA,15108
7656,880 Butler St,Pittsburgh,PA,15223
7657,200 Monroeville Mall,Monroeville,PA,15146
7658,301 South Hills Village / Sp 2055B,Pittsburgh,PA,15241
7659,432 Beaver Street,Sewickley,PA,15143
7660,500 Market St,Mc Keesport,PA,15132
7661,1398 Page St,Pittsburgh,PA,15233
7662,1019 Mt Royal Boulevard,Pittsburgh,PA,15223
7663,2011 Waverly St,Pittsburgh,PA,15218
7664,11745 Frankstown Rd,Pittsburgh,PA,15235
7665,231 Commercial Avenue,Pittsburgh,PA,15215
7666,4235 Murray Ave,Pittsburgh,PA,15217
7667,4740 Baum Blvd,Pittsburgh,PA,15213
7668,201 Allegheny Avenue,Oakmont,PA,15139
7669,3060 Liberty Avenue,Pittsburgh,PA,15216
7670,4896 Wm Flynn Highway,Allison Park,PA,15101
7671,422 Walnut Street,Sewickley,PA,15143
7672,935 Beaver Grade  Road,Coraopolis,PA,15108
7673,1786 Golden Mile Highway,Monroeville,PA,15146
7674,1687 Washington Rd,Pittsburgh,PA,15228
7675,691 Clairton Blvd,Pittsburgh,PA,15236
7676,1130 Perry Highway,Pittsburgh,PA,15237
7677,1025 Washington  Pike,Bridgeville,PA,15017
7678,2101 Greentree Road,Pittsburgh,PA,15220
7679,5644 Steubenville Pike,Mc Kees Rocks,PA,15136
7680,617 Brownsville Road,Pittsburgh,PA,15210
7681,5467 Penn Avenue,Pittsburgh,PA,15206
7682,205 9th Avenue,Homestead,PA,15120
7683,205 9th  Avenue,Homestead,PA,15120
7684,1200 Grandview  Avenue,Pittsburgh,PA,15211
7685,801 W Main St,Carnegie,PA,15106
7686,250 N Bellefield Ave,Pittsburgh,PA,15213
7687,500 State  Street,Clairton,PA,15025
7688,2306 Penn Avenue,Pittsburgh,PA,15222
7689,1932 Bradley St,Pittsburgh,PA,15211
7690,2150 Roswell Drive,Pittsburgh,PA,15205
7691,3379 Stafford  Street,Pittsburgh,PA,15204
7692,1018 W North Ave,Pittsburgh,PA,15233
7693,373 Burrows  Street,Pittsburgh,PA,15213
7694,219 Winebiddle  Street,Pittsburgh,PA,15224
7695,1200 Wolfe  Avenue,Braddock,PA,15104
7696,4212 Forbes Avenue,Pittsburgh,PA,15213
7697,1707 Murray Avenue,Pittsburgh,PA,15217
7698,2517 Carson Street,Pittsburgh,PA,15203
7699,10339 Perry Highway,Wexford,PA,15090
7700,4978 Middle Rd,Gibsonia,PA,15044
7701,550 McKeesport  Road,Elizabeth,PA,15037
7702,4717 Liberty Avenue,Pittsburgh,PA,15224
7703,300 Wal-Mart Dr,Gibsonia,PA,15044
7704,7500 University  Boulevard,Coraopolis,PA,15108
7705,2200 Washington Pike,Carnegie,PA,15106
7706,877 Freeport Rd,Pittsburgh,PA,15238
7707,5055 Library  Road,Bethel Park,PA,15102
7708,2351 Century  Drive,West Mifflin,PA,15122
7709,250 Summit Park Drive,Pittsburgh,PA,15275
7710,100 Wal-Mart Dr,North Versailles,PA,15137
7711,4015 Freeport Road,Natrona Heights,PA,15065
7712,2010 Village Center Drive,Tarentum,PA,15084
7713,201 Winebiddle  Street,Pittsburgh,PA,15224
7714,1701 Wm Flynn Hwy,Glenshaw,PA,15116
7715,5956 Centre  Avenue,Pittsburgh,PA,15206
7716,4885 McKnight Rd,Pittsburgh,PA,15237
7717,2055 Old Washington Pike,Carnegie,PA,15106
7718,30 Pine Creek Rd,Wexford,PA,15090
7719,112 Steuben  Street,Pittsburgh,PA,15205
7720,7628 Penn Ave,Pittsburgh,PA,15221
7721,6906 University Blvd,Coraopolis,PA,15108
7722,4900 Library Rd,Bethel Park,PA,15102
7723,1741 Washington Rd,Pittsburgh,PA,15241
7724,4 Old Clairton Rd,Pittsburgh,PA,15236
7725,10707 Frankstown Rd,Pittsburgh,PA,15235
7726,133 8th Avenue,Homestead,PA,15120
7727,6201 Saltsburg Road,Pittsburgh,PA,15235
7728,324 Hulton Road,Oakmont,PA,15139
7729,1303 Brownsville  Road,Pittsburgh,PA,15210
7730,1000 Chartiers Avenue,Pittsburgh,PA,15220
7731,176 McGovern Blvd,Glenwillard,PA,15046
7732,2024 Sarah St,Pittsburgh,PA,15203
7733,1146 Greentree Road,Pittsburgh,PA,15220
7734,123 Highland  Avenue,Pittsburgh,PA,15206
7735,1595 Washington Pike,Bridgeville,PA,15017
7736,1210 Settlers Ridge Center Drive,Pittsburgh,PA,15205
7737,911 Freeport Rd,Pittsburgh,PA,15238
7738,12599 Perry Hwy,Wexford,PA,15090
7739,44 Adams Rd,West Mifflin,PA,15122
7740,4324 Walnut St,Mc Keesport,PA,15132
7741,1435 Spring Garden Avenue,Pittsburgh,PA,15212
7742,3625 Brownsville Road,Pittsburgh,PA,15227
7743,2604 Centre Avenue,Pittsburgh,PA,15219
7744,329 Warrington Avenue,Pittsburgh,PA,15210
7745,900 Sleepy Hollow  Road,Pittsburgh,PA,15234
7746,735 Washington Rd,Pittsburgh,PA,15228
7747,930 Freeport Rd,Pittsburgh,PA,15238
7748,255 Negley  Avenue,Pittsburgh,PA,15206
7749,100 Walmart Dr,North Versailles,PA,15137
7750,2840 Smallman  Street,Pittsburgh,PA,15222
7751,1819 Ellsworth Avenue,Carnegie,PA,15106
7752,4121 Main St,Homestead,PA,15120
7753,1900 Greentree Road,Pittsburgh,PA,15220
7754,100 Terence Dr,Pittsburgh,PA,15236
7755,903 Watson Street,Pittsburgh,PA,15219
7756,200 Alter Road,Natrona Heights,PA,15065
7757,7325 Frankstown Ave,Pittsburgh,PA,15208
7758,1125 Washington Pike,Bridgeville,PA,15017
7759,7317 McKnight  Road,Pittsburgh,PA,15237
7760,802 West View Park  Drive,Pittsburgh,PA,15229
7761,1015 Ohio River Boulevard,Pittsburgh,PA,15202
7762,603 Clairton Blvd,Pittsburgh,PA,15236
7763,2237 Noblestown Road,Pittsburgh,PA,15205
7764,6296 Steubenville  Pike,Pittsburgh,PA,15205
7765,5055 Library  Road,Bethel Park,PA,15102
7766,1703 Braddock Avenue,Pittsburgh,PA,15218
7767,106 Northtowne  Square,Gibsonia,PA,15044
7768,725 Allegheny  Avenue,Pittsburgh,PA,15233
7769,1705 Pine Hollow Road,Mc Kees Rocks,PA,15136
7770,2410 Liberty Avenue,Pittsburgh,PA,15226
7771,4031 Clairton  Boulevard,Pittsburgh,PA,15227
7772,9 Quaker Village Shopping Center Drive,Leetsdale,PA,15056
7773,1660 Cochran Road,Pittsburgh,PA,15220
7774,8703 University Boulevard,Coraopolis,PA,15108
7775,1830 Broadview Boulevard,Natrona Heights,PA,15065
7776,500 Lincoln Highway,North Versailles,PA,15137
7777,2396 Golden Mile Highway,Pittsburgh,PA,15239
7778,610 William Marks  Drive,Homestead,PA,15120
7779,3990 Wm Penn  Highway,Monroeville,PA,15146
7780,5076 Wm Penn Highway,Monroeville,PA,15146
7781,2805 Jacks Run  Road,Mc Keesport,PA,15131
7782,4001 Butler Street,Pittsburgh,PA,15201
7783,208 Rodi  Road,Pittsburgh,PA,15235
7784,116 Peebles Street,Pittsburgh,PA,15221
7785,3410 Wm Penn Highway,Pittsburgh,PA,15235
7786,5422 Baum,Pittsburgh,PA,15224
7787,891 Freeport  Road,Pittsburgh,PA,15238
7788,2691 Freeport Road,Pittsburgh,PA,15238
7789,10810 Perry  Highway,Wexford,PA,15090
7790,4524 Browns Hill Road,Pittsburgh,PA,15217
7791,2280 Lebanon Church  Road,West Mifflin,PA,15122
7792,345 Pittsburgh Street,Springdale,PA,15144
7793,243 Johnston Rd,Pittsburgh,PA,15241
7794,5250 Caste Rd,Pittsburgh,PA,15236
7795,307 4th  Avenue,Pittsburgh,PA,15222
7796,205 Allegheny Road,Imperial,PA,15126
7797,520 U.S. Route 30,Imperial,PA,15126
7798,205 Allegheny Road,Imperial,PA,15126
7799,207 Allegheny Road,Imperial,PA,15126
7800,4834 Gibsonia Road (Route 910),Allison Park,PA,15101
7801,4372 Gibsonia Road,Gibsonia,PA,15044
7802,2163 Saxonburg Boulevard,Cheswick,PA,15024
7803,520 5th  Avenue,West Elizabeth,PA,15088
7804,408 Main Street,Pittsburgh,PA,15220
7805,14 Linhart Street,Pittsburgh,PA,15220
7806,80 Wabash Avenue,Pittsburgh,PA,15220
7807,410 Greentree Road,Pittsburgh,PA,15220
7808,829 Gill Hall Rd,Clairton,PA,15025
7809,212 Cape May St,Pittsburgh,PA,15216
7810,1829 Liberty Ave,Pittsburgh,PA,15226
7811,91 Commonwealth Ave,West Mifflin,PA,15122
7812,81 Commonwealth Avenue,West Mifflin,PA,15122
7813,44 Adams Road,West Mifflin,PA,15122
7814,3722 Rodeo Dr,West Mifflin,PA,15122
7815,2570 Haymaker Rd,Monroeville,PA,15146
7816,2570 Haymaker Rd,Monroeville,PA,15146
7817,450 30th  Street,Pittsburgh,PA,15219
7818,470 30th  Street,Pittsburgh,PA,15219
7819,145 Purity Rd,Pittsburgh,PA,15235
7820,47 Chalfonte Ave,Pittsburgh,PA,15229
7821,398 Perry Hwy,Pittsburgh,PA,15229
7822,411 Perry  Highway,Pittsburgh,PA,15229
7823,100 Rochester Road,Pittsburgh,PA,15229
7824,330 Kline Avenue,North Versailles,PA,15137
7825,5507 Lakeside Dr,Gibsonia,PA,15044
7826,3811 O&#39;Hara St,Pittsburgh,PA,15213
7827,3811 O&#39;Hara St,Pittsburgh,PA,15213
7828,1000 Penn  Avenue,Pittsburgh,PA,15222
7829,1000 Penn Avenue,Pittsburgh,PA,15222
7830,1821 Broadhead Fording  Road,Pittsburgh,PA,15205
7831,100 Shadyhill Rd,Pittsburgh,PA,15205
7832,825 Commonwealth Avenue,West Mifflin,PA,15122
7833,250 Brown Rd,Gibsonia,PA,15044
7834,608 Allegheny River Boulevard,Oakmont,PA,15139
7835,344 Sheridan  Avenue,Pittsburgh,PA,15206
7836,635 Sangree Road,Pittsburgh,PA,15237
7837,1113 B Street,Latrobe,PA,15650
7838,2300 E Carson St,Pittsburgh,PA,15203
7839,77 Universal Rd,Pittsburgh,PA,15235
7840,1798 Lower Heckman  Road,Mc Keesport,PA,15131
7841,1220 Long Run Rd,Mc Keesport,PA,15131
7842,1406 Radford  Road,Pittsburgh,PA,15227
7843,4900 Curry Rd,Pittsburgh,PA,15236
7844,4935 Willock Road,Pittsburgh,PA,15227
7845,2312 Main Street,Pittsburgh,PA,15215
7846,5880 Centre Ave,Pittsburgh,PA,15206
7847,10576 Perry  Highway,Wexford,PA,15090
7848,2036 Brownsville Rd,Pittsburgh,PA,15210
7849,1335 Freeport  Road,Pittsburgh,PA,15238
7850,919 Freeport   Road,Cheswick,PA,15024
7851,919 Freeport Road,Cheswick,PA,15024
7852,919 Freeport Road,Cheswick,PA,15024
7853,656 Center Ave,Pittsburgh,PA,15229
7854,626 Smithfield  Street,Pittsburgh,PA,15222
7855,2350 Noblestown  Road,Pittsburgh,PA,15205
7856,1055 Spring Garden  Avenue,Pittsburgh,PA,15212
7857,2401 Smallman Street,Pittsburgh,PA,15222
7858,1469 Bower Hill Rd,Pittsburgh,PA,15241
7859,2195 Sample Rd,Allison Park,PA,15101
7860,2195 Sample Rd,Allison Park,PA,15101
7861,2330 Wildwood Rd,Wildwood,PA,15091
7862,800 Mt Royal  Boulevard,Pittsburgh,PA,15223
7863,362 Churchill Rd,Pittsburgh,PA,15221
7864,109 Powell St,East Pittsburgh,PA,15112
7865,748 Wallace Ave,Pittsburgh,PA,15221
7866,725 Ross St,Pittsburgh,PA,15221
7867,11150 Babcock Blvd,Gibsonia,PA,15044
7868,&nbsp; Center Ave &amp; 7th St,Verona,PA,15147
7869,392 Wm Penn Rd,Monongahela,PA,15063
7870,132 N Highland Ave,Pittsburgh,PA,15206
7871,739 Bellefonte Street,Pittsburgh,PA,15232
7872,1500 Washington Rd,Pittsburgh,PA,15228
7873,1000 Ross Park Mall Dr / Ross Park Mall,Pittsburgh,PA,15237
7874,5514 Walnut St,Pittsburgh,PA,15232
7875,634 Camp Horne Rd,Pittsburgh,PA,15237
7876,7834 Saltsburg Rd,Pittsburgh,PA,15239
7877,1215 Hulton Road,Oakmont,PA,15139
7878,413 Commerce  Street,Wilmerding,PA,15148
7879,1900 Clairton Rd,West Mifflin,PA,15122
7880,100 Bruno Lane,Imperial,PA,15126
7881,4101 Penn Ave,Pittsburgh,PA,15224
7882,700 Taylor Avenue,Pittsburgh,PA,15212
7883,601 Greenfield Avenue,Pittsburgh,PA,15207
7884,555 Morewood Ave,Pittsburgh,PA,15213
7885,4225 Middle Rd,Allison Park,PA,15101
7886,1324 Carson Street,Pittsburgh,PA,15203
7887,13 Foster  Avenue,Pittsburgh,PA,15205
7888,5 Market  Square,Pittsburgh,PA,15222
7889,1505 Carson Street,Pittsburgh,PA,15203
7890,7543 Roslyn  Street,Pittsburgh,PA,15218
7891,2525 Carson Street,Pittsburgh,PA,15203
7892,8806 University Blvd,Coraopolis,PA,15108
7893,1223 Woods Run,Pittsburgh,PA,15212
7894,3406 Wm Penn Hwy,Pittsburgh,PA,15235
7895,120 5th Avenue,Pittsburgh,PA,15222
7896,415 Unity Center Rd,Pittsburgh,PA,15239
7897,250 Ohio Street,Pittsburgh,PA,15212
7898,1025 Lynn Ave,Turtle Creek,PA,15145
7899,1025 Lynn Ave,Turtle Creek,PA,15145
7900,902 Wood St,Pittsburgh,PA,15221
7901,625 Lowries Run Road,Pittsburgh,PA,15237
7902,625 Lowries Run  Road,Pittsburgh,PA,15237
7903,301 3rd Ave,Pittsburgh,PA,15222
7904,723 Wood St,Pittsburgh,PA,15221
7905,4006 Berger  Lane,Monroeville,PA,15146
7906,126 Monroeville Avenue,Turtle Creek,PA,15145
7907,2550 Greensburg Pike,Pittsburgh,PA,15221
7908,7600 Evans St,Pittsburgh,PA,15218
7909,5300 Walnut St,Mc Keesport,PA,15132
7910,1 Penn Center West,Pittsburgh,PA,15276
7911,1616 Sahara St,Buena Vista,PA,15018
7912,5990 University Boulevard,Coraopolis,PA,15108
7913,526 Broadway Ave,Mc Kees Rocks,PA,15136
7914,1985 Lincoln Way,Mc Keesport,PA,15131
7915,3000 Halverson Rd / Cargo Bldg #3,Coraopolis,PA,15108
7916,&nbsp; Corrigan &amp; Browsville Road,Pittsburgh,PA,15236
7917,2284 Wyland Ave,Allison Park,PA,15101
7918,2101 Freeport Road,Natrona Heights,PA,15065
7919,2152 Wylie Avenue,Pittsburgh,PA,15219
7920,1 Industry Lane,Pittsburgh,PA,15275
7921,600 Commonwealth Place,Pittsburgh,PA,15222
7922,600 Commonwealth Place,Pittsburgh,PA,15222
7923,600 Commonwealth Place,Pittsburgh,PA,15222
7924,600 Commonwealth Place,Pittsburgh,PA,15222
7925,600 Commonwealth Place,Pittsburgh,PA,15222
7926,100 Lytton  Avenue,Pittsburgh,PA,15213
7927,736 Brookline Blvd (Basement in Back),Pittsburgh,PA,15226
7928,105 Seminary Avenue,Oakdale,PA,15071
7929,1630 Smallman Street,Pittsburgh,PA,15222
7930,1590 Saxonburg  Boulevard,Tarentum,PA,15084
7931,456 Home Drive,Pittsburgh,PA,15275
7932,1315 Bluff Street,Pittsburgh,PA,15282
7933,2200 Golden Mile Hwy / Rt  286,Pittsburgh,PA,15239
7934,7140 Bennett St,Pittsburgh,PA,15208
7935,2200 Golden Mile Highway,Pittsburgh,PA,15239
7936,100 Market St,Mc Keesport,PA,15132
7937,6907 Frankstown Ave,Pittsburgh,PA,15208
7938,1980 Park Manor Blvd,Pittsburgh,PA,15205
7939,6555 D Library Rd,Library,PA,15129
7940,3450 Wm Penn  Highway,Pittsburgh,PA,15235
7941,12037 Perry Hwy,Wexford,PA,15090
7942,822 Western Avenue,Pittsburgh,PA,15233
7943,6401 Forbes  Avenue,Pittsburgh,PA,15217
7944,2100 Wightman  Street,Pittsburgh,PA,15217
7945,501 Greenfield Avenue,Pittsburgh,PA,15207
7946,504 Grant Avenue,Pittsburgh,PA,15209
7947,463 Perry Hwy,Pittsburgh,PA,15229
7948,1914 Brownsville Road,Pittsburgh,PA,15210
7949,4903 Baum Boulevard,Pittsburgh,PA,15213
7950,160 Millers Run Road,Bridgeville,PA,15017
7951,153 E Bridge St,Homestead,PA,15120
7952,1216 Cochrans Mill  Road,Pittsburgh,PA,15236
7953,8256 University  Boulevard,Coraopolis,PA,15108
7954,1901 Greennock Buena Vista Rd,Mc Keesport,PA,15135
7955,1901 Greenock Buena Vista Rd,Mc Keesport,PA,15135
7956,2101 Douglas Run Rd,Sutersville,PA,15083
7957,1901 Greenock Buena Vista Rd,Mc Keesport,PA,15135
7958,1901 Greenock / Buena Vista Rd,Mc Keesport,PA,15135
7959,1441 Woods Run Ave,Pittsburgh,PA,15212
7960,2168 Centre Ave,Pittsburgh,PA,15219
7961,631 Suismon St,Pittsburgh,PA,15212
7962,600 Newport  Drive,Pittsburgh,PA,15234
7963,2281 Rochester  Road,Pittsburgh,PA,15237
7964,282 Saint Clair  Avenue,Clairton,PA,15025
7965,938 Chesnut Street,Duquesne,PA,15110
7966,2291 Wilner Drive,Pittsburgh,PA,15221
7967,1117 Wood  Street,Pittsburgh,PA,15221
7968,711 West Commons,Pittsburgh,PA,15212
7969,150 Youthtowne Drive,Clinton,PA,15026
7970,11978 Perry Hwy Ste 404,Wexford,PA,15090
7971,2312 Main St,Pittsburgh,PA,15215
7972,2025 Lincoln Road,Verona,PA,15147
7973,412 S Craig Street,Pittsburgh,PA,15213
7974,1315 5th  Avenue,Pittsburgh,PA,15219
7975,520 Pittsburgh MIlls Circle,Tarentum,PA,15084
7976,3891 Brighton Road,Pittsburgh,PA,15212
7977,3806 Acorn Street,Pittsburgh,PA,15207
7978,3887 Bigelow  Boulevard,Pittsburgh,PA,15213
7979,6015 Penn Avenue,Pittsburgh,PA,15206
7980,6314 Broad Street,Pittsburgh,PA,15206
7981,1136 Brownsville Road,Pittsburgh,PA,15210
7982,5100 Butler Street,Pittsburgh,PA,15201
7983,268 Yost Blvd,Pittsburgh,PA,15221
7984,1112 Southvale Rd,Pittsburgh,PA,15237
7985,201 6th Avenue,Tarentum,PA,15084
7986,1005 Bee Street,Pittsburgh,PA,15220
7987,542 Brookline Blvd,Pittsburgh,PA,15226
7988,&nbsp; Pgh Intl Airport / NE-15,Pittsburgh,PA,15231
7989,121 Gamma Drive,Pittsburgh,PA,15238
7990,575 Epsilon Drive,Pittsburgh,PA,15238
7991,2525 Freeport Road,Pittsburgh,PA,15238
7992,400 Smithfield St,Pittsburgh,PA,15219
7993,319 Ann Street,Mc Keesport,PA,15132
7994,5068 Bakerstown - Culmerville Road,Tarentum,PA,15084
7995,8716 Peebles Rd,Pittsburgh,PA,15237
7996,737 Little Deer Creek Valley Road,Russellton,PA,15076
7997,1009 5th Ave,Coraopolis,PA,15108
7998,10850 Perry Hwy #11,Wexford,PA,15090
7999,2585 Freeport Road,Pittsburgh,PA,15238
