6001,348 Beaver Street,Sewickley,PA,15143
6002,733 Copeland Street,Pittsburgh,PA,15232
6003,2312 Main  Street,Pittsburgh,PA,15215
6004,821 Walnut St,Mc Keesport,PA,15132
6005,104 E 9th Ave,Homestead,PA,15120
6006,100 North Avenue,Pittsburgh,PA,15212
6007,300 Holland Ave,Braddock,PA,15104
6008,44 S 9th St,Pittsburgh,PA,15203
6009,225 Main Street,Carnegie,PA,15106
6010,8020 Frankstown  Avenue,Pittsburgh,PA,15221
6011,5001 Curry Rd,Pittsburgh,PA,15236
6012,612 Penn Ave,Pittsburgh,PA,15221
6013,1737 Penn  Avenue,Pittsburgh,PA,15222
6014,3011 W Liberty  Avenue,Pittsburgh,PA,15216
6015,2000 Village Center Drive,Tarentum,PA,15084
6016,249 Summit Park Drive,Pittsburgh,PA,15275
6017,3621 Wm Penn Hwy,Monroeville,PA,15146
6018,289 Mt Nebo Pointe Drive,Pittsburgh,PA,15237
6019,2251 Century  Drive,West Mifflin,PA,15122
6020,1712 5th Ave,Pittsburgh,PA,15219
6021,2616 Brownsville Rd,Pittsburgh,PA,15227
6022,2520 Bedford Avenue,Pittsburgh,PA,15219
6023,217 9th Street,Pittsburgh,PA,15222
6024,2145 Noblestown Rd,Pittsburgh,PA,15220
6025,400 Bell Ave,Mc Kees Rocks,PA,15136
6026,3621 Wm Penn Hwy,Monroeville,PA,15146
6027,317 Meade Street,Pittsburgh,PA,15221
6028,4731 Juniper St,Pittsburgh,PA,15224
6029,1000 Sandcastle Dr,Homestead,PA,15120
6030,1000 Sandcastle  Drive,Homestead,PA,15120
6031,1000 Sandcastle Dr,Homestead,PA,15120
6032,1000 Sandcastle Dr,Homestead,PA,15120
6033,1000 Sandcastle Dr,Homestead,PA,15120
6034,1000 Sandcastle Dr,Homestead,PA,15120
6035,1000 Sandcastle Dr,Homestead,PA,15120
6036,1000 Sandcastle Dr,Homestead,PA,15120
6037,1000 Sandcastle Dr,Homestead,PA,15120
6038,1000 Sandcastle Dr,Homestead,PA,15120
6039,1000 Sandcastle Dr,Homestead,PA,15120
6040,1500 - B MacAurthur Drive,Dravosburg,PA,15034
6041,720 Homewood Avenue,Pittsburgh,PA,15208
6042,10 Market Street,Pittsburgh,PA,15222
6043,4260 Steubenville Pike,Pittsburgh,PA,15205
6044,40  Crafton Avenue,Pittsburgh,PA,15205
6045,2030 Ardmore Blvd,Pittsburgh,PA,15221
6046,1 Heinz St,Pittsburgh,PA,15212
6047,2000 Village Run Rd Ste # 210,Wexford,PA,15090
6048,301 South Hills Village / 10 FC,Pittsburgh,PA,15241
6049,200 Monroeville  Mall,Monroeville,PA,15146
6050,1000 Ross Park Mall Dr,Pittsburgh,PA,15237
6051,27 Bailey Ave,Pittsburgh,PA,15211
6052,301 Carson Street,Pittsburgh,PA,15219
6053,1002 Perry  Highway,Pittsburgh,PA,15237
6054,1835 Texas,West Mifflin,PA,15122
6055,4621 Liberty Ave,Pittsburgh,PA,15224
6056,4313 Walnut St,Mc Keesport,PA,15132
6057,&nbsp; Crafton Ingram Shopping Center @ Foster Ave,Pittsburgh,PA,15205
6058,5610 William Flynn  Highway,Gibsonia,PA,15044
6059,2623 Penn Avenue,Pittsburgh,PA,15222
6060,2623 Penn Avenue,Pittsburgh,PA,15222
6061,112 Abbeyville Road,Pittsburgh,PA,15228
6062,1210 Saxonburg Boulevard,Natrona Heights,PA,15065
6063,3507 Cable Place,Pittsburgh,PA,15213
6064,200 Monroeville Mall,Monroeville,PA,15146
6065,265 Hookstown Grade Rd,Coraopolis,PA,15108
6066,3959 Forbes Ave,Pittsburgh,PA,15213
6067,3171 Ewart St,Pittsburgh,PA,15219
6068,1000 Bryn Mawr Rd,Pittsburgh,PA,15219
6069,10341 Overlook  Drive,Pittsburgh,PA,15217
6070,101 Panther Hollow Road,Pittsburgh,PA,15213
6071,811 S Aiken Ave,Pittsburgh,PA,15232
6072,726 Frank Street,Pittsburgh,PA,15227
6073,433 Perry Hwy,Pittsburgh,PA,15229
6074,3912 Perrysville  Avenue,Pittsburgh,PA,15214
6075,293 Corliss Street and Chartiers Avenue,Pittsburgh,PA,15220
6076,1317 E Carson Street,Pittsburgh,PA,15203
6077,3235 Brighton,Pittsburgh,PA,15212
6078,4848 Wm Flynn Hwy  Unit  5,Allison Park,PA,15101
6079,4315 Walnut St,Mc Keesport,PA,15132
6080,1562 Island  Avenue,Mc Kees Rocks,PA,15136
6081,3404 5th Ave,Pittsburgh,PA,15213
6082,4358 Gibsonia Road,Gibsonia,PA,15044
6083,661 Andersen Drive / 7 Foster Plaza,Pittsburgh,PA,15220
6084,7012 Steubenville Pike,Oakdale,PA,15071
6085,4806 Liberty  Avenue,Pittsburgh,PA,15224
6086,272 Mt Nebo Pointe  Drive,Pittsburgh,PA,15237
6087,719 Brookline Blvd,Pittsburgh,PA,15226
6088,311 Beverly Rd,Pittsburgh,PA,15216
6089,6179 (Route 8) Wm Flynn  Highway,Valencia,PA,16059
6090,200 Loews Drive,North Versailles,PA,15137
6091,1212 Crawford Avenue,Duquesne,PA,15110
6092,1200 5th St,West Elizabeth,PA,15088
6093,2008 Eden Park  Boulevard,Mc Keesport,PA,15132
6094,1720 Lowrie Street,Pittsburgh,PA,15212
6095,1 Waterfront  Plaza,Pittsburgh,PA,15222
6096,1200 Stayton Street,Pittsburgh,PA,15212
6097,2312 Main  Street,Pittsburgh,PA,15215
6098,2312 Main Street,Pittsburgh,PA,15215
6099,633 McGowan Avenue,West Mifflin,PA,15122
6100,1000 Ross Park Mall Drive,Pittsburgh,PA,15237
6101,301 South Hill Village - SP-1325A,Pittsburgh,PA,15241
6102,314 Mill St,Coraopolis,PA,15108
6103,2817 Brownsville Road,Pittsburgh,PA,15227
6104,4500 5th Avenue,Pittsburgh,PA,15213
6105,5043 Windriver  Drive,Mc Kees Rocks,PA,15136
6106,141 Amsterdam Rd,Grove City,PA,16127
6107,141 Amsterdam Rd,Grove City,PA,16127
6108,141 Amsterdam  Road,Grove City,PA,16127
6109,100 Robinson Center Drive,Pittsburgh,PA,15205
6110,9155 University Boulevard,Coraopolis,PA,15108
6111,4517 Mt Royal  Boulevard,Allison Park,PA,15101
6112,2506 W Liberty Ave,Pittsburgh,PA,15226
6113,3473 Butler Street,Pittsburgh,PA,15201
6114,4701 5th Ave,Pittsburgh,PA,15213
6115,423 Railroad Street,Bridgeville,PA,15017
6116,200 Hershey Dr,Mc Keesport,PA,15132
6117,1400 Cherrington Parkway,Coraopolis,PA,15108
6118,202 Shiloh  Street,Pittsburgh,PA,15211
6119,711 Browns Ln,Pittsburgh,PA,15237
6120,715 Washington Rd,Pittsburgh,PA,15228
6121,1900 Pioneer  Avenue,Pittsburgh,PA,15226
6122,1900 Pioneer  Avenue,Pittsburgh,PA,15226
6123,1000 McNeilly Rd,Pittsburgh,PA,15226
6124,297 Mahoney Road,Coraopolis,PA,15108
6125,130 7th Street,Pittsburgh,PA,15222
6126,1400 Locust St,Pittsburgh,PA,15219
6127,930 Penn Avenue,Pittsburgh,PA,15222
6128,124 Enger Ave,Pittsburgh,PA,15214
6129,315 Academy Ave,Sewickley,PA,15143
6130,315 Academy Ave,Sewickley,PA,15143
6131,15 Chadwick St,Sewickley,PA,15143
6132,600 Beaver St,Sewickley,PA,15143
6133,509 Beaver  Street,Sewickley,PA,15143
6134,126 Backbone Rd,Sewickley,PA,15143
6135,426 Beaver St,Sewickley,PA,15143
6136,17 Ohio River Blvd,Sewickley,PA,15143
6137,625 Blackburn Rd,Sewickley,PA,15143
6138,2319 Murray Ave,Pittsburgh,PA,15217
6139,339 Forbes Avenue,Pittsburgh,PA,15222
6140,367 Perry Highway,Pittsburgh,PA,15229
6141,5500 Walnut St,Pittsburgh,PA,15232
6142,400 S Braddock Ave,Pittsburgh,PA,15221
6143,500 Squaw Run Rd East,Pittsburgh,PA,15238
6144,423 Fox Chapel Road,Pittsburgh,PA,15238
6145,227 Greenbriar Way,Pittsburgh,PA,15232
6146,5414 Walnut St,Pittsburgh,PA,15232
6147,903 Lincoln Hwy,North Versailles,PA,15137
6148,351 Hoffman Blvd,Duquesne,PA,15110
6149,1238 Chartiers Ave,Mc Kees Rocks,PA,15136
6150,1600 Brighton Road,Pittsburgh,PA,15212
6151,1208 5th Ave,Pittsburgh,PA,15219
6152,700 Scott Ave,Glenshaw,PA,15116
6153,381 Wible Run Rd,Pittsburgh,PA,15209
6154,1810 Mt Royal Blvd,Glenshaw,PA,15116
6155,960 Saxonburg Blvd,Pittsburgh,PA,15223
6156,917 Western Avenue,Pittsburgh,PA,15233
6157,3776 Willow Avenue,Pittsburgh,PA,15234
6158,1 Windmere Rd,Pittsburgh,PA,15202
6159,1008 Greentree Road,Pittsburgh,PA,15220
6160,470 Broadway Ave,Pitcairn,PA,15140
6161,522 Carnot Rd,Coraopolis,PA,15108
6162,302 S Saint Clair Street,Pittsburgh,PA,15206
6163,510 Beaver St / Rear,Sewickley,PA,15143
6164,922 Penn Avenue,Pittsburgh,PA,15222
6165,288 W   Steuben St,Pittsburgh,PA,15205
6166,600 Clay  Street,Pittsburgh,PA,15215
6167,1017 Main St,Pittsburgh,PA,15215
6168,401 S Main Street,Pittsburgh,PA,15215
6169,2907 Brownsville Rd,Pittsburgh,PA,15227
6170,8607 Perry Hwy,Pittsburgh,PA,15237
6171,5300 Wm Flynn  Highway,Gibsonia,PA,15044
6172,899 Freeport Road,Creighton,PA,15030
6173,1505 Pittsburgh Street,Cheswick,PA,15024
6174,2003 Golden Mile Hwy,Pittsburgh,PA,15239
6175,251 Curry Hollow Rd,Pittsburgh,PA,15236
6176,12000 Perry Hwy,Wexford,PA,15090
6177,2100 Mosside Blvd,Monroeville,PA,15146
6178,5410 Campbells Run Road,Pittsburgh,PA,15205
6179,3954 Wm Penn Hwy,Monroeville,PA,15146
6180,1000 Clairton Blvd,Pittsburgh,PA,15236
6181,9002 University Blvd,Coraopolis,PA,15108
6182,2175 Hulton Road,Verona,PA,15147
6183,3457 Wm Penn Highway,Pittsburgh,PA,15235
6184,3025 Babcock Boulevard,Pittsburgh,PA,15237
6185,1910 Mt Nebo  Road,Sewickley,PA,15143
6186,4599 Library  Road,Bethel Park,PA,15102
6187,4723 Wm Penn  Highway,Monroeville,PA,15146
6188,211 Mt Nebo  Road,Pittsburgh,PA,15237
6189,820 McLaughlin Run Road,Bridgeville,PA,15017
6190,505 Lincoln  Highway,North Versailles,PA,15137
6191,912 Penn Avenue,Turtle Creek,PA,15145
6192,2310 Babcock Blvd,Pittsburgh,PA,15237
6193,1101 Powers Run Road,Pittsburgh,PA,15238
6194,3754 Wexford Run Rd,Wexford,PA,15090
6195,3754 Wexford Run Road,Wexford,PA,15090
6196,4800 Sciota St,Pittsburgh,PA,15224
6197,13 Pride Street,Pittsburgh,PA,15219
6198,649 Hillsboro Street,Pittsburgh,PA,15204
6199,720 Sherwood Avenue,Pittsburgh,PA,15204
6200,2966 Chartiers Avenue,Pittsburgh,PA,15204
6201,1160 Thorn Run Rd Extension,Coraopolis,PA,15108
6202,300 W Station Sq Dr,Pittsburgh,PA,15219
6203,300 W Station Sq Dr,Pittsburgh,PA,15219
6204,300 W Station Sq Dr,Pittsburgh,PA,15219
6205,300 W Station Sq Dr,Pittsburgh,PA,15219
6206,300 W Station Sq Dr,Pittsburgh,PA,15219
6207,146 Cornell Ave,Pittsburgh,PA,15229
6208,3417 Main St,Homestead,PA,15120
6209,2239 Main St,Pittsburgh,PA,15235
6210,123 Shiloh St,Pittsburgh,PA,15211
6211,2407 Wylie  Avenue,Pittsburgh,PA,15219
6212,310 Wagon Wheel Trail,Wexford,PA,15090
6213,8 Tech  Drive,Monroeville,PA,15146
6214,1173 Island Ave,Mc Kees Rocks,PA,15136
6215,100 Boyce Park Plaza,Pittsburgh,PA,15239
6216,450 56th St,Pittsburgh,PA,15201
6217,2362 Golden Mile  Highway,Pittsburgh,PA,15239
6218,4313 Walnut  Street,Mc Keesport,PA,15132
6219,799 Castle Shannon  Boulevard,Pittsburgh,PA,15234
6220,5001 Library Road,Bethel Park,PA,15102
6221,4647 Buttermilk Hollow  Road,West Mifflin,PA,15122
6222,4548 Broadway  Boulevard,Monroeville,PA,15146
6223,600 Market Place Drive,Oakdale,PA,15071
6224,125 Virginia Avenue,Pittsburgh,PA,15211
6225,1850 Centre Avenue,Pittsburgh,PA,15219
6226,1130 Perry  Highway,Pittsburgh,PA,15237
6227,1886 Homeville Road,West Mifflin,PA,15122
6228,3335 Wm Penn  Highway,Pittsburgh,PA,15235
6229,1119 Brownsville  Road,Pittsburgh,PA,15210
6230,2381 Mountain View  Drive,West Mifflin,PA,15122
6231,917 Butler  Street,Glenshaw,PA,15116
6232,2100 Washington Pike,Carnegie,PA,15106
6233,2103 Noblestown  Road,Pittsburgh,PA,15205
6234,184 Rochester  Road,Pittsburgh,PA,15229
6235,908 Little Deer Creek Valley Road,Russellton,PA,15076
6236,1620 Babcock  Boulevard,Pittsburgh,PA,15209
6237,815 5th Ave,Mc Keesport,PA,15132
6238,2820 Universal  Road,Pittsburgh,PA,15235
6239,625 Ardmore Boulevard,Pittsburgh,PA,15221
6240,2226 Route 837,West Elizabeth,PA,15088
6241,6001 Buttermilk Hollow Rd,Pittsburgh,PA,15207
6242,5375 William Flynn Highway,Gibsonia,PA,15044
6243,200 Washington Avenue,Bridgeville,PA,15017
6244,6800 Frankstown  Avenue,Pittsburgh,PA,15208
6245,109 Curry Hollow Road,Pittsburgh,PA,15236
6246,7210 Frankstown Avenue,Pittsburgh,PA,15236
6247,4401 Liberty  Avenue,Pittsburgh,PA,15224
6248,410 1st Avenue,Pittsburgh,PA,15219
6249,1900 Murray Avenue,Pittsburgh,PA,15217
6250,328 Atwood Street,Pittsburgh,PA,15213
6251,60 Federal  Street,Pittsburgh,PA,15235
6252,86 East Union Road,Cheswick,PA,15024
6253,621 Evergreen Avenue,Pittsburgh,PA,15209
6254,518 Locust  Place,Sewickley,PA,15143
6255,4066 Dalewood St,Pittsburgh,PA,15227
6256,3382 Babcock Blvd,Pittsburgh,PA,15237
6257,942 Penn Avenue,Pittsburgh,PA,15222
6258,22 Graeme Street,Pittsburgh,PA,15222
6259,1085 Morewood Ave,Pittsburgh,PA,15213
6260,1057 Morewood Ave,Pittsburgh,PA,15213
6261,3360 Library  Road,Pittsburgh,PA,15234
6262,6000 Noblestown Road,Oakdale,PA,15071
6263,1712 Murray Ave,Pittsburgh,PA,15217
6264,5301 Grove Rd,Pittsburgh,PA,15236
6265,5 19th (River Rd) Street,Pittsburgh,PA,15215
6266,5135 Liberty Avenue,Pittsburgh,PA,15224
6267,1731 Murray Ave,Pittsburgh,PA,15217
6268,2739 Library Rd,Pittsburgh,PA,15234
6269,1000 Montour West Industrial Park,Coraopolis,PA,15108
6270,1720 Middletown Rd,Mc Kees Rocks,PA,15136
6271,6935 Frankstown Ave,Pittsburgh,PA,15208
6272,2125 Babcock Blvd,Pittsburgh,PA,15209
6273,521 Ohio  Street,Pittsburgh,PA,15212
6274,8500 Frankstown  Avenue,Pittsburgh,PA,15235
6275,2203 1/2 Ardmore Blvd,Pittsburgh,PA,15221
6276,807 Liberty  Avenue,Pittsburgh,PA,15222
6277,200 Monroville Mall / Space A-22,Monroeville,PA,15146
6278,5301 Grove Road,Pittsburgh,PA,15236
6279,2740 Stroschein  Road,Monroeville,PA,15146
6280,1025 Washington Pike,Bridgeville,PA,15017
6281,4885 McKnight Road,Pittsburgh,PA,15237
6282,3400 5th Ave,Pittsburgh,PA,15213
6283,4116 Brownsville Road,Pittsburgh,PA,15219
6284,5375 Wm Flynn Highway,Gibsonia,PA,15044
6285,511 Beaver  Street,Sewickley,PA,15143
6286,2737 E Carson Street,Pittsburgh,PA,15203
6287,136 Allegheny River  Boulevard,Verona,PA,15147
6288,901 Penn Avenue,Pittsburgh,PA,15222
6289,120 Charles  Street,Pittsburgh,PA,15238
6290,2413 Saint Norbert St,Pittsburgh,PA,15234
6291,201 Rochelle  Street,Pittsburgh,PA,15210
6292,120 Charles Street,Pittsburgh,PA,15238
6293,2624 Brandt School  Road,Wexford,PA,15090
6294,320 Sewickley-Oakmont  Road,Pittsburgh,PA,15237
6295,721 Rebecca  Avenue,Pittsburgh,PA,15221
6296,1100 Penn Avenue,Pittsburgh,PA,15221
6297,3333 5th Avenue,Pittsburgh,PA,15213
6298,146 6th Street,Pittsburgh,PA,15222
6299,1638 Murray Ave,Pittsburgh,PA,15217
6300,322 6th Street,Mc Keesport,PA,15132
6301,3716 Penn Ave,Pittsburgh,PA,15201
6302,160 Levin Way,Monroeville,PA,15146
6303,6113 Broad Street,Pittsburgh,PA,15206
6304,660 Noble Dr,West Mifflin,PA,15122
6305,3230 Lebanon Church Rd,West Mifflin,PA,15122
6306,3701 Alexis St,Pittsburgh,PA,15207
6307,2999 W Liberty Avenue,Pittsburgh,PA,15216
6308,24 Donati Road,Pittsburgh,PA,15241
6309,255 Allegheny Road,Imperial,PA,15126
6310,1025 Woodlawn Ave,Braddock,PA,15104
6311,115 Federal  Street,Pittsburgh,PA,15212
6312,108 Main Street,Carnegie,PA,15106
6313,2128 Broadway Ave,Pittsburgh,PA,15216
6314,101 Capital Ave,Pittsburgh,PA,15226
6315,200 Carousel Drive,Bunola,PA,15020
6316,217 Shiloh St.,Pittsburgh,PA,15211
6317,332 Helen St,Mc Kees Rocks,PA,15136
6318,147 7th Avenue,Tarentum,PA,15084
6319,574 Baldridge Ave,Braddock,PA,15104
6320,528 Thomas St,Pittsburgh,PA,15239
6321,1125 Edith Ave,Pittsburgh,PA,15236
6322,417 Woodland  Road,North Versailles,PA,15137
6323,607 Penn Avenue,Pittsburgh,PA,15222
6324,960 Penn Avenue,Pittsburgh,PA,15222
6325,2016 Smallman  Street,Pittsburgh,PA,15222
6326,2840 Smallman Street,Pittsburgh,PA,15222
6327,1912 Murray Ave,Pittsburgh,PA,15217
6328,4145 Wm Penn Hwy,Monroeville,PA,15146
6329,5901 Bryant Street,Pittsburgh,PA,15206
6330,5901 Bryant Street,Pittsburgh,PA,15206
6331,1306 E Carson St,Pittsburgh,PA,15203
6332,115 Smithfield St,Pittsburgh,PA,15222
6333,3106 Chartiers Avenue,Pittsburgh,PA,15204
6334,800 Allegheny River Boulevard,Oakmont,PA,15139
6335,3075 Clairton Blvd / Century III Mall,West Mifflin,PA,15123
6336,5880 1/2 Forbes  Avenue,Pittsburgh,PA,15217
6337,2382 Golden Mile Highway,Pittsburgh,PA,15239
6338,6080 Steubenville Pike,Mc Kees Rocks,PA,15136
6339,906 5th Avenue,Pittsburgh,PA,15219
6340,1030 Pittsburgh Mills Boulevard,Tarentum,PA,15084
6341,6050 Robinson Center Drive,Pittsburgh,PA,15205
6342,139 Howard  Street,Pittsburgh,PA,15209
6343,2001 E Carson St,Pittsburgh,PA,15203
6344,1025 Washington  Pike,Bridgeville,PA,15017
6345,11199 Perry Highway,Wexford,PA,15090
6346,262 5th Ave,Pittsburgh,PA,15222
6347,287 Monier Rd,Gibsonia,PA,15044
6348,&nbsp; 1st Ave/ Riverview Park,Tarentum,PA,15084
6349,215 5th Street,Braddock,PA,15104
6350,7355 Frankstown  Avenue,Pittsburgh,PA,15208
6351,&nbsp; Bigelow &amp; 5th Avenue,Pittsburgh,PA,15213
6352,8914 Roberts Hollow  Road,Elizabeth,PA,15037
6353,4695 Campbells Run Road,Pittsburgh,PA,15205
6354,205 Washington  Street,Leetsdale,PA,15056
6355,203 Federal Street,Pittsburgh,PA,15212
6356,5847 Ellsworth  Avenue,Pittsburgh,PA,15232
6357,53 Frazier Ave,Mc Kees Rocks,PA,15136
6358,6425 Penn Avenue,Pittsburgh,PA,15206
6359,123 7th Street,Pittsburgh,PA,15222
6360,2573 Brandt School Rd,Wexford,PA,15090
6361,653 Miller Avenue,Clairton,PA,15025
6362,222 3rd Avenue,Carnegie,PA,15106
6363,2350 Noblestown (Bldg #5) Road,Pittsburgh,PA,15205
6364,2912 E Carson St,Pittsburgh,PA,15203
6365,1910 South Avenue,Braddock,PA,15104
6366,1417 Carson Street,Pittsburgh,PA,15203
6367,4141 5th Ave,Pittsburgh,PA,15213
6368,4141 5th Ave,Pittsburgh,PA,15213
6369,301 Aiken Ave,Pittsburgh,PA,15232
6370,3841 Willow  Avenue,Pittsburgh,PA,15234
6371,380 Cox Comb Hill Rd,Verona,PA,15147
6372,120 Towne Center Dr,Wexford,PA,15090
6373,1027 Washington Pike,Bridgeville,PA,15017
6374,1010 Village Center Drive,Tarentum,PA,15084
6375,630 S Millvale  Avenue,Pittsburgh,PA,15224
6376,947 Penn Avenue,Pittsburgh,PA,15222
6377,69 Harlem Ave,Mc Kees Rocks,PA,15136
6378,432 Division St,Sewickley,PA,15143
6379,630 Miller Ave,Clairton,PA,15025
6380,908 Evans  Avenue,Mc Keesport,PA,15134
6381,729 Wallace  Avenue,Pittsburgh,PA,15221
6382,2918 Walnut Street,Mc Keesport,PA,15132
6383,1918 Brownsville Rd,Pittsburgh,PA,15210
6384,233 Atwood St,Pittsburgh,PA,15213
6385,819 Wood St,Pittsburgh,PA,15221
6386,1976 Michigan Avenue,West Mifflin,PA,15122
6387,2228 W Hardies Rd,Gibsonia,PA,15044
6388,910 5th Ave,Pittsburgh,PA,15219
6389,1 Glendale Ave,Mc Keesport,PA,15133
6390,1707 Washington Blvd,Mc Keesport,PA,15133
6391,2743 Washington  Boulevard,Mc Keesport,PA,15133
6392,733 South Avenue,Pittsburgh,PA,15221
6393,5311 McAnnulty Rd,Pittsburgh,PA,15236
6394,3680 Old Oakdale Road,Mc Donald,PA,15057
6395,3620 Old Oakdale Road,Mc Donald,PA,15057
6396,661 Millers Run Road,Cuddy,PA,15031
6397,3640 Old Oakdale Road,Mc Donald,PA,15057
6398,1200 Lt. Will Way,Mc Donald,PA,15057
6399,3680 Old Oakdale Road,Mc Donald,PA,15057
6400,140 Millers Run Road,Bridgeville,PA,15017
6401,247 Spencer Ave,Pittsburgh,PA,15227
6402,4305 Brownsville Rd,Pittsburgh,PA,15236
6403,4305 Brownsville Rd,Pittsburgh,PA,15236
6404,649 Old Clairton  Road,Pittsburgh,PA,15236
6405,1038 Brownsville Rd,Pittsburgh,PA,15210
6406,221 Sweetbriar Ave,Pittsburgh,PA,15211
6407,5660 Brownsville Rd,Pittsburgh,PA,15236
6408,2001 Eagle Pride Ln,Library,PA,15129
6409,1 East Park  Drive,Library,PA,15129
6410,2005 Eagle Ridge Rd,Library,PA,15129
6411,2500 Stewart Rd,Library,PA,15129
6412,301 South Hills Village,Pittsburgh,PA,15241
6413,1926 Sarah St,Pittsburgh,PA,15203
6414,49 12th St (at Bingham Street),Pittsburgh,PA,15203
6415,75 S 17th St,Pittsburgh,PA,15203
6416,75 17th  Street,Pittsburgh,PA,15203
6417,1930 Sidney St,Pittsburgh,PA,15203
6418,425 Cinema Dr,Pittsburgh,PA,15203
6419,&nbsp; Pgh Intl Airport  / NE-Gates A1-A3,Pittsburgh,PA,15231
6420,2575 Boyce Plaza Rd,Pittsburgh,PA,15241
6421,317 S Birmingham Avenue,Pittsburgh,PA,15202
6422,5107 Penn  Avenue,Pittsburgh,PA,15224
6423,5843 Brownsville Road,Pittsburgh,PA,15236
6424,3400 Park  Road,Bethel Park,PA,15102
6425,1850 Lions Club Road,New Alexandria,PA,15670
6426,1015 Brookline Boulevard,Pittsburgh,PA,15226
6427,514 U.S. Route 30,Imperial,PA,15126
6428,4830 Wm Penn Highway,Monroeville,PA,15146
6429,4380 Old Wm Penn  Highway,Monroeville,PA,15146
6430,4420 Browns Hill Road,Pittsburgh,PA,15217
6431,4311 Steubenville Pike,Pittsburgh,PA,15205
6432,303 Hulton Road,Oakmont,PA,15139
6433,1700 Lincoln Highway,North Versailles,PA,15137
6434,5701 Grand Avenue,Pittsburgh,PA,15225
6435,1200 Long Run  Road,Mc Keesport,PA,15131
6436,4363 Broadway Boulevard,Monroeville,PA,15146
6437,2325 5th Ave,Mc Keesport,PA,15132
6438,1602 5th Avenue,Coraopolis,PA,15108
6439,426 Lebanon Rd,West Mifflin,PA,15122
6440,401 Atwood St,Pittsburgh,PA,15213
6441,251 Atwood  Street,Pittsburgh,PA,15213
6442,1528 Park Manor Boulevard,Pittsburgh,PA,15205
6443,1736 Chislett St,Pittsburgh,PA,15206
6444,5744 Ellsworth  Avenue,Pittsburgh,PA,15232
6445,242 51st Street,Pittsburgh,PA,15201
6446,&nbsp; Pgh Intl Airport / AC-05,Pittsburgh,PA,15231
6447,316 Airbrake Avenue,Wilmerding,PA,15148
6448,134 Highland Avenue,Pittsburgh,PA,15206
6449,5981 Baptist  Road,Pittsburgh,PA,15236
6450,474 Chadwick St,Sewickley,PA,15143
6451,5430 Penn Avenue,Pittsburgh,PA,15206
6452,143 Carol Ave,Bridgeville,PA,15017
6453,330 State St,Clairton,PA,15025
6454,3335 Spring Garden Avenue,Pittsburgh,PA,15212
6455,2181 Butler Logan Road,Tarentum,PA,15084
6456,902 Pittsburgh Street,Springdale,PA,15144
6457,501 Butler Street,Springdale,PA,15144
6458,739 Pittsburgh  Street,Springdale,PA,15144
6459,845 Lincoln Avenue,Springdale,PA,15144
6460,1151 Pittsburgh Street,Springdale,PA,15144
6461,122 Daugherty Drive,Monroeville,PA,15146
6462,3015 Pittsburgh Mills  Boulevard,Tarentum,PA,15084
6463,134 Bakery Square Boulevard,Pittsburgh,PA,15206
6464,1000 Regis Avenue,Pittsburgh,PA,15236
6465,611 Washington Road,Pittsburgh,PA,15228
6466,239 Summit Park  Drive,Pittsburgh,PA,15275
6467,223 Federal Street,Pittsburgh,PA,15212
6468,1000 Indiana Rd,Verona,PA,15147
6469,1137 Braddock Avenue,Pittsburgh,PA,15218
6470,1137 Braddock Avenue,Pittsburgh,PA,15218
6471,224 Grant  Avenue,Pittsburgh,PA,15209
6472,607 W Grant St,Duquesne,PA,15110
6473,5802 Forbes Ave,Pittsburgh,PA,15217
6474,828 Hazelwood Avenue,Pittsburgh,PA,15217
6475,5804 Forbes Ave,Pittsburgh,PA,15217
6476,5832 Forward Avenue,Pittsburgh,PA,15217
6477,250 Pacific Avenue,Pittsburgh,PA,15224
6478,701 Smithfield Street,Pittsburgh,PA,15222
6479,1449 Abers Creek Road,Monroeville,PA,15146
6480,653 St Agnes Ln,West Mifflin,PA,15122
6481,3198 Schieck Street,Pittsburgh,PA,15227
6482,10090 Old Perry Hwy,Wexford,PA,15090
6483,201 Church Rd,Wexford,PA,15090
6484,235 Logan Rd,Gibsonia,PA,15044
6485,4040 Willow  Avenue,Pittsburgh,PA,15234
6486,111 Erhardt Dr,Pittsburgh,PA,15235
6487,1735 Brownsville Rd,Pittsburgh,PA,15210
6488,6920 Edgerton Ave,Pittsburgh,PA,15208
6489,2900 Bedford Avenue,Pittsburgh,PA,15219
6490,401 Washington  Road,Pittsburgh,PA,15216
6491,2001 Mt Royal Blvd,Glenshaw,PA,15116
6492,1810 Belasco Ave,Pittsburgh,PA,15216
6493,2554 Wildwood Rd,Wildwood,PA,15091
6494,2400 Elsie St,Pittsburgh,PA,15210
6495,206 Fernleaf St,Pittsburgh,PA,15210
6496,415 St Clair  Avenue,Clairton,PA,15025
6497,2300 Old Washington Rd,Pittsburgh,PA,15241
6498,2300 Old Washington Rd,Pittsburgh,PA,15241
6499,2000 Oxford  Drive,Bethel Park,PA,15102
6500,1000 Bower Hill Rd,Pittsburgh,PA,15234
6501,1000 Bower Hill Rd,Pittsburgh,PA,15243
6502,2520 Washington  Road,Pittsburgh,PA,15241
6503,5705 Darlington Rd,Pittsburgh,PA,15217
6504,4200 Homestead Duquesne  Road,Homestead,PA,15120
6505,330 3rd Avenue,Carnegie,PA,15106
6506,330 3rd  Avenue,Carnegie,PA,15106
6507,1 Grove Pl,Pittsburgh,PA,15236
6508,5200 Greenridge  Drive,Pittsburgh,PA,15236
6509,3455 California Ave,Pittsburgh,PA,15212
6510,1226 Arlington Ave,Pittsburgh,PA,15210
6511,2226 Arlington Ave,Pittsburgh,PA,15210
6512,387 Maryland Avenue,Oakmont,PA,15139
6513,201 Broad St,Sewickley,PA,15143
6514,418 Unity Center  Road,Pittsburgh,PA,15239
6515,2600 Morange  Road,Pittsburgh,PA,15205
6516,3 Desiderio Way / Basement,Mc Kees Rocks,PA,15136
6517,1907 Eden Park Boulevard,Mc Keesport,PA,15132
6518,210 Greentree Rd,Homestead,PA,15120
6519,825 2nd Avenue,Verona,PA,15147
6520,201 9th St,Pittsburgh,PA,15215
6521,405 Westinghouse Ave,Wilmerding,PA,15148
6522,310 McMurray Rd,Pittsburgh,PA,15241
6523,310 McMurray Road,Pittsburgh,PA,15241
6524,320 McMurray Rd,Pittsburgh,PA,15241
6525,343 Forest Grove Rd,Coraopolis,PA,15108
6526,815 Freeport Rd,Pittsburgh,PA,15215
6527,140 Atlantic  Avenue,Pittsburgh,PA,15224
6528,4712 Liberty Ave,Pittsburgh,PA,15224
6529,2510 Middle Road,Glenshaw,PA,15116
6530,116 Ella St,Mc Kees Rocks,PA,15136
6531,202 Stanwix St,Pittsburgh,PA,15222
6532,910 Chestnut St,Pittsburgh,PA,15212
6533,330 45th St,Pittsburgh,PA,15201
6534,363 11th  Avenue,Homestead,PA,15120
6535,101 McLay Dr,Elizabeth,PA,15037
6536,301 Grant St / 1 Oxford Center 2nd Fl,Pittsburgh,PA,15219
6537,419 S Dithridge St,Pittsburgh,PA,15213
6538,2413 St Norbert St,Pittsburgh,PA,15234
6539,305 32nd St,Mc Keesport,PA,15132
6540,2900 Noblestown Rd,Pittsburgh,PA,15205
6541,2900 Noblestown Rd,Pittsburgh,PA,15205
6542,1965 Ferguson Rd,Allison Park,PA,15101
6543,1965 Ferguson Rd,Allison Park,PA,15101
6544,52 W Crafton Ave,Pittsburgh,PA,15205
6545,1118 Chislett Street,Pittsburgh,PA,15206
6546,1154 Chislett St,Pittsburgh,PA,15206
6547,3841 Dickey Rd,Gibsonia,PA,15044
6548,307 Siebert Road,Pittsburgh,PA,15237
6549,134 Elizabeth  Street,Pittsburgh,PA,15207
6550,405 Frederick &amp; Broad St,Sewickley,PA,15143
6551,220 8th St,Mc Keesport,PA,15132
6552,30 West Willock Rd,Pittsburgh,PA,15227
6553,1000 Avila Court,Pittsburgh,PA,15237
6554,3 St Therese  Court,Homestead,PA,15120
6555,3937 Kirk Ave,Allison Park,PA,15101
6556,2710 Ohio Street,Bethel Park,PA,15102
6557,527 Bairdford  Road,Bairdford,PA,15006
6558,&nbsp; 6th &amp; Penn St,Pittsburgh,PA,15215
6559,145 S 12th St,Pittsburgh,PA,15203
6560,73 18th Street,Pittsburgh,PA,15203
6561,631 Watt Street,Pittsburgh,PA,15219
6562,245 Azalea  Drive,Monroeville,PA,15146
6563,2001 Mt Royal Boulevard,Glenshaw,PA,15116
6564,103 Church Road,Imperial,PA,15126
6565,610 Dewey  Avenue,Bridgeville,PA,15017
6566,214 E 15th St,Homestead,PA,15120
6567,109 7th  Street,Pittsburgh,PA,15203
6568,310 Mansfield Avenue,Pittsburgh,PA,15220
6569,310 Mansfield Avenue,Pittsburgh,PA,15220
6570,815 Freeport Rd  Lobby,Pittsburgh,PA,15215
6571,134 Fort Couch  Road,Pittsburgh,PA,15241
6572,3716 Forbes,Pittsburgh,PA,15213
6573,728 Copeland Street,Pittsburgh,PA,15232
6574,400 Shore Drive,Pittsburgh,PA,15212
6575,400 Shore Drive,Pittsburgh,PA,15212
6576,400 Shore Drive,Pittsburgh,PA,15212
6577,400 Shore Drive,Pittsburgh,PA,15212
6578,400 Shore Drive,Pittsburgh,PA,15212
6579,400 Shore Drive,Pittsburgh,PA,15212
6580,517 Greenfield Avenue,Pittsburgh,PA,15217
6581,2104 Carson,Pittsburgh,PA,15203
6582,233 Auburn St,Pittsburgh,PA,15206
6583,2684 Wildwood Road,Allison Park,PA,15101
6584,2020 Penn Avenue,Pittsburgh,PA,15222
6585,2200 Penn Avenue,Pittsburgh,PA,15222
6586,&nbsp; Wylie Avenue,Pittsburgh,PA,15219
6587,7403 Frankstown Ave,Pittsburgh,PA,15208
6588,804 N Negley Ave,Pittsburgh,PA,15206
6589,2515 Banksville Rd,Pittsburgh,PA,15216
6590,999 Freeport Rd,Pittsburgh,PA,15238
6591,6375 Penn Ave,Pittsburgh,PA,15206
6592,4801 McKnight Rd,Pittsburgh,PA,15237
6593,6521 Steubenville Pike,Pittsburgh,PA,15205
6594,405 Allegheny  Street,Tarentum,PA,15084
6595,11354 Perrry Highway,Wexford,PA,15090
6596,3145 Banksville Road,Pittsburgh,PA,15216
6597,7707 McKnight Road,Pittsburgh,PA,15237
6598,109 Ohio River Boulevard,Sewickley,PA,15143
6599,301 Grant  Street,Pittsburgh,PA,15219
6600,1000 Locust Street,Pittsburgh,PA,15282
6601,&nbsp; Pgh Int&#39;l Airport / AC-30,Pittsburgh,PA,15231
6602,1001 Liberty  Avenue,Pittsburgh,PA,15222
6603,530 Wm Penn Place,Pittsburgh,PA,15219
6604,6304 Forbes Ave,Pittsburgh,PA,15217
6605,1717 Cochran Rd / Va Manor,Pittsburgh,PA,15220
6606,210 6th Avenue,Pittsburgh,PA,15222
6607,425 Beaver St,Sewickley,PA,15143
6608,4885 McKnight Rd,Pittsburgh,PA,15237
6609,730 Copeland St,Pittsburgh,PA,15232
6610,227 Summit Park Drive,Pittsburgh,PA,15275
6611,5932 Centre Avenue,Pittsburgh,PA,15206
6612,2015 Pittsburgh Mills Blvd,Tarentum,PA,15084
6613,3007 Washington Pike,Bridgeville,PA,15017
6614,301 South Hills Village,Pittsburgh,PA,15241
6615,4022 5th  Avenue,Pittsburgh,PA,15213
6616,417 S Craig St,Pittsburgh,PA,15213
6617,600 Grant Street,Pittsburgh,PA,15222
6618,3460 Wm Penn Hwy,Pittsburgh,PA,15235
6619,5110 A Library Road,Bethel Park,PA,15102
6620,5310 Liberty Avenue,Pittsburgh,PA,15224
6621,1050 Park Manor Boulevard,Pittsburgh,PA,15205
6622,825 Beaver Grade Rd,Coraopolis,PA,15108
6623,2345 Murray Ave,Pittsburgh,PA,15217
6624,270 West Bridge St,Homestead,PA,15120
6625,100 VIP Dr,Wexford,PA,15090
6626,100 Robinson Center Drive,Pittsburgh,PA,15205
6627,4765 Liberty Ave,Pittsburgh,PA,15224
6628,517 Grandview Crossing,Gibsonia,PA,15044
6629,109 Northtowne Sq  101,Gibsonia,PA,15044
6630,7 Market Sq,Pittsburgh,PA,15222
6631,3618 Forbes  Avenue,Pittsburgh,PA,15213
6632,1597 Washington Pike,Bridgeville,PA,15017
6633,202 6th Street,Pittsburgh,PA,15222
6634,1500 Washington Rd,Pittsburgh,PA,15228
6635,1400 E Carson St,Pittsburgh,PA,15203
6636,973 Greentree Road,Pittsburgh,PA,15220
6637,4100 Wm Penn Hwy,Monroeville,PA,15146
6638,&nbsp; Pgh Int&#39;l Airport / LTB3,Pittsburgh,PA,15231
6639,1000 Ross Park Mall Drive,Pittsburgh,PA,15237
6640,845 Ridge Avenue,Pittsburgh,PA,15212
6641,950 Brodhead Rd,Coraopolis,PA,15108
6642,364 Freeport Road,Pittsburgh,PA,15238
6643,111 Starr Road,Russellton,PA,15076
6644,4744 Liberty  Avenue,Pittsburgh,PA,15224
6645,501 Station St,Wilmerding,PA,15148
6646,2005 Pittsburgh Mills Blvd,Tarentum,PA,15084
6647,650 East Waterfront Dr,Homestead,PA,15120
6648,410 Clairton Blvd,Pittsburgh,PA,15236
6649,1951 Park Manor Boulevard,Pittsburgh,PA,15205
6650,1831 Carson Street,Pittsburgh,PA,15203
6651,5505 Walnut Street,Pittsburgh,PA,15232
6652,115 Federal  Street,Pittsburgh,PA,15212
6653,565 Lewis Run Rd,Clairton,PA,15025
6654,565 Lewis Run Rd,Clairton,PA,15025
6655,317 Pittsburgh Mills Circle,Tarentum,PA,15084
6656,3801 Butler Street,Pittsburgh,PA,15201
6657,508 Arlington Drive,Pittsburgh,PA,15239
6658,2101 Mosside Boulevard,Monroeville,PA,15146
6659,819 Liberty Avenue,Pittsburgh,PA,15222
6660,6387 Saltsburg Road,Pittsburgh,PA,15235
6661,1251 Wilkins  Avenue,Pittsburgh,PA,15221
6662,201 18th      Avenue,Homestead,PA,15120
6663,3113 Main St,Homestead,PA,15120
6664,3400 South Water St,Pittsburgh,PA,15203
6665,215 Beecham  Drive,Pittsburgh,PA,15205
6666,431 Perry  Highway,Pittsburgh,PA,15229
6667,8050 McKnight Rd,Pittsburgh,PA,15237
6668,10 Creighton / Russellton Road,Russellton,PA,15076
6669,4400 5th Ave,Pittsburgh,PA,15213
6670,207 Plum St / 3rd Fl,Elizabeth,PA,15037
6671,286 Main St,Pittsburgh,PA,15201
6672,3811 Bakerstown Rd,Gibsonia,PA,15044
6673,5518 Molnar Dr,Gibsonia,PA,15044
6674,250 Brown Rd,Wexford,PA,15090
6675,712 Warrendale Rd,Gibsonia,PA,15044
6676,240 7th Avenue,Tarentum,PA,15084
6677,706 Monongahela Ave,Glassport,PA,15045
6678,878 1st Ave,Coraopolis,PA,15108
6679,9755 Saltsburg Rd,Pittsburgh,PA,15239
6680,1149 Evergreen  Avenue,Pittsburgh,PA,15209
6681,1149 Evergreen  Avenue,Pittsburgh,PA,15209
6682,1149 Evergreen  Avenue,Pittsburgh,PA,15209
6683,1149 Evergreen  Avenue,Pittsburgh,PA,15209
6684,4901 Hatfield  Street,Pittsburgh,PA,15201
6685,300 Ewing Rd,Mc Kees Rocks,PA,15136
6686,298 Ewing Rd,Mc Kees Rocks,PA,15136
6687,1105 Valley  Street,Mc Kees Rocks,PA,15136
6688,7678 Saltsburg Rd,Pittsburgh,PA,15239
6689,100 Hafner,Pittsburgh,PA,15223
6690,6545 Saltsburg Rd,Pittsburgh,PA,15235
6691,4771 McKnight Rd,Pittsburgh,PA,15237
6692,300 Liberty Avenue,Pittsburgh,PA,15222
6693,10991 Frankstown  Road,Pittsburgh,PA,15235
6694,21 Yost  Boulevard,Pittsburgh,PA,15221
6695,2110 Ardmore Boulevard,Pittsburgh,PA,15221
6696,1043 Hamil Road,Verona,PA,15147
6697,429 4th  Avenue,Pittsburgh,PA,15219
6698,1101 Russellton  Road,Cheswick,PA,15024
6699,344 Sheridan  Avenue,Pittsburgh,PA,15206
6700,1977 Lincoln Way,Mc Keesport,PA,15131
6701,1000 Ross Park Mall Dr #VC-14,Pittsburgh,PA,15237
6702,100 Robinson Center Drive,Pittsburgh,PA,15205
6703,135 Magnolia Street,Homestead,PA,15120
6704,135 Magnolia Street,Homestead,PA,15120
6705,1120 Carson Street,Pittsburgh,PA,15203
6706,4045 Wm Penn  Highway,Monroeville,PA,15146
6707,&nbsp; Pgh Int&#39;l Airport / AC-19C,Pittsburgh,PA,15231
6708,12 Fairhaven Rd,Mc Kees Rocks,PA,15136
6709,1000 Locust Street,Pittsburgh,PA,15282
6710,225 8th  Avenue,Homestead,PA,15120
6711,7561 Noblestown Road,Sturgeon,PA,15082
6712,108 9th Street,Turtle Creek,PA,15145
6713,2929 Saw Mill Run Boulevard,Pittsburgh,PA,15227
6714,700 Cedar Avenue,Pittsburgh,PA,15212
6715,2950 Brownsville Road,Pittsburgh,PA,15227
6716,410 Lysle Boulevard,Mc Keesport,PA,15132
6717,417 7th Avenue,Pittsburgh,PA,15219
6718,100 Walmart Dr,North Versailles,PA,15137
6719,5438 Centre Avenue,Pittsburgh,PA,15232
6720,133 8th Avenue,Homestead,PA,15120
6721,1609 Braddock  Avenue,Pittsburgh,PA,15218
6722,435 Pittsburgh Mills Circle,Tarentum,PA,15084
6723,4613 Centre Ave,Pittsburgh,PA,15213
6724,500 Grandview  Crossing,Gibsonia,PA,15044
6725,5301 Grove Rd / Caste Village,Pittsburgh,PA,15236
6726,425 5th Ave,Coraopolis,PA,15108
6727,1708 Mt Royal Blvd,Glenshaw,PA,15116
6728,4028 Beechwood Blvd,Pittsburgh,PA,15217
6729,526 Penn Avenue,Pittsburgh,PA,15222
6730,2771 E Carson St,Pittsburgh,PA,15203
6731,1750 Greensburg Pike,North Versailles,PA,15137
6732,454 Home Drive,Pittsburgh,PA,15275
6733,2020 Ardmore  Boulevard,Pittsburgh,PA,15221
6734,1926 Murray Avenue,Pittsburgh,PA,15217
6735,5990 University Blvd,Coraopolis,PA,15108
6736,100 Robinson Center Drive / SP FC3 - Robinson Mall,Pittsburgh,PA,15205
6737,1305 Pittsburgh Street,Cheswick,PA,15024
6738,1701 Lincoln Highway,North Versailles,PA,15137
6739,200 Monroeville Mall,Monroeville,PA,15146
6740,4778 Liberty Avenue,Pittsburgh,PA,15224
6741,6270 Library  Road,Bethel Park,PA,15102
6742,11978 Perry Hwy,Wexford,PA,15090
6743,124 Grant Avenue,Pittsburgh,PA,15209
6744,1343 W Liberty Ave,Pittsburgh,PA,15226
6745,4400 Old Wm Penn Highway,Monroeville,PA,15146
6746,400 Ohio Street,Pittsburgh,PA,15212
6747,1160 B Washington Avenue,Carnegie,PA,15106
6748,3147 Banksville Road,Pittsburgh,PA,15237
6749,7700 Penn  Avenue,Pittsburgh,PA,15221
6750,1325 Hoffman Blvd,West Mifflin,PA,15122
6751,2619 Wexford Bayne  Road,Sewickley,PA,15143
6752,4526 Broadway Blvd,Monroeville,PA,15146
6753,4145 Wm Penn Hwy,Monroeville,PA,15146
6754,101 Station Sq Dr,Pittsburgh,PA,15219
6755,300 Walmart Drive,Gibsonia,PA,15044
6756,930 Penn Ave,Pittsburgh,PA,15222
6757,6210 Grand  Avenue,Pittsburgh,PA,15225
6758,995 Greensburg Pike,Pittsburgh,PA,15221
6759,&nbsp; Pgh Intl Airport / NE-2,Pittsburgh,PA,15231
6760,5055 Library  Road,Bethel Park,PA,15102
6761,219 Shiloh Street,Pittsburgh,PA,15211
6762,100 Highlands Mall,Natrona Heights,PA,15065
6763,322 Curry Hollow  Road,Pittsburgh,PA,15236
6764,4706 Rt 8,Allison Park,PA,15101
6765,&nbsp; Pgh Intl Airport  / SE-15,Pittsburgh,PA,15231
6766,2880 Industrial Boulevard,Bethel Park,PA,15102
6767,1035 5th Avenue,Pittsburgh,PA,15219
6768,537 Beaver Street,Sewickley,PA,15143
6769,4721 McKnight Road,Pittsburgh,PA,15237
6770,4313 Walnut Street,Mc Keesport,PA,15132
6771,1212 E Carson Street,Pittsburgh,PA,15203
6772,1846 Centre  Avenue,Pittsburgh,PA,15219
6773,84 Allegheny  River Blvd,Verona,PA,15147
6774,550 Butler  Street,Pittsburgh,PA,15223
6775,48 Monongahela  Avenue,Glassport,PA,15045
6776,7500 University  Boulevard,Coraopolis,PA,15108
6777,119 22nd  Avenue,Homestead,PA,15120
6778,3336 Babcock Boulevard,Pittsburgh,PA,15237
6779,2373 Mountain View Drive,West Mifflin,PA,15122
6780,517 McNeilly Road,Pittsburgh,PA,15226
6781,3390 Saxonburg Boulevard,Glenshaw,PA,15116
6782,1500 5th  Avenue,Mc Keesport,PA,15132
6783,264 Mt Nebo Pointe Drive,Pittsburgh,PA,15237
6784,1039 Freeport Rd,Pittsburgh,PA,15238
6785,7900 McKnight Rd,Pittsburgh,PA,15237
6786,6500 Steubenville Pike,Pittsburgh,PA,15205
6787,112 Chartiers Ave,Mc Kees Rocks,PA,15136
6788,10 Village Dr,Leetsdale,PA,15056
6789,3446 William Penn  Highway,Pittsburgh,PA,15235
6790,301 South Hills Village,Pittsburgh,PA,15241
6791,1000 Ross Park Mall  Drive,Pittsburgh,PA,15237
6792,7343 Saltsburg Rd,Pittsburgh,PA,15235
6793,39 Walsh  Road,Pittsburgh,PA,15205
6794,2351 Noblestown Road,Pittsburgh,PA,15205
6795,703 Liberty Avenue,Pittsburgh,PA,15222
6796,1985 Lincoln Way,Mc Keesport,PA,15131
6797,11667 Penn Hills Dr,Pittsburgh,PA,15235
6798,4017 Butler St,Pittsburgh,PA,15201
6799,414 Smithfield St,Pittsburgh,PA,15222
6800,201 Allegheny Avenue,Oakmont,PA,15139
6801,3 Market Pl,Pittsburgh,PA,15222
6802,950 Ridge Avenue,Pittsburgh,PA,15212
6803,500 Pine Hollow Rd  Kenmawr Plaza,Mc Kees Rocks,PA,15136
6804,1136 Thorn Run Rd Ext,Coraopolis,PA,15108
6805,401 Wood St,Pittsburgh,PA,15222
6806,1732 Pacific Avenue,Natrona Heights,PA,15065
6807,4142 Saw Mill Run Boulevard,Pittsburgh,PA,15227
6808,2158 Brownsville  Road,Pittsburgh,PA,15210
6809,225 Ross Street,Pittsburgh,PA,15219
6810,3707 Forbes  Avenue,Pittsburgh,PA,15213
6811,418 S Craig St,Pittsburgh,PA,15213
6812,150 Market Place Drive,Oakdale,PA,15071
6813,971 Ohio River Boulevard,Pittsburgh,PA,15202
6814,55 Alpha Drive,Pittsburgh,PA,15238
6815,9805 McKnight Rd,Pittsburgh,PA,15237
6816,583 Clairton Blvd,Pittsburgh,PA,15236
6817,4136 Library  Road,Pittsburgh,PA,15234
6818,930 Presque Isle Dr,Pittsburgh,PA,15239
6819,308 Cochran Rd,Pittsburgh,PA,15228
6820,1025 Washington Pike,Bridgeville,PA,15017
6821,809 West View Park Dr,Pittsburgh,PA,15229
6822,300 Mt Lebanon Blvd,Pittsburgh,PA,15234
6823,5500 Butler Street,Pittsburgh,PA,15201
6824,700 Forbes Ave,Pittsburgh,PA,15219
6825,2200 Washington Pike,Carnegie,PA,15106
6826,3103 Banksville Road,Pittsburgh,PA,15216
6827,700 Chartiers Avenue,Mc Kees Rocks,PA,15136
6828,7395 Schley Avenue,Pittsburgh,PA,15218
6829,5200 Clairton Blvd,Pittsburgh,PA,15236
6830,960 Brentview Drive,Pittsburgh,PA,15236
6831,5200 Clairton Boulevard,Pittsburgh,PA,15236
6832,543 North Avenue,Pittsburgh,PA,15209
6833,5813 Forbes Avenue,Pittsburgh,PA,15217
6834,4601 Centre Avenue,Pittsburgh,PA,15213
6835,2119 Murray Avenue,Pittsburgh,PA,15217
6836,5829 Forbes Ave,Pittsburgh,PA,15217
6837,116 23rd Street,Pittsburgh,PA,15222
6838,426 Shady Avenue,Bridgeville,PA,15017
6839,255 Camp Horne  Road,Pittsburgh,PA,15202
6840,1714 Bower Hill Road,Pittsburgh,PA,15243
6841,304 Freeport Road,Pittsburgh,PA,15215
6842,825 Duquesne Blvd,Duquesne,PA,15110
6843,600 Lysle Blvd,Mc Keesport,PA,15132
6844,339 Cochran Rd,Pittsburgh,PA,15228
6845,3505 Library  Road,Pittsburgh,PA,15234
6846,300 Grant Avenue,Pittsburgh,PA,15209
6847,2000 Eastern Avenue,Verona,PA,15147
6848,1020 Mt Royal Blvd,Pittsburgh,PA,15223
6849,195 N Craig St,Pittsburgh,PA,15213
6850,5600 Wm Flynn Hwy,Gibsonia,PA,15044
6851,19090 Perry Hwy,Mars,PA,16046
6852,4638 Clairton Blvd,Pittsburgh,PA,15236
6853,310 Cedar Ave,Pittsburgh,PA,15212
6854,4528 Ohio River Blvd,Pittsburgh,PA,15202
6855,900 Butler St,Pittsburgh,PA,15223
6856,113 Noble Ave,Pittsburgh,PA,15205
6857,521 Lincoln Hwy,East Pittsburgh,PA,15112
6858,1001 Washington Pike,Bridgeville,PA,15017
6859,1201 Airport Boulevard / Pgh Int&#39;l Airport,Pittsburgh,PA,15231
6860,1710 Washington Rd,Pittsburgh,PA,15241
6861,1721 Banksville Rd,Pittsburgh,PA,15216
6862,3299 Saw Mill Run Blvd,Pittsburgh,PA,15227
6863,514 N Highland Ave,Pittsburgh,PA,15206
6864,3100 W Liberty  Avenue,Pittsburgh,PA,15216
6865,7701 Penn Ave,Pittsburgh,PA,15221
6866,104 Clairton Blvd,Pittsburgh,PA,15236
6867,123 N Negley Ave,Pittsburgh,PA,15206
6868,7403 Washington Ave,Pittsburgh,PA,15218
6869,5204 Interboro Ave,Pittsburgh,PA,15207
6870,427 Brownsville Rd,Pittsburgh,PA,15210
6871,1969 Lincoln Way,Mc Keesport,PA,15131
6872,2350 Centre Ave,Pittsburgh,PA,15213
6873,600 Rodi Rd,Pittsburgh,PA,15235
6874,4779 Liberty Ave,Pittsburgh,PA,15224
6875,1855 Haymaker Rd,Monroeville,PA,15146
6876,208 Mansfield Blvd &amp;  Broadway Ave,Carnegie,PA,15106
6877,9100 Perry Hwy,Pittsburgh,PA,15237
6878,1643 Arlington Ave,Pittsburgh,PA,15210
6879,6700 University Blvd,Coraopolis,PA,15108
6880,127 McMurray Rd,Pittsburgh,PA,15241
6881,550 Aura Dr,Monroeville,PA,15146
6882,2828 Broadway Avenue,Monroeville,PA,15146
6883,2828 Broadway Avenue,Monroeville,PA,15146
6884,1329 Babcock Blvd,Pittsburgh,PA,15209
6885,2805 Custer Ave,Pittsburgh,PA,15227
6886,7992 Steubenville Pike,Oakdale,PA,15071
6887,38 E Main St,Carnegie,PA,15106
6888,95 Enterprise Street,Elizabeth,PA,15037
6889,1761 Pine Hollow Road,Mc Kees Rocks,PA,15136
6890,2601 S Braddock Ave,Pittsburgh,PA,15218
6891,430 Kenmawr Ave,Braddock,PA,15104
6892,289 Monroeville Mall,Monroeville,PA,15146
6893,4012 Butler St,Pittsburgh,PA,15201
6894,120 Three Degree  Road,Pittsburgh,PA,15237
6895,2681 Sidney St,Pittsburgh,PA,15203
6896,301 Grant St / One Oxford Ctr Lower Level,Pittsburgh,PA,15219
6897,128 Oakland  Avenue,Pittsburgh,PA,15213
6898,120 Oakland Avenue,Pittsburgh,PA,15213
6899,417 Craig Street,Pittsburgh,PA,15213
6900,1241 Penn Avenue,Pittsburgh,PA,15222
6901,4812 McKnight Rd,Pittsburgh,PA,15237
6902,5432 Walnut  Street,Pittsburgh,PA,15232
6903,1551 Washington Rd,Pittsburgh,PA,15228
6904,9805 McKnight Road,Pittsburgh,PA,15237
6905,5600 William Flynn Highway,Gibsonia,PA,15044
6906,7000 Oxford Drive,Bethel Park,PA,15102
6907,100 Settlers Ridge Center Drive,Pittsburgh,PA,15205
6908,8080 McIntyre Square,Pittsburgh,PA,15237
6909,5055 Library Road,Bethel Park,PA,15102
6910,9901 Mountain View Drive,West Mifflin,PA,15122
6911,5990 University  Boulevard,Coraopolis,PA,15108
6912,1671 Butler Plank  Road,Gibsonia,PA,15044
6913,&nbsp; Quaker Village Shopping Center,Leetsdale,PA,15056
6914,5550 Centre  Avenue,Pittsburgh,PA,15232
6915,132 Ben Avon Hts  Road,Pittsburgh,PA,15237
6916,4010 Monroeville Boulevard,Monroeville,PA,15146
6917,2021 Wharton  Street,Pittsburgh,PA,15203
6918,1705 Braddock Avenue,Pittsburgh,PA,15218
6919,1025 Washington  Pike,Bridgeville,PA,15017
6920,910 Freeport Road,Pittsburgh,PA,15238
6921,2811 Freeport Rd,Pittsburgh,PA,15238
6922,155 Town Center  Drive,Wexford,PA,15090
6923,420 Waterfront Drive,Homestead,PA,15120
6924,917 Grant Ave,Duquesne,PA,15110
6925,142 Grant Avenue,Pittsburgh,PA,15209
6926,5895 Heckert Road,Bakerstown,PA,15007
6927,2015 Pittsburgh Mills Road,Tarentum,PA,15084
6928,3937 Library Road,Pittsburgh,PA,15234
6929,162 Sewickley Farm Cir,Mars,PA,16046
6930,7331 Butler  Street,Pittsburgh,PA,15206
6931,435 E Ohio St,Pittsburgh,PA,15212
6932,614 Allegheny River Boulevard,Oakmont,PA,15139
6933,100 Robinson Center Drive,Pittsburgh,PA,15205
6934,182 South Hills Village,Pittsburgh,PA,15241
6935,1000 Ross Park Mall,Pittsburgh,PA,15237
6936,200 Broad St,Sewickley,PA,15143
6937,7518 Dickson Street,Pittsburgh,PA,15218
6938,2023 Noble  Street,Pittsburgh,PA,15218
6939,1990 Monongahela Ave,Pittsburgh,PA,15218
6940,7350 McClure Ave,Pittsburgh,PA,15218
6941,7400 Irvine Street,Pittsburgh,PA,15218
6942,1000 Technology Drive,Pittsburgh,PA,15219
6943,302 Railroad Avenue,Verona,PA,15147
6944,8800 Roberts Hollow Rd,Elizabeth,PA,15037
6945,1877 Shriners Way,Cheswick,PA,15024
6946,125 Oakland  Avenue,Pittsburgh,PA,15213
6947,3535 Mountain View Drive,West Mifflin,PA,15122
6948,5375 Wm Flynn Hwy,Gibsonia,PA,15044
6949,1155 Washington Pike,Bridgeville,PA,15017
6950,580 E Waterfront Dr,Homestead,PA,15120
6951,100 VIP  Drive,Wexford,PA,15090
6952,787 Wexford Bayne Rd,Wexford,PA,15090
6953,5300 Corporate Dr,Pittsburgh,PA,15237
6954,&nbsp; Pgh Intl Airport / AC-07,Pittsburgh,PA,15231
6955,200 Park Manor Drive,Pittsburgh,PA,15205
6956,185 Waterfront Dr,Homestead,PA,15120
6957,2800 Oxford Dr,Bethel Park,PA,15102
6958,240 Mall  Boulevard,Monroeville,PA,15146
6959,1027 5th Avenue,Pittsburgh,PA,15219
6960,&nbsp; Pgh Intl Airport / NE-10B,Pittsburgh,PA,15231
6961,&nbsp; Pgh Intl Airport / NW-07,Pittsburgh,PA,15231
6962,3501 Forbes  Avenue,Pittsburgh,PA,15213
6963,121 Pittsburgh Mills Circle,Tarentum,PA,15084
6964,357 Lincoln Avenue,Mc Donald,PA,15057
6965,5942 Steubenville Pike,Mc Kees Rocks,PA,15136
6966,100 Clinton Ave,Oakdale,PA,15071
6967,21 Yost  Boulevard,Pittsburgh,PA,15221
6968,2904 Liberty Avenue,Pittsburgh,PA,15216
6969,450 Pittsburgh Street,Springdale,PA,15144
6970,609 3rd Avenue,Elizabeth,PA,15037
6971,1299 Lane  Avenue,Natrona Heights,PA,15065
6972,8023 Bennett  Street,Pittsburgh,PA,15221
6973,2050 Lebanon Church Rd,West Mifflin,PA,15122
6974,2802 Jacks Run Rd,Mc Keesport,PA,15131
6975,4801 McKnight Rd,Pittsburgh,PA,15237
6976,1690 Cochran Road,Pittsburgh,PA,15220
6977,2343 Noblestown Road,Pittsburgh,PA,15205
6978,1025 Washington Pike,Bridgeville,PA,15017
6979,705 Allegheny Avenue,Pittsburgh,PA,15233
6980,1603 Braddock Avenue,Pittsburgh,PA,15218
6981,100 Northtowne  Square,Gibsonia,PA,15044
6982,807 View Park Dr,Pittsburgh,PA,15229
6983,4032 Wm Penn Hwy,Monroeville,PA,15146
6984,2300 Ardmore Blvd,Pittsburgh,PA,15221
6985,825 Freeport Rd,Pittsburgh,PA,15215
6986,163 Little Deer Creek Road,Cheswick,PA,15024
6987,1101 Freeport Road,Cheswick,PA,15024
6988,1124 Freeport Road,Pittsburgh,PA,15238
6989,304 Mall Blvd,Monroeville,PA,15146
6990,7795 McKnight Rd,Pittsburgh,PA,15237
6991,3821 Penn Ave,Pittsburgh,PA,15201
6992,362 Helen St,Mc Kees Rocks,PA,15136
6993,212 6th Street,Pittsburgh,PA,15219
6994,611 William Penn Place,Pittsburgh,PA,15219
6995,419 Butler Street,Pittsburgh,PA,15223
6996,257 Craig Street,Pittsburgh,PA,15213
6997,2101 Greentree Road / Ste B117,Pittsburgh,PA,15220
6998,&nbsp; City - County Building,Pittsburgh,PA,15219
6999,3054 Washington Road,Canonsburg,PA,15317
7000,1354 Goettman Street,Pittsburgh,PA,15212
