2001,1001 Carson Street,Pittsburgh,PA,15203
2002,3300 Saw Mill Run Blvd,Pittsburgh,PA,15227
2003,2600 Ardmore Blvd,Pittsburgh,PA,15221
2004,119 N Sheridan Ave,Pittsburgh,PA,15206
2005,21 Foster Avenue,Pittsburgh,PA,15205
2006,201 3rd Street,Dravosburg,PA,15034
2007,1019 West View Park Drive,Pittsburgh,PA,15229
2008,5816 Library Road,Bethel Park,PA,15102
2009,1300 Brodhead Road,Coraopolis,PA,15108
2010,11822 Frankstown  Road,Pittsburgh,PA,15235
2011,4305 Northern  Pike,Monroeville,PA,15146
2012,300 6th Avenue,Pittsburgh,PA,15222
2013,1509 Potomac  Avenue,Pittsburgh,PA,15216
2014,214 E Main St,Carnegie,PA,15106
2015,151 Margaret St,Pittsburgh,PA,15210
2016,207 Bettis Rd,West Mifflin,PA,15122
2017,3764 Saxonburg Boulevard,Pittsburgh,PA,15238
2018,1729 Eckert St,Pittsburgh,PA,15212
2019,7936 Steubenville Pike,Oakdale,PA,15071
2020,530 Locust St,Mc Keesport,PA,15132
2021,600 Donaldson Road,Oakdale,PA,15071
2022,4711 Liberty Ave,Pittsburgh,PA,15224
2023,46 Fox Chapel Road,Pittsburgh,PA,15238
2024,553 Brushton Ave,Pittsburgh,PA,15208
2025,1226 Herron Ave,Pittsburgh,PA,15219
2026,6409 Brownsville Road,Pittsburgh,PA,15236
2027,1709 Eden Park Blvd,Mc Keesport,PA,15132
2028,7315 Saltsburg Rd,Pittsburgh,PA,15235
2029,2414 Brownsville Rd,Pittsburgh,PA,15210
2030,2328 Freeport Road,Natrona Heights,PA,15065
2031,5004 William Flynn Highway,Gibsonia,PA,15044
2032,8900 Duncan Avenue,Pittsburgh,PA,15237
2033,1430 Potomac Avenue,Pittsburgh,PA,15216
2034,413 Bower Hill Road,Bridgeville,PA,15017
2035,5604 Solway Street,Pittsburgh,PA,15217
2036,6408 Brownsville Rd,Pittsburgh,PA,15236
2037,12 Washington Avenue,Oakmont,PA,15139
2038,3200 Annapolis  Avenue,Pittsburgh,PA,15216
2039,224 8th  Avenue,Homestead,PA,15120
2040,1228 Long Run Rd,Mc Keesport,PA,15131
2041,3732 Saxonburg Boulevard,Pittsburgh,PA,15238
2042,300 Mt Lebanon  Boulevard,Pittsburgh,PA,15234
2043,2634 5th Ave,Mc Keesport,PA,15132
2044,2305 O&#39;Neil Boulevard,Mc Keesport,PA,15131
2045,1635 Nobles Lane,Pittsburgh,PA,15210
2046,307 Grant Avenue,Pittsburgh,PA,15209
2047,709 East St,Pittsburgh,PA,15212
2048,610 Evans Ave,Mc Keesport,PA,15132
2049,2339 Carson  Street,Pittsburgh,PA,15203
2050,910 Sheraton  Drive,Mars,PA,16046
2051,8402 University Blvd,Coraopolis,PA,15108
2052,1 Bigelow Square,Pittsburgh,PA,15219
2053,101 Mall  Boulevard,Monroeville,PA,15146
2054,500 Mansfield Avenue,Pittsburgh,PA,15205
2055,500 Mansfield Avenue,Pittsburgh,PA,15205
2056,2301 Brownsville Rd,Pittsburgh,PA,15210
2057,508 Island Ave,Mc Kees Rocks,PA,15136
2058,700 Unity Center Rd,Pittsburgh,PA,15239
2059,6080 Steubenville Pike,Mc Kees Rocks,PA,15136
2060,5000 Gateway Campus Blvd,Monroeville,PA,15146
2061,2419 Baldwick Road,Pittsburgh,PA,15205
2062,501 East Ohio Street,Pittsburgh,PA,15209
2063,140 Allegheny River Boulevard,Verona,PA,15147
2064,3360 Main Street,Homestead,PA,15120
2065,503 Lincoln  Avenue,Pittsburgh,PA,15202
2066,&nbsp; 6th &amp; Ravine St,Dravosburg,PA,15034
2067,7600 N Braddock Ave,Pittsburgh,PA,15208
2068,1456 Lincoln Hwy,North Versailles,PA,15137
2069,2060 Ardmore  Boulevard,Pittsburgh,PA,15221
2070,715 Broadway Avenue,Mc Kees Rocks,PA,15136
2071,2236 Murray Avenue,Pittsburgh,PA,15217
2072,660 Loretta  Street,Pittsburgh,PA,15217
2073,348 Center Ave,Pittsburgh,PA,15229
2074,2101 Douglas Run Road,Sutersville,PA,15083
2075,745 Grant Street,Pittsburgh,PA,15219
2076,4731 Buttermilk Hollow Rd,West Mifflin,PA,15122
2077,705 Brushton Avenue,Pittsburgh,PA,15208
2078,1006 E Carson  Street,Pittsburgh,PA,15203
2079,294 Curry Hollow,Pittsburgh,PA,15236
2080,122 8th Avenue,Homestead,PA,15120
2081,1910 Cochran Road,Pittsburgh,PA,15220
2082,122 W 8th  Avenue,Homestead,PA,15120
2083,4700 Penn Ave,Pittsburgh,PA,15224
2084,2315 Mountain View Drive,West Mifflin,PA,15122
2085,1701 Lincoln Highway,North Versailles,PA,15137
2086,200 Northtown Square,Gibsonia,PA,15044
2087,3700 Wm Penn Highway,Monroeville,PA,15146
2088,1025 Washington Pike,Bridgeville,PA,15017
2089,553 Carnot Road,Coraopolis,PA,15108
2090,411 Smithfield Street,Pittsburgh,PA,15222
2091,3200 Saw Mill Run Blvd,Pittsburgh,PA,15227
2092,1541 Washington Rd,Pittsburgh,PA,15228
2093,11175 Perry Highway,Wexford,PA,15090
2094,28 Market  Square,Pittsburgh,PA,15222
2095,344 Rodi Rd,Pittsburgh,PA,15235
2096,301 10th Avenue,Tarentum,PA,15084
2097,4578 Browns Hill Rd,Pittsburgh,PA,15217
2098,3907 Forbes Avenue,Pittsburgh,PA,15213
2099,911 Butler Street,Pittsburgh,PA,15223
2100,45 Foster Avenue,Pittsburgh,PA,15205
2101,601 Grant Street,Pittsburgh,PA,15219
2102,800 West View Park Drive,Pittsburgh,PA,15229
2103,360 Curry Hollow Road,Pittsburgh,PA,15236
2104,2134 Brownsville Road,Pittsburgh,PA,15210
2105,2525 5th Avenue,Mc Keesport,PA,15132
2106,2725 Freeport Rd,Pittsburgh,PA,15238
2107,1031 Paxton  Drive,Bethel Park,PA,15102
2108,1098 Washington Pike,Bridgeville,PA,15017
2109,145 McMurray  Road,Pittsburgh,PA,15241
2110,5889 Forbes Ave,Pittsburgh,PA,15217
2111,2961 W Liberty  Avenue,Pittsburgh,PA,15216
2112,1121 Lincoln  Highway,North Versailles,PA,15137
2113,5900 Penn Ave,Pittsburgh,PA,15206
2114,325 6th Avenue,Pittsburgh,PA,15222
2115,339 6th Avenue,Pittsburgh,PA,15222
2116,300 Kennedy Ave,Duquesne,PA,15110
2117,1700 Greenleaf St,Pittsburgh,PA,15211
2118,1001 Ridge Street,Duquesne,PA,15110
2119,2100 Duquesne Place,Duquesne,PA,15110
2120,9 Duquesne Plaza,Duquesne,PA,15110
2121,12 E Main St,Carnegie,PA,15106
2122,5414 2nd  Avenue,Pittsburgh,PA,15207
2123,321 6th Avenue,Tarentum,PA,15084
2124,5904 Bryant Street,Pittsburgh,PA,15206
2125,118 2nd St,Elizabeth,PA,15037
2126,304 Butler Street,Pittsburgh,PA,15223
2127,721 White Street,Mc Keesport,PA,15132
2128,&nbsp; Sullivan  Way,Pittsburgh,PA,15223
2129,344 Sheridan Avenue,Pittsburgh,PA,15206
2130,2269 Noblestown Road,Pittsburgh,PA,15205
2131,4630 Wm Flynn Highway,Allison Park,PA,15101
2132,4775 McKnight Road,Pittsburgh,PA,15237
2133,6250 Library  Road,Bethel Park,PA,15102
2134,8136 Ohio River Boulevard,Pittsburgh,PA,15202
2135,650 Clairton Boulevard,Pittsburgh,PA,15236
2136,2 Heckle Road,Mc Kees Rocks,PA,15136
2137,1102 Perry Highway,Pittsburgh,PA,15237
2138,6106 Saltsburg Road,Verona,PA,15147
2139,500 Grant Street,Pittsburgh,PA,15219
2140,500 Grant Street,Pittsburgh,PA,15219
2141,4943 Wm Flynn Hwy,Gibsonia,PA,15044
2142,1100 South Braddock Avenue,Pittsburgh,PA,15218
2143,1150 Jacks Run Rd,North Versailles,PA,15137
2144,1150 Jacks Run Road,North Versailles,PA,15137
2145,2001 Ardmore Boulevard,Pittsburgh,PA,15221
2146,6580 Frankstown  Avenue,Pittsburgh,PA,15206
2147,108 19th Street,Pittsburgh,PA,15222
2148,6140 Station Street,Pittsburgh,PA,15206
2149,6140 Station Street,Pittsburgh,PA,15206
2150,7516 Meade St,Pittsburgh,PA,15208
2151,2132 Forbes  Avenue,Pittsburgh,PA,15219
2152,2320 Hills Drive,Pittsburgh,PA,15221
2153,116 S Highland Ave,Pittsburgh,PA,15206
2154,406 E Ohio St,Pittsburgh,PA,15212
2155,1323 Forbes Avenue,Pittsburgh,PA,15219
2156,370 Guys Run Road,Cheswick,PA,15024
2157,519 Penn Avenue Extension,Turtle Creek,PA,15145
2158,250 N Highland Ave,Pittsburgh,PA,15206
2159,301 Grant St / Oxford Centre R-1,Pittsburgh,PA,15219
2160,245 E Waterfront Dr,Homestead,PA,15120
2161,1816 Murray Ave,Pittsburgh,PA,15217
2162,1197 Washington Pike,Bridgeville,PA,15017
2163,7671 McKnight Rd,Pittsburgh,PA,15237
2164,1002 Ohio River Blvd,Pittsburgh,PA,15202
2165,2650 Brandt School Road,Wexford,PA,15090
2166,930 Butler Street,Glenshaw,PA,15116
2167,1626 Broadview Boulevard,Natrona Heights,PA,15065
2168,201 Ohio River Blvd,Sewickley,PA,15143
2169,7370 McKnight Rd,Pittsburgh,PA,15237
2170,11746 Frankstown Rd,Pittsburgh,PA,15235
2171,301 Chartiers Avenue,Mc Kees Rocks,PA,15136
2172,301 South Hills Village,Pittsburgh,PA,15241
2173,3987 Monroeville Blvd,Monroeville,PA,15146
2174,2874 W Liberty  Avenue,Pittsburgh,PA,15216
2175,3005 Pittsburgh Mills Boulevard,Tarentum,PA,15084
2176,5143 Wm Flynn Hwy,Gibsonia,PA,15044
2177,100 Park Manor Drive,Pittsburgh,PA,15205
2178,19085 Perry Hwy,Mars,PA,16046
2179,1605 S Braddock Ave,Pittsburgh,PA,15218
2180,805 Lysle Blvd,Mc Keesport,PA,15132
2181,5100 Clairton Blvd,Pittsburgh,PA,15236
2182,9516 University Blvd,Coraopolis,PA,15108
2183,1250 Banksville Road,Pittsburgh,PA,15216
2184,410 Vista Park Drive,Pittsburgh,PA,15205
2185,410 Vista Park Drive,Pittsburgh,PA,15205
2186,5220 Library Road,Bethel Park,PA,15102
2187,849 Freeport  Road,Pittsburgh,PA,15238
2188,516 Lincoln Hwy,North Versailles,PA,15137
2189,1000 Cherrington  Parkway,Coraopolis,PA,15108
2190,305 Craig  Street,Pittsburgh,PA,15213
2191,100 South Commons / Allegheny Center Mall #135,Pittsburgh,PA,15212
2192,100 South Commons / Allegheny Center Mall #118,Pittsburgh,PA,15212
2193,444 Liberty Avenue,Pittsburgh,PA,15222
2194,1617 Sedgwick St,Pittsburgh,PA,15233
2195,1617 Sedgwick St,Pittsburgh,PA,15233
2196,1744 Chislett St,Pittsburgh,PA,15206
2197,509 Wall Ave,Wilmerding,PA,15148
2198,1617 Sedgwick St,Pittsburgh,PA,15233
2199,735 Copeland  Avenue,Pittsburgh,PA,15232
2200,6035 Ridge Road,Gibsonia,PA,15044
2201,428 Eden Park Blvd,Mc Keesport,PA,15132
2202,99 Alfred St,Pittsburgh,PA,15228
2203,2627 Penn Ave,Pittsburgh,PA,15222
2204,253 Edgewood Ave,Pittsburgh,PA,15218
2205,100 Churchill Road,Pittsburgh,PA,15235
2206,100 Churchill Rd,Pittsburgh,PA,15235
2207,241 Maple Ave,Pittsburgh,PA,15218
2208,511 East Dr,Sewickley,PA,15143
2209,3050 McIntyre Sq Drive,Pittsburgh,PA,15237
2210,6506 Steubenville Pike,Pittsburgh,PA,15205
2211,250 Mt Lebanon Boulevard,Pittsburgh,PA,15234
2212,6401 Penn  Avenue,Pittsburgh,PA,15206
2213,529 Mt Pleasant Road,Pittsburgh,PA,15214
2214,55 38th Street,Pittsburgh,PA,15201
2215,518 Bairdford Road,Bairdford,PA,15006
2216,1162 Brookline Blvd,Pittsburgh,PA,15226
2217,8556 University Blvd,Coraopolis,PA,15108
2218,2350 Noblestown Rd,Pittsburgh,PA,15205
2219,2929 Churchview Ave,Pittsburgh,PA,15227
2220,285 Richard Rd,Wexford,PA,15090
2221,1121 Penn Avenue,Pittsburgh,PA,15222
2222,2028 Murray  Avenue,Pittsburgh,PA,15217
2223,1910 New Texas  Road,Pittsburgh,PA,15239
2224,979 Greentree Road,Pittsburgh,PA,15220
2225,4910 Baum  Blvd,Pittsburgh,PA,15213
2226,410 Market St / 3 PPG Place,Pittsburgh,PA,15222
2227,436 7th Avenue,Pittsburgh,PA,15219
2228,100 Warwick Dr,Pittsburgh,PA,15241
2229,112 St Joseph St,Pittsburgh,PA,15210
2230,1108 Federal Street,Pittsburgh,PA,15212
2231,1113 Braddock Avenue,Pittsburgh,PA,15218
2232,4097 Wm Penn  Highway,Monroeville,PA,15146
2233,460 Home Drive,Pittsburgh,PA,15275
2234,4771 McKnight Rd,Pittsburgh,PA,15237
2235,250 Pacific Avenue,Pittsburgh,PA,15224
2236,1542 Beechview Avenue,Pittsburgh,PA,15216
2237,1155 Washington Pike #61,Bridgeville,PA,15017
2238,1620 Painters Run Rd,Pittsburgh,PA,15243
2239,4315 Murray Avenue,Pittsburgh,PA,15217
2240,6425 Penn Avenue,Pittsburgh,PA,15206
2241,1150 Smallman Street,Pittsburgh,PA,15222
2242,3611 Walnut St,Mc Keesport,PA,15132
2243,3200 Mount Royal  Boulevard,Glenshaw,PA,15116
2244,3200 Mt Royal Blvd,Glenshaw,PA,15116
2245,134 Elizabeth  Street,Pittsburgh,PA,15207
2246,141 McKeesport Road,Elizabeth,PA,15037
2247,5512 W Smithfield St,Mc Keesport,PA,15135
2248,401 Rock Run Rd,Elizabeth,PA,15037
2249,1000 Weigles Hill Rd,Elizabeth,PA,15037
2250,5041 2nd  Ave,Pittsburgh,PA,15207
2251,429 Duncan Station  Road,Mc Keesport,PA,15135
2252,317 2nd  Avenue,Elizabeth,PA,15037
2253,317 2nd St / Suite C,Elizabeth,PA,15037
2254,101 1st  St,Elizabeth,PA,15037
2255,107 Market St,Elizabeth,PA,15037
2256,4609 Marina Drive,Homestead,PA,15120
2257,1000 Sandcastle Drive,Homestead,PA,15120
2258,611 Old Clairton  Road,Pittsburgh,PA,15236
2259,306 Lewis Run Rd,Clairton,PA,15025
2260,230 Airside Dr/ Bldg#200/ Box 3,Coraopolis,PA,15108
2261,6425 5th Ave,Pittsburgh,PA,15206
2262,3129 Elroy Ave,Pittsburgh,PA,15227
2263,1614 Penn Ave,Pittsburgh,PA,15221
2264,163 Little Deer Creek  Road,Rural Ridge,PA,15075
2265,856 Crucible  Street,Pittsburgh,PA,15220
2266,550 Cherrington  Parkway,Coraopolis,PA,15108
2267,535 Smithfield  Street,Pittsburgh,PA,15222
2268,1002 Church Hill Road,Pittsburgh,PA,15205
2269,2444 Rochester Road,Sewickley,PA,15143
2270,200 Beta Drive,Pittsburgh,PA,15238
2271,414 Hawkins Ave,Braddock,PA,15104
2272,702 Gulf Lab Road,Cheswick,PA,15024
2273,2557 E Carson St,Pittsburgh,PA,15203
2274,5375 Wm Flynn Hwy,Gibsonia,PA,15044
2275,1580 McLaughlin Run Rd,Pittsburgh,PA,15241
2276,245 3rd St,Braddock,PA,15104
2277,1229 Jefferson Heights  Road,Pittsburgh,PA,15235
2278,932 Route 910,Cheswick,PA,15024
2279,151 Cove Run Road,Cheswick,PA,15024
2280,5100 Corporate Drive,Pittsburgh,PA,15237
2281,11978 Perry  Highway,Wexford,PA,15090
2282,197 Hazelwood Ave,Pittsburgh,PA,15202
2283,337 4th  Avenue,Pittsburgh,PA,15222
2284,3100 Penn  Avenue,Pittsburgh,PA,15201
2285,2022 Penn Avenue,Pittsburgh,PA,15222
2286,2022 Spring Way,Pittsburgh,PA,15222
2287,1125 N Highland Ave,Pittsburgh,PA,15206
2288,416 Lincoln Avenue,Pittsburgh,PA,15209
2289,829 Milton  Street,Pittsburgh,PA,15218
2290,309 Braddock Avenue,Pittsburgh,PA,15221
2291,50 Freeport  Road,Pittsburgh,PA,15215
2292,219 4th Avenue,Pittsburgh,PA,15222
2293,616 Lincoln Avenue,Pittsburgh,PA,15202
2294,184 Washington Place,Pittsburgh,PA,15219
2295,8354 Perry Hwy,Pittsburgh,PA,15237
2296,210 6th Avenue,Pittsburgh,PA,15222
2297,529 Lincoln Ave,Pittsburgh,PA,15202
2298,1102 Brackenridge Avenue,Brackenridge,PA,15014
2299,906 Main St,Pittsburgh,PA,15215
2300,3623 Butler St,Pittsburgh,PA,15201
2301,3901 Forbes  Avenue,Pittsburgh,PA,15213
2302,4600 Butler St,Pittsburgh,PA,15201
2303,1814 Brownsville Rd,Pittsburgh,PA,15210
2304,421 Butler Street,Pittsburgh,PA,15223
2305,27 Crescent Street,Pittsburgh,PA,15223
2306,735 Copeland St,Pittsburgh,PA,15232
2307,210 Pearce Mill  Road,Wexford,PA,15090
2308,4140 Saw Mill Run / Clairton Boulevard,Pittsburgh,PA,15227
2309,259 Evaline  Street,Pittsburgh,PA,15224
2310,532 Homewood Avenue,Pittsburgh,PA,15208
2311,4042 Saw Mill Run Blvd,Pittsburgh,PA,15227
2312,308 Curry Hollow  Road,Pittsburgh,PA,15236
2313,7328 Penn Ave,Pittsburgh,PA,15208
2314,3831 Evergreen Dr,Monroeville,PA,15146
2315,5875 Forbes  Avenue,Pittsburgh,PA,15217
2316,2585 Freeport Road,Pittsburgh,PA,15238
2317,6014 Centre Avenue,Pittsburgh,PA,15206
2318,79 McGovern  Boulevard,Glenwillard,PA,15046
2319,2526 E Carson St,Pittsburgh,PA,15203
2320,3518 Brownsville Road,Pittsburgh,PA,15227
2321,501 Lowries Run Road,Pittsburgh,PA,15237
2322,2760 Saw Mill Run Blvd,Pittsburgh,PA,15227
2323,612 Old Clairton Rd,Pittsburgh,PA,15236
2324,413 7th Avenue,Pittsburgh,PA,15219
2325,1003 Freeport  Road,Cheswick,PA,15024
2326,209 Ohio River  Boulevard,Sewickley,PA,15143
2327,941 Liberty Avenue,Pittsburgh,PA,15222
2328,203 Boggs  Avenue,Pittsburgh,PA,15211
2329,623 Jones Ave,Braddock,PA,15104
2330,600 Grant Street,Pittsburgh,PA,15219
2331,500 Grant Street,Pittsburgh,PA,15219
2332,530 Wm Penn Place,Pittsburgh,PA,15230
2333,120 5th  Avenue,Pittsburgh,PA,15222
2334,301 Grant Street,Pittsburgh,PA,15219
2335,1400 Buena Vista Street,Pittsburgh,PA,15212
2336,660 Ambridge Ave,Ambridge,PA,15003
2337,1004 Sutherland  Drive,Pittsburgh,PA,15205
2338,7 Provost Rd,Pittsburgh,PA,15227
2339,5461 Penn Ave,Pittsburgh,PA,15206
2340,510 Market Street,Pittsburgh,PA,15222
2341,1060 Atlantic Avenue,Brackenridge,PA,15014
2342,738 Dorseyville Road,Pittsburgh,PA,15238
2343,3326 Washington Pike,Bridgeville,PA,15017
2344,1530 Hamilton Road,Pittsburgh,PA,15234
2345,1500 Locust  Street,Braddock,PA,15104
2346,161 6th Avenue,Pittsburgh,PA,15229
2347,80 Bartley Road,Pittsburgh,PA,15241
2348,3716 Main St,Homestead,PA,15120
2349,4060 Allequippa St,Pittsburgh,PA,15261
2350,721 Walnut Street,Clairton,PA,15025
2351,3400 Suite 3 South Park  Road,Bethel Park,PA,15102
2352,642 Monongahela Ave,Glassport,PA,15045
2353,1122 Milltown Road,Verona,PA,15147
2354,152 McKees Rocks Pz,Mc Kees Rocks,PA,15136
2355,3300 Penn Avenue,Pittsburgh,PA,15201
2356,3215 Versailles  Avenue,Mc Keesport,PA,15132
2357,130 Lysle Blvd,Mc Keesport,PA,15132
2358,355 Lincoln Hwy,North Versailles,PA,15137
2359,240 Hays Ave,Pittsburgh,PA,15210
2360,6320 Shakespeare St,Pittsburgh,PA,15206
2361,909 Main St,Pittsburgh,PA,15215
2362,1868 Homeville Rd,West Mifflin,PA,15122
2363,123 Lincoln Avenue,Pittsburgh,PA,15209
2364,14 Creighton Russellton  Road,Russellton,PA,15076
2365,7627 Penn Ave,Pittsburgh,PA,15221
2366,27 Duquesne Boulevard,Duquesne,PA,15110
2367,300 Broadway St,Carnegie,PA,15106
2368,533 Miller Ave,Clairton,PA,15025
2369,1737 Golden Mile Highway,Monroeville,PA,15146
2370,240 Curry Hollow Rd,Pittsburgh,PA,15236
2371,2020 Wharton Street,Pittsburgh,PA,15203
2372,450 56th St,Pittsburgh,PA,15201
2373,607 Lincoln Ave,Pittsburgh,PA,15202
2374,715 8th Avenue,Homestead,PA,15120
2375,5160 Penn Ave,Pittsburgh,PA,15224
2376,401 6th St,Braddock,PA,15104
2377,2347 5th Ave,Mc Keesport,PA,15132
2378,9010 Frankstown Rd,Pittsburgh,PA,15235
2379,2020 Spring Garden Ave,Pittsburgh,PA,15212
2380,3107 Liberty Way,Mc Keesport,PA,15133
2381,1917 Centre Ave,Pittsburgh,PA,15213
2382,1201 Foster  Avenue,Pittsburgh,PA,15205
2383,1500 Yost Blvd / Braddock Hills,Pittsburgh,PA,15221
2384,821 Chartiers  Avenue,Mc Kees Rocks,PA,15136
2385,2928 Sheraden Boulevard,Pittsburgh,PA,15204
2386,2104 Brownsville Road,Pittsburgh,PA,15210
2387,2644 Banksville Road,Pittsburgh,PA,15216
2388,1100 Freeport Rd,Mars,PA,16046
2389,205 Locust St / Hays Manor,Mc Kees Rocks,PA,15136
2390,1100 Freeport Rd,Mars,PA,16046
2391,1425 Forbes Avenue,Pittsburgh,PA,15219
2392,2614 Brownsville Road,Pittsburgh,PA,15227
2393,445 Pittsburgh Mills  Circle,Tarentum,PA,15084
2394,4960 Wm Flynn Highway,Allison Park,PA,15101
2395,&nbsp; Pgh Int&#39;l Airport / AC-33,Pittsburgh,PA,15231
2396,&nbsp; Pgh Int&#39;l Airport / NW-3A,Pittsburgh,PA,15231
2397,501 Lincoln Avenue,Pittsburgh,PA,15209
2398,1424 U.S. Route 30,Clinton,PA,15026
2399,7261 Steubenville Pike,Oakdale,PA,15071
2400,620 McGovern Blvd,Coraopolis,PA,15108
2401,4898 Campbells Run Road,Pittsburgh,PA,15205
2402,1401 Freeport Road,Cheswick,PA,15024
2403,1805 E. Carson Street,Pittsburgh,PA,15203
2404,5009 2nd Avenue,Pittsburgh,PA,15207
2405,202 3rd Ave,Carnegie,PA,15106
2406,5591 Ridge Road,Natrona Heights,PA,15065
2407,4028 Penn Avenue,Pittsburgh,PA,15224
2408,27 Brilliant Avenue,Pittsburgh,PA,15215
2409,1000 FedEx Dr,Coraopolis,PA,15108
2410,1001 Liberty Avenue,Pittsburgh,PA,15222
2411,2102 Broadway Avenue,Pittsburgh,PA,15216
2412,1231 RT 51,Clairton,PA,15025
2413,6028 Saltsburg Road,Verona,PA,15147
2414,1624 Lincoln Way,Mc Keesport,PA,15131
2415,4415 Old Wm Penn  Highway,Monroeville,PA,15146
2416,4305 Main Street,Pittsburgh,PA,15224
2417,963 Liberty Avenue,Pittsburgh,PA,15222
2418,120 5th Avenue,Pittsburgh,PA,15222
2419,1501 E Carson St,Pittsburgh,PA,15203
2420,800 U.S. Route 30,Clinton,PA,15026
2421,12120 Frankstown Rd,Pittsburgh,PA,15235
2422,103 Capital Ave,Pittsburgh,PA,15226
2423,796 Penn Ave,Pittsburgh,PA,15221
2424,6290 Broad  Street,Pittsburgh,PA,15206
2425,&nbsp; 10th St &amp; Penn  Avenue,Pittsburgh,PA,15222
2426,320 McHolme Drive,Pittsburgh,PA,15275
2427,159 N Bellefield Ave,Pittsburgh,PA,15213
2428,2726 E Carson St / Rear,Pittsburgh,PA,15203
2429,310 Vista Park Drive,Pittsburgh,PA,15205
2430,49 Locust Street,Pittsburgh,PA,15223
2431,3454 Pleasantvue Dr,Pittsburgh,PA,15227
2432,615 Grant Street,Pittsburgh,PA,15219
2433,719 Duquesne Boulevard,Duquesne,PA,15110
2434,320 6th Avenue,Pittsburgh,PA,15222
2435,671 Bryn Mawr Rd,Pittsburgh,PA,15219
2436,913 Lock Street,Tarentum,PA,15084
2437,215 Settlers Ridge Center Drive,Pittsburgh,PA,15205
2438,9176 Covenant  Avenue,Pittsburgh,PA,15237
2439,160 Millers Run Road,Bridgeville,PA,15017
2440,500 1st Ave,Pittsburgh,PA,15219
2441,100 Village Club Drive,Wexford,PA,15090
2442,1010 Settlers Ridge Center Drive,Pittsburgh,PA,15205
2443,587 Clairton Boulevard,Pittsburgh,PA,15236
2444,4088 William Penn  Boulevard,Monroeville,PA,15146
2445,4801 McKnight Road,Pittsburgh,PA,15237
2446,5375 Wm Flynn Highway,Gibsonia,PA,15044
2447,1020 Village Center Drive,Tarentum,PA,15084
2448,950 Freeport Rd,Pittsburgh,PA,15238
2449,1000 Ross Park Mall Drive,Pittsburgh,PA,15237
2450,1029 Freeport Rd,Pittsburgh,PA,15238
2451,117 S Bouquet St,Pittsburgh,PA,15213
2452,2030 Pittsburgh Mills Boulevard,Tarentum,PA,15084
2453,3845 Northern  Pike,Monroeville,PA,15146
2454,324 McHolme Drive,Pittsburgh,PA,15275
2455,3 PPG Place,Pittsburgh,PA,15222
2456,160 Millers Run Road,Bridgeville,PA,15017
2457,6520 Wilkins  Avenue,Pittsburgh,PA,15217
2458,200 Monroeville Mall,Monroeville,PA,15146
2459,301 South Hills Village FC-03,Pittsburgh,PA,15241
2460,120 5th Avenue,Pittsburgh,PA,15222
2461,12270 Frankstown Rd,Pittsburgh,PA,15235
2462,342 Center  Avenue,Pittsburgh,PA,15229
2463,1701 Lincoln Highway,North Versailles,PA,15137
2464,1540 State St,Clairton,PA,15025
2465,1617 State  Street,Clairton,PA,15025
2466,3111 Babcock Boulevard,Pittsburgh,PA,15237
2467,900 Presque Isle Dr,Pittsburgh,PA,15239
2468,110 Plum Industrial Ct,Pittsburgh,PA,15239
2469,7505 Saltsburg Rd,Pittsburgh,PA,15235
2470,10 River Road,Natrona Heights,PA,15065
2471,2228 Centre Avenue,Pittsburgh,PA,15219
2472,701 Chartiers  Avenue,Mc Kees Rocks,PA,15136
2473,1021 Mt Royal  Boulevard,Pittsburgh,PA,15223
2474,1050 Brinton Rd,Pittsburgh,PA,15221
2475,2721 5th  Avenue,Mc Keesport,PA,15132
2476,194 Craig Street,Pittsburgh,PA,15213
2477,5906 Bryant  Street,Pittsburgh,PA,15206
2478,5878 Northumberland St,Pittsburgh,PA,15217
2479,6401 Penn Ave,Pittsburgh,PA,15206
2480,2005 Forbes  Avenue,Pittsburgh,PA,15219
2481,1015 Forbes  Avenue,Pittsburgh,PA,15219
2482,3715 Forbes Avenue,Pittsburgh,PA,15213
2483,607 Beatty   Road,Monroeville,PA,15146
2484,607 Beatty Rd,Monroeville,PA,15146
2485,3801 Forbes Avenue,Pittsburgh,PA,15213
2486,1402 Evergreen Ave,Pittsburgh,PA,15209
2487,1 Forest Grove Road,Coraopolis,PA,15108
2488,700 Barclay Avenue,Pittsburgh,PA,15221
2489,910 Beaver Grade Rd,Coraopolis,PA,15108
2490,11978 Perry Highway,Wexford,PA,15090
2491,27 Tecumseh St,Pittsburgh,PA,15207
2492,515 Fort Couch Rd,Pittsburgh,PA,15241
2493,7780 Steubenville Pike,Oakdale,PA,15071
2494,4100 Wm Penn Highway,Monroeville,PA,15146
2495,591 Clairton Blvd,Pittsburgh,PA,15236
2496,1840 Union Avenue,Natrona Heights,PA,15065
2497,11 Tunnel Way,Mc Kees Rocks,PA,15136
2498,700 Vermont Ave,Pittsburgh,PA,15234
2499,680 Andersen Drive / Bldg 10,Pittsburgh,PA,15220
2500,1770 McLaughlin Run Road,Pittsburgh,PA,15241
2501,2361 Banks School  Road,Gibsonia,PA,15044
2502,529 4th St,Braddock,PA,15104
2503,426 Fox Chapel Road,Pittsburgh,PA,15238
2504,611 Field Club Road,Pittsburgh,PA,15238
2505,384 Fox Chapel Road,Pittsburgh,PA,15238
2506,&nbsp; Hunt Rd &amp; Squaw Run,Pittsburgh,PA,15238
2507,1366 Old Freeport Road,Pittsburgh,PA,15238
2508,6 Bailey Ave,Pittsburgh,PA,15211
2509,104 Church St,Turtle Creek,PA,15145
2510,659 Woodward Ave,Mc Kees Rocks,PA,15136
2511,908 Little Deer Creek  Valley Road,Russellton,PA,15076
2512,4400 Old William Penn Highway,Monroeville,PA,15146
2513,902 Brookline Boulevard,Pittsburgh,PA,15226
2514,1500 Radford Rd,Pittsburgh,PA,15227
2515,998 Brodhead  Road,Coraopolis,PA,15108
2516,407 6th Avenue,Tarentum,PA,15084
2517,6091 Steubenville Pike,Mc Kees Rocks,PA,15136
2518,200 Swiss Lane,Elizabeth,PA,15037
2519,710 Broadway Ave,Pitcairn,PA,15140
2520,1100B Lincoln Highway,North Versailles,PA,15137
2521,5700 Homeville Road,West Mifflin,PA,15122
2522,3181 Washington Pike,Bridgeville,PA,15017
2523,12244 Frankstown  Road,Pittsburgh,PA,15235
2524,1746 Wm Flynn Highway,Glenshaw,PA,15116
2525,314 Allegheny River  Boulevard,Oakmont,PA,15139
2526,2374 Golden Mile Hwy / Rt 286,Pittsburgh,PA,15239
2527,221 2nd Avenue,Carnegie,PA,15106
2528,437 Grant Street,Pittsburgh,PA,15219
2529,2238 Route  51,Clairton,PA,15025
2530,1401 Hamilton Rd,Pittsburgh,PA,15234
2531,138 Unity Center Rd,Pittsburgh,PA,15239
2532,3805 Willow Avenue,Pittsburgh,PA,15234
2533,538 Main Street,Sturgeon,PA,15082
2534,2209 Saw Mill Run Blvd,Pittsburgh,PA,15210
2535,289 Baldwin Road,Pittsburgh,PA,15207
2536,641 North Avenue,Pittsburgh,PA,15209
2537,1442 Lowrie St,Pittsburgh,PA,15212
2538,1722 Mt Royal Blvd,Glenshaw,PA,15116
2539,101 Rochester Rd,Pittsburgh,PA,15229
2540,5454 Library  Road,Bethel Park,PA,15102
2541,2317 New England Rd,West Mifflin,PA,15122
2542,3535 Butler  Street,Pittsburgh,PA,15201
2543,2313 Rochester Rd,Pittsburgh,PA,15237
2544,2401 Rochester Rd,Sewickley,PA,15143
2545,8936 Frankstown Rd,Pittsburgh,PA,15235
2546,547 Greenfield  Avenue,Pittsburgh,PA,15207
2547,6701 Frankstown Ave,Pittsburgh,PA,15208
2548,3810 Butler Street,Pittsburgh,PA,15201
2549,115 Forbes Avenue,Pittsburgh,PA,15222
2550,3810 Butler Street,Pittsburgh,PA,15201
2551,3810 Butler  Street,Pittsburgh,PA,15201
2552,1014 Brodhead Rd,Coraopolis,PA,15108
2553,315 James Street,Verona,PA,15147
2554,204 Wood Street,Tarentum,PA,15084
2555,853 Boggs  Avenue,Pittsburgh,PA,15211
2556,9346 Aldenford Dr,Pittsburgh,PA,15237
2557,881 Greentree Road,Pittsburgh,PA,15220
2558,7300 Lemington  Avenue,Pittsburgh,PA,15206
2559,1451 Potomac  Avenue,Pittsburgh,PA,15216
2560,18 Highland Mall 4005,Natrona Heights,PA,15065
2561,795 Pittsburgh  Road,Butler,PA,16002
2562,148 Allegheny River  Boulevard,Verona,PA,15147
2563,3075 Clairton Blvd,West Mifflin,PA,15122
2564,1 Wexford Sq / Perry Hwy,Wexford,PA,15090
2565,120 5th Avenue,Pittsburgh,PA,15222
2566,11883 Perry  Highway,Wexford,PA,15090
2567,100 Robinson Center Drive,Pittsburgh,PA,15205
2568,1015 Forbes Avenue,Pittsburgh,PA,15219
2569,7103 Reynolds St,Pittsburgh,PA,15208
2570,5735 Baum Blvd,Pittsburgh,PA,15206
2571,936 Broadway Ave,Pitcairn,PA,15140
2572,181 Robinson  Street,Pittsburgh,PA,15213
2573,1290 Boyce  Road,Pittsburgh,PA,15241
2574,530E Caste Village Shopping Center,Pittsburgh,PA,15236
2575,111 Pennant Street,Pittsburgh,PA,15239
2576,1115 Lincoln Avenue,Springdale,PA,15144
2577,2139 Le Gran  Drive,Gibsonia,PA,15044
2578,740 Glassport / Elizabeth Rd,Elizabeth,PA,15037
2579,525 Penn Avenue,Pittsburgh,PA,15222
2580,100 Robinson Center Drive,Pittsburgh,PA,15205
2581,142 Bridge Street,Homestead,PA,15120
2582,212 Oakland  Avenue,Pittsburgh,PA,15213
2583,5724 Ellsworth Avenue,Pittsburgh,PA,15232
2584,921 Brodhead Road,Coraopolis,PA,15108
2585,801 Island  Avenue,Mc Kees Rocks,PA,15136
2586,431 West 7th Ave,Homestead,PA,15120
2587,6091 Steubenville Pike,Mc Kees Rocks,PA,15136
2588,289 Mt Nebo Pointe  Road,Pittsburgh,PA,15237
2589,3800 Forbes  Avenue,Pittsburgh,PA,15213
2590,5310 Butler Street,Pittsburgh,PA,15201
2591,2373 Noblestown Road,Pittsburgh,PA,15205
2592,2550 Brownsville Road,Pittsburgh,PA,15219
2593,1321 Freeport Road,Cheswick,PA,15024
2594,426 6th St,Glassport,PA,15045
2595,964 Diane  Drive,North Versailles,PA,15137
2596,4830 Liberty Ave,Pittsburgh,PA,15224
2597,1 Urbano Way,Pittsburgh,PA,15205
2598,1900 Greentree Road,Pittsburgh,PA,15220
2599,507 Towne Way,Pittsburgh,PA,15227
2600,300 6th Avenue,Pittsburgh,PA,15222
2601,6401 Penn Avenue,Pittsburgh,PA,15206
2602,938 Freeport Rd,Pittsburgh,PA,15238
2603,5990 University  Boulevard,Coraopolis,PA,15108
2604,314 1/2 Curry Hollow  Road,Pittsburgh,PA,15236
2605,1155 Washington Pike,Bridgeville,PA,15017
2606,1023 West View Park Dr,Pittsburgh,PA,15229
2607,5600 Wm Flynn Hwy,Gibsonia,PA,15044
2608,3721-25 Forbes Ave,Pittsburgh,PA,15213
2609,208 Monroeville Mall,Monroeville,PA,15146
2610,8876 Covenant Avenue,Pittsburgh,PA,15237
2611,&nbsp; Rt  65 Quaker Village,Leetsdale,PA,15056
2612,2001 Lincoln Way,Mc Keesport,PA,15131
2613,1500 Village Run Rd,Wexford,PA,15090
2614,5530 Walnut St,Pittsburgh,PA,15232
2615,4313 Walnut St  / Unit 7,Mc Keesport,PA,15132
2616,&nbsp; Caste Village Mall,Pittsburgh,PA,15236
2617,28 Federal Dr,Pittsburgh,PA,15235
2618,530 Smithfield Street,Pittsburgh,PA,15222
2619,&nbsp; Pgh Intl Airport / NE-13,Pittsburgh,PA,15231
2620,3075 Clairton Blvd Sp 764,West Mifflin,PA,15123
2621,3535-B Mountain View  Drive,West Mifflin,PA,15122
2622,1000 Ross Park Mall Dr #L08,Pittsburgh,PA,15237
2623,1725 Braddock Avenue,Pittsburgh,PA,15218
2624,2747 E Carson St,Pittsburgh,PA,15203
2625,100 Robinson Center Drive,Pittsburgh,PA,15205
2626,1545 Park Manor Boulevard,Pittsburgh,PA,15205
2627,116 W Bridge St,Homestead,PA,15120
2628,9805 McKnight Rd,Pittsburgh,PA,15237
2629,265 Pittsburgh Mills Circle,Tarentum,PA,15084
2630,&nbsp; South Hills Village,Bethel Park,PA,15102
2631,&nbsp; Buncher Industrial Park / Bldg  15A,Leetsdale,PA,15056
2632,1073 Washington Avenue,Carnegie,PA,15106
2633,5505 Century  Drive,West Mifflin,PA,15122
2634,3500 McIntyre Square,Pittsburgh,PA,15237
2635,3625 Wm Penn Hwy,Monroeville,PA,15146
2636,301 E Carson Street,Pittsburgh,PA,15219
2637,435 Market  Street,Pittsburgh,PA,15222
2638,5837 Forbes Avenue,Pittsburgh,PA,15217
2639,1617 Banksville Rd,Pittsburgh,PA,15216
2640,7246 Kelly Street,Pittsburgh,PA,15208
2641,71 Clairton Blvd,Pittsburgh,PA,15236
2642,1500 Washington Rd,Pittsburgh,PA,15228
2643,2010 Josephine St,Pittsburgh,PA,15203
2644,1620-22 Spring Garden  Avenue,Pittsburgh,PA,15212
2645,4680 Old William Penn  Highway,Monroeville,PA,15146
2646,4505 Century  Drive,West Mifflin,PA,15122
2647,219 Atwood St,Pittsburgh,PA,15213
2648,4912 Gardenville Rd,Pittsburgh,PA,15236
2649,7900 Steubenville Pike,Imperial,PA,15126
2650,340 N. Aiken Avenue,Pittsburgh,PA,15206
2651,601 Miller Ave,Clairton,PA,15025
2652,41 Sterling St,Pittsburgh,PA,15203
2653,2605 Brownsville Rd,Pittsburgh,PA,15227
2654,5700 Homeville Road,West Mifflin,PA,15122
2655,643 1st Avenue,Pittsburgh,PA,15219
2656,2 Gateway Center,Pittsburgh,PA,15222
2657,350 W Station Sq Dr/ Dock,Pittsburgh,PA,15219
2658,350 W Station Sq Dr/ Dock,Pittsburgh,PA,15219
2659,350 W Station Sq Dr/ Dock,Pittsburgh,PA,15219
2660,350 W Station Sq Dr/ Dock,Pittsburgh,PA,15219
2661,350 W Station Sq Dr/ Dock,Pittsburgh,PA,15219
2662,350 W Station Sq Dr/ Dock,Pittsburgh,PA,15219
2663,350 W Station Sq Dr,Pittsburgh,PA,15219
2664,224 Station Square Drive,Pittsburgh,PA,15219
2665,4251 Northern Pike,Monroeville,PA,15146
2666,2249 Ramsey Dr,Monroeville,PA,15146
2667,9000 Gateway Campus Blvd,Monroeville,PA,15146
2668,9000 Gateway Campus Blvd,Monroeville,PA,15146
2669,5641 Wm Flynn Hwy,Gibsonia,PA,15044
2670,4450 Old Wm Penn Hwy,Monroeville,PA,15146
2671,3000 Gateway Campus Blvd,Monroeville,PA,15146
2672,6470 Library Rd,Library,PA,15129
2673,3410 Saxonburg Boulevard,Glenshaw,PA,15116
2674,139 6th  Avenue,Tarentum,PA,15084
2675,1603 Penn  Avenue,Pittsburgh,PA,15222
2676,528 Chartiers,Mc Kees Rocks,PA,15136
2677,414 Thompson Run Road,Pittsburgh,PA,15237
2678,&nbsp; Pgh Intl Airport  / L-CSS-1,Pittsburgh,PA,15231
2679,200 Monroeville Mall 100B,Monroeville,PA,15146
2680,3616 Louisa St,Pittsburgh,PA,15213
2681,4701 Butler Street,Pittsburgh,PA,15201
2682,901 Warrendale Village Drive,Warrendale,PA,15086
2683,10576 Perry Highway,Wexford,PA,15090
2684,1728 E Carson Street,Pittsburgh,PA,15203
2685,111 Market  Street,Pittsburgh,PA,15222
2686,214 Moon Clinton Road,Coraopolis,PA,15108
2687,111 Sandy Creek Road,Verona,PA,15147
2688,515 Clifton Rd,Bethel Park,PA,15102
2689,969 Liberty Avenue,Pittsburgh,PA,15222
2690,526 E Bruceton Rd,Pittsburgh,PA,15236
2691,4121 Butler  Street,Pittsburgh,PA,15201
2692,1011 3rd Ave,Coraopolis,PA,15108
2693,38 Mt Oliver St,Pittsburgh,PA,15210
2694,350 East Main Street,Carnegie,PA,15106
2695,410 Chestnut Street,Carnegie,PA,15106
2696,4900 Steubenville Pike,Pittsburgh,PA,15205
2697,500 Garden City Drive,Monroeville,PA,15146
2698,1809 McKees Rocks Rd,Mc Kees Rocks,PA,15136
2699,5801 Forward Avenue,Pittsburgh,PA,15217
2700,140 Towne Center Dr,Wexford,PA,15090
2701,6513 Steubenville Pike,Pittsburgh,PA,15205
2702,4000 Monroeville Blvd,Monroeville,PA,15146
2703,4924 Baum Boulevard,Pittsburgh,PA,15213
2704,1137 Washington Avenue,Carnegie,PA,15106
2705,4000 Butler St,Pittsburgh,PA,15201
2706,10525 Frankstown Rd,Pittsburgh,PA,15235
2707,436 Lincoln Hwy East,East Mc Keesport,PA,15035
2708,117 S 18th St,Pittsburgh,PA,15203
2709,14 Fort Couch  Road,Pittsburgh,PA,15241
2710,5281 Library  Road,Bethel Park,PA,15102
2711,1540 Washington Rd,Pittsburgh,PA,15228
2712,1636 Cochran Road,Pittsburgh,PA,15220
2713,&nbsp; 8-A Quaker Village Shopping Center,Leetsdale,PA,15056
2714,4685 Old Wm Penn Hwy,Monroeville,PA,15146
2715,1081 Freeport Road,Pittsburgh,PA,15238
2716,1001 Lebanon Road,West Mifflin,PA,15122
2717,132 Ben Avon Heights Rd,Pittsburgh,PA,15237
2718,430 Waterfront Drive,Homestead,PA,15120
2719,800 Allegheny River Boulevard,Verona,PA,15147
2720,5603 Babcock Blvd,Pittsburgh,PA,15237
2721,3601 Saw Mill Run Blvd,Pittsburgh,PA,15227
2722,9003 Frankstown Rd,Pittsburgh,PA,15235
2723,800 Allegheny River  Boulevard,Verona,PA,15147
2724,3049 Sussex Ave,Pittsburgh,PA,15226
2725,222 3rd Ave,Carnegie,PA,15106
2726,3247 E Carson Street,Pittsburgh,PA,15203
2727,7675 McKnight Road,Pittsburgh,PA,15237
2728,408 Penn Avenue,Pittsburgh,PA,15221
2729,1200 Hoffman Boulevard,West Mifflin,PA,15122
2730,1700 Wm Flynn Highway,Glenshaw,PA,15116
2731,801 Mt Royal Blvd,Pittsburgh,PA,15233
2732,2401 Ferguson Rd,Allison Park,PA,15101
2733,2811 Jacks Run Rd,Mc Keesport,PA,15131
2734,1043 Braddock Avenue,Pittsburgh,PA,15218
2735,3029 Washington Pike,Bridgeville,PA,15017
2736,6507 University Boulevard,Coraopolis,PA,15108
2737,280 Crafton Ingram Shopping Ctr,Pittsburgh,PA,15205
2738,4099 Grandview Dr,Gibsonia,PA,15044
2739,1000 Hayden Boulevard,Elizabeth,PA,15037
2740,1000 Hayden Boulevard,Elizabeth,PA,15037
2741,222 3rd Avenue,Carnegie,PA,15106
2742,4366 Old Wm Penn Highway,Monroeville,PA,15146
2743,5301 Grove Road,Pittsburgh,PA,15236
2744,7780 Steubenville Pike,Oakdale,PA,15071
2745,1705 S Braddock Ave,Pittsburgh,PA,15218
2746,5055 Library  Road,Bethel Park,PA,15102
2747,1701 Lincoln Highway,North Versailles,PA,15137
2748,132 Ben Avon Heights Rd,Pittsburgh,PA,15237
2749,9901 Mountain View  Drive,West Mifflin,PA,15122
2750,5990 University Boulevard,Coraopolis,PA,15108
2751,400 Northtowne Sq,Gibsonia,PA,15044
2752,6320 Shakespeare St,Pittsburgh,PA,15206
2753,1671 Butler Plank Road,Glenshaw,PA,15116
2754,1800 McKees Rocks Rd,Mc Kees Rocks,PA,15136
2755,3239 Washington Pike,Bridgeville,PA,15017
2756,3239 Washington Pike,Bridgeville,PA,15017
2757,1029 West View Park Drive,Pittsburgh,PA,15229
2758,1356 Hoffman Boulevard,West Mifflin,PA,15122
2759,5260 Grove Road,Pittsburgh,PA,15236
2760,1717 Cochran Rd,Pittsburgh,PA,15220
2761,&nbsp; Quaker Village Shopping Center,Leetsdale,PA,15056
2762,1901 Murray Avenue,Pittsburgh,PA,15217
2763,9805 McKnight Rd,Pittsburgh,PA,15237
2764,100 Settlers Ridge Center Drive,Pittsburgh,PA,15205
2765,4010 Monroeville Boulevard,Monroeville,PA,15146
2766,800 McKeesport Rd,Elizabeth,PA,15037
2767,2021 Wharton St,Pittsburgh,PA,15203
2768,4250 Murray Ave,Pittsburgh,PA,15217
2769,420 E Waterfront Dr,Homestead,PA,15120
2770,3812 O&#39;Neil Blvd,Mc Keesport,PA,15132
2771,1025 Washington Pike,Bridgeville,PA,15017
2772,51 Walsh Road,Pittsburgh,PA,15205
2773,4110 Brighton Rd,Pittsburgh,PA,15212
2774,318 Cedar Ave,Pittsburgh,PA,15212
2775,8080 McKnight Rd,Pittsburgh,PA,15237
2776,8050 McKnight Rd  &amp; Peebles Rd,Pittsburgh,PA,15237
2777,200 Allegheny River Boulevard,Verona,PA,15147
2778,9001 Frankstown Road,Pittsburgh,PA,15235
2779,1165 McKinney Lane #100,Pittsburgh,PA,15220
2780,4680 Old Wm Penn Hwy,Monroeville,PA,15146
2781,254 Yost  Boulevard,Pittsburgh,PA,15221
2782,230 Rodi Road,Pittsburgh,PA,15235
2783,155 Towne Center  Drive,Wexford,PA,15090
2784,5550 Centre Ave,Pittsburgh,PA,15232
2785,7000 Oxford  Drive,Bethel Park,PA,15102
2786,910 Freeport  Road,Pittsburgh,PA,15238
2787,400 Northtowne Square,Gibsonia,PA,15044
2788,5055 Library  Road,Bethel Park,PA,15102
2789,9901 Mountain View Drive,West Mifflin,PA,15122
2790,5990 University Boulevard,Coraopolis,PA,15108
2791,1671 Butler Plank Road,Glenshaw,PA,15116
2792,1029 West View Park Drive,Pittsburgh,PA,15229
2793,&nbsp; Quaker Village Shopping Center,Leetsdale,PA,15056
2794,5550 Centre Avenue,Pittsburgh,PA,15232
2795,155 Towne Center Drive,Wexford,PA,15090
2796,132 Ben Avon Hts  Road,Pittsburgh,PA,15237
2797,4010 Monroeville Boulevard,Monroeville,PA,15146
2798,2021 Wharton Street,Pittsburgh,PA,15203
2799,600 Brentwood Towne Square Way,Pittsburgh,PA,15227
2800,1705 Braddock  Avenue,Pittsburgh,PA,15218
2801,420 Waterfront  Drive,Homestead,PA,15120
2802,51 Walsh Road,Pittsburgh,PA,15205
2803,7000 Oxford  Drive,Bethel Park,PA,15102
2804,2611 Freeport Road,Pittsburgh,PA,15238
2805,600 Brentwood Towne Sq,Pittsburgh,PA,15227
2806,7000 Oxford Drive,Bethel Park,PA,15102
2807,100 Settlers Ridge Center Drive,Pittsburgh,PA,15205
2808,101 Kappa Drive,Pittsburgh,PA,15238
2809,2001 Lincoln  Way,Mc Keesport,PA,15131
2810,9805 McKnight  Road,Pittsburgh,PA,15237
2811,800 4th  Avenue,Coraopolis,PA,15108
2812,10731 Frankstown Rd,Pittsburgh,PA,15235
2813,&nbsp; Crafton Ingram Shopping Center,Pittsburgh,PA,15205
2814,516 Pittsburgh Mills Circle,Tarentum,PA,15084
2815,761 Providence  Boulevard,Pittsburgh,PA,15237
2816,2700 Brownsville Road,Library,PA,15129
2817,1501 Preble  Avenue,Pittsburgh,PA,15233
2818,3718 Penn Ave,Pittsburgh,PA,15201
2819,1714 Main St,Pittsburgh,PA,15215
2820,55 Alpha Drive,Pittsburgh,PA,15238
2821,1610 E Carson Street,Pittsburgh,PA,15203
2822,4901 Grand  Avenue,Pittsburgh,PA,15225
2823,4734 Liberty  Avenue,Pittsburgh,PA,15224
2824,625 Stanwix Street,Pittsburgh,PA,15222
2825,908 Western Avenue,Pittsburgh,PA,15233
2826,3047 W Liberty  Avenue,Pittsburgh,PA,15216
2827,123 6th Street,Pittsburgh,PA,15222
2828,1506 5th Ave,Pittsburgh,PA,15219
2829,733 Copeland St,Pittsburgh,PA,15232
2830,5306 Library Road,Bethel Park,PA,15102
2831,3001 Freeport Road,Springdale,PA,15144
2832,1967 Saxonburg Boulevard,Tarentum,PA,15084
2833,417 Monongahela Ave,Glassport,PA,15045
2834,&nbsp; 9th &amp; Monongahela Ave,Glassport,PA,15045
2835,800 Monongahela Avenue,Glassport,PA,15045
2836,627 Monongahela Ave,Glassport,PA,15045
2837,839 Monongahela Ave,Glassport,PA,15045
2838,544 Monongahela Ave,Glassport,PA,15045
2839,100 Creek Street,Carnegie,PA,15106
2840,2312 Main Street,Pittsburgh,PA,15215
2841,400 Pittsburgh Street,Springdale,PA,15144
2842,1520 Butler Plank Rd,Glenshaw,PA,15116
2843,132 S Highland Ave,Pittsburgh,PA,15206
2844,100 Global View  Drive,Warrendale,PA,15086
2845,378 South Hills Village,Pittsburgh,PA,15241
2846,&nbsp; Monroville Mall / Space A-9,Monroeville,PA,15146
2847,608 Farragut Street,Pittsburgh,PA,15209
2848,1923 Murray Ave,Pittsburgh,PA,15217
2849,1500 Washington Rd,Pittsburgh,PA,15228
2850,1000 Ross Park Mall Dr / Ross Park Mall,Pittsburgh,PA,15237
2851,519 Parkway View Drive,Pittsburgh,PA,15205
2852,900 Park Manor Boulevard,Pittsburgh,PA,15205
2853,3951 Wm Penn Highway,Monroeville,PA,15146
2854,1597 Washington Pike Ste A-8,Bridgeville,PA,15017
2855,700 St Clair Ave,Clairton,PA,15025
2856,1741 Golden Mile Highway,Monroeville,PA,15146
2857,1782 Golden Mile Highway,Monroeville,PA,15146
2858,3607 Forbes Ave,Pittsburgh,PA,15213
2859,4655 Wm Flynn Highway,Allison Park,PA,15101
2860,4976 Library Road,Bethel Park,PA,15102
2861,417 Lincoln Avenue,Pittsburgh,PA,15202
2862,625 Stanwix Street,Pittsburgh,PA,15222
2863,1025 Braddock Avenue,Braddock,PA,15104
2864,1304 Evergreen Avenue,Pittsburgh,PA,15209
2865,3520 Brownsville Rd,Pittsburgh,PA,15227
2866,1518 Mt Nebo  Road,Sewickley,PA,15143
2867,1915 McCague Street,Pittsburgh,PA,15218
2868,2312 Main Street,Pittsburgh,PA,15215
2869,2312 Main  Street,Pittsburgh,PA,15215
2870,118 52nd Street,Pittsburgh,PA,15201
2871,3317 Main Street,Homestead,PA,15120
2872,6425 Penn Ave 6th Fl,Pittsburgh,PA,15206
2873,3117 Brereton Ave,Pittsburgh,PA,15219
2874,3620 Wm Penn Hwy,Monroeville,PA,15146
2875,510 Clairton Blvd,Pittsburgh,PA,15236
2876,2116 Brownsville Road,Pittsburgh,PA,15210
2877,3301 Saw Mill Run Blvd,Pittsburgh,PA,15227
2878,1603 Broadway Avenue,Pittsburgh,PA,15216
2879,116 Highland Avenue,Pittsburgh,PA,15206
2880,138 B Unity Center Rd,Pittsburgh,PA,15239
2881,138 B Unity Center Rd,Pittsburgh,PA,15239
2882,138 B Unity Center  Road,Pittsburgh,PA,15239
2883,138 B Unity Center Rd,Pittsburgh,PA,15239
2884,6 McIntyre Road,Gibsonia,PA,15044
2885,10610 Perry Hwy,Wexford,PA,15090
2886,300 Mt Lebanon  Boulevard,Pittsburgh,PA,15234
2887,2580 Brownsville Rd,Library,PA,15129
2888,152 Bridge Street,Homestead,PA,15120
2889,1021 N Canal St,Pittsburgh,PA,15215
2890,122 Shiloh St,Pittsburgh,PA,15211
2891,601 Scenery Dr,Elizabeth,PA,15037
2892,1025 Washington  Pike,Bridgeville,PA,15017
2893,100 W Station Sq Dr,Pittsburgh,PA,15219
2894,207 2nd Avenue,Elizabeth,PA,15037
2895,5354 William Flynn Highway,Gibsonia,PA,15044
2896,400 Walmart Dr,Gibsonia,PA,15044
2897,2537 Wylie Avenue,Pittsburgh,PA,15219
2898,2124 Penn Avenue,Pittsburgh,PA,15222
2899,417 Old Abers Creek  Road,Pittsburgh,PA,15239
2900,4376 Old Wm Penn  Highway,Monroeville,PA,15146
2901,1000 Clubhouse Dr,Braddock,PA,15104
2902,225 Shiloh St,Pittsburgh,PA,15211
2903,101 E 9th Avenue,Tarentum,PA,15084
2904,1000 Clubhouse Dr,Braddock,PA,15104
2905,1212 Grandview Ave,Pittsburgh,PA,15211
2906,200 Fingal St,Pittsburgh,PA,15211
2907,302 North  Road,Butler,PA,16001
2908,114 Grant Avenue,Pittsburgh,PA,15209
2909,310 Grant Street,Pittsburgh,PA,15219
2910,3801 Butler Street,Pittsburgh,PA,15201
2911,4109 Penn Ave,Pittsburgh,PA,15224
2912,100 Village Club Drive,Wexford,PA,15090
2913,6401 Penn Ave,Pittsburgh,PA,15206
2914,619 Jones Avenue,Braddock,PA,15104
2915,908 Little Deer Creek Valley Road,Russellton,PA,15076
2916,1 Linden Street,Duquesne,PA,15110
2917,1 Linden  Street,Duquesne,PA,15110
2918,3579 Masonic Way,Pittsburgh,PA,15237
2919,6525 Hamilton Avenue,Pittsburgh,PA,15206
2920,301 College Park Dr,Monroeville,PA,15146
2921,2130 Murray Ave,Pittsburgh,PA,15217
2922,3392 Saxonburg Boulevard,Glenshaw,PA,15116
2923,472 44th  Street,Pittsburgh,PA,15201
2924,&nbsp; Pgh Intl Airport / NE-3A,Pittsburgh,PA,15231
2925,&nbsp; Pgh Intl Airport / SE-9C,Pittsburgh,PA,15231
2926,655 Rodi Rd,Pittsburgh,PA,15235
2927,2341 E Carson St,Pittsburgh,PA,15203
2928,300 C Beverly Rd,Pittsburgh,PA,15216
2929,301 South Hill Village - FC-5,Pittsburgh,PA,15241
2930,5741 3rd St,Verona,PA,15147
2931,5741 3rd St./Verona  Road,Verona,PA,15147
2932,2020 Murray Avenue,Pittsburgh,PA,15217
2933,344 N Sheridan  Avenue,Pittsburgh,PA,15206
2934,745 Greenfield  Avenue,Pittsburgh,PA,15217
2935,4205 Murray Ave,Pittsburgh,PA,15217
2936,2108 Murray  Avenue,Pittsburgh,PA,15217
2937,1127 Greenock Buena Vista Rd,Mc Keesport,PA,15135
2938,1101 Greenock-Buena Vista Rd,Mc Keesport,PA,15135
2939,1000 Greenock Buena Vista  Road,Mc Keesport,PA,15135
2940,1006 Greentree Road,Pittsburgh,PA,15220
2941,6481 Fransktown Ave,Pittsburgh,PA,15206
2942,55 11th Street,Pittsburgh,PA,15222
2943,903 Route 910,Indianola,PA,15051
2944,565 Lincoln Avenue,Pittsburgh,PA,15202
2945,10 Sherman Street,Pittsburgh,PA,15209
2946,535 Liberty Avenue,Pittsburgh,PA,15222
2947,237 Cedarville St,Pittsburgh,PA,15224
2948,3454 Bates St,Pittsburgh,PA,15213
2949,411 Grant Ave,Pittsburgh,PA,15209
2950,4127 Butler Street,Pittsburgh,PA,15201
2951,201 Isabella Street,Pittsburgh,PA,15212
2952,449 Railroad  Street,Bridgeville,PA,15017
2953,&nbsp; West Park,Pittsburgh,PA,15212
2954,4717 Butler Street,Pittsburgh,PA,15201
2955,1004 N Canal St,Pittsburgh,PA,15215
2956,711 Commons Street,Pittsburgh,PA,15212
2957,1903 Leechburg Rd,Pittsburgh,PA,15235
2958,11010 Perry Hwy,Wexford,PA,15090
2959,261 Rosecrest Dr,Monroeville,PA,15146
2960,4257 Verona Road,Verona,PA,15147
2961,728 Monongahela  Avenue,Glassport,PA,15045
2962,7521 Washington  Avenue,Pittsburgh,PA,15218
2963,3225 Babcock Blvd,Pittsburgh,PA,15237
2964,2510 Lincoln Boulevard,Elizabeth,PA,15037
2965,4207 Butler St,Pittsburgh,PA,15201
2966,1239 Itin St,Pittsburgh,PA,15212
2967,5416 Wm Flynn Hwy,Gibsonia,PA,15044
2968,2929 McCully Rd,Allison Park,PA,15101
2969,5000 Campbells Run Road,Pittsburgh,PA,15205
2970,301 Waterfront  Drive,Homestead,PA,15120
2971,1247 Smallman Street,Pittsburgh,PA,15222
2972,2805 Freeport Rd,Pittsburgh,PA,15238
2973,4575 McKnight Road,Pittsburgh,PA,15237
2974,8514 University  Boulevard,Coraopolis,PA,15108
2975,1550 Lebanon Church Road,Pittsburgh,PA,15236
2976,2622 Wexford Bayne Road,Sewickley,PA,15143
2977,150 Old Pond Road,Bridgeville,PA,15017
2978,555 Trumbull Drive,Pittsburgh,PA,15205
2979,3000 Mosside  Boulevard,Monroeville,PA,15146
2980,4589 School Rd,Allison Park,PA,15101
2981,4785 Wm Flynn Hwy,Allison Park,PA,15101
2982,2536 Duncan Ave,Allison Park,PA,15101
2983,4407 Butler  Street,Pittsburgh,PA,15201
2984,2240 Lebanon Church Rd,West Mifflin,PA,15122
2985,9020 St Simon Way,Pittsburgh,PA,15237
2986,3249 Washington Pike,Bridgeville,PA,15017
2987,3333 Babcock  Boulevard,Pittsburgh,PA,15237
2988,574 Teece  Avenue,Pittsburgh,PA,15202
2989,2625 Brownsville  Road,Pittsburgh,PA,15227
2990,3245 Brighton Road,Pittsburgh,PA,15212
2991,549 Bessemer  Avenue,East Pittsburgh,PA,15112
2992,1105 Franklin Avenue,Pittsburgh,PA,15221
2993,919 Brookline  Boulevard,Pittsburgh,PA,15226
2994,17 Foster Avenue,Pittsburgh,PA,15205
2995,534 Clever  Road,Mc Kees Rocks,PA,15136
2996,208 - 210 Brownsville Road,Pittsburgh,PA,15210
2997,5302 Butler  Street,Pittsburgh,PA,15201
2998,5529 Walnut Street,Pittsburgh,PA,15232
2999,202 Homer Drive,Jeannette,PA,15644
3000,313 North Avenue,Pittsburgh,PA,15209
