4001,325 School Street,Springdale,PA,15144
4002,2200 Woodstock Ave,Pittsburgh,PA,15218
4003,1044 Saxonburg Blvd,Glenshaw,PA,15116
4004,865 4th Ave,Coraopolis,PA,15108
4005,995 5th Ave,East Mc Keesport,PA,15035
4006,808 Mifflin  Road,Pittsburgh,PA,15207
4007,610 Warrendale Road,Gibsonia,PA,15044
4008,317 S Craig  Street,Pittsburgh,PA,15213
4009,1212 Long Run  Road,Mc Keesport,PA,15131
4010,1030 Clifton Rd,Bethel Park,PA,15102
4011,1411 Duncan Ave,Pittsburgh,PA,15237
4012,125 Virginia Ave,Pittsburgh,PA,15211
4013,825 Wood Street,Pittsburgh,PA,15221
4014,312 Braddock Avenue,Braddock,PA,15104
4015,5150 Butler Avenue,Pittsburgh,PA,15201
4016,531 Lincoln Avenue,Pittsburgh,PA,15202
4017,235 Commercial Avenue,Pittsburgh,PA,15215
4018,2106 Penn Avenue,Pittsburgh,PA,15222
4019,515 Broad Street,Sewickley,PA,15143
4020,400 Craig  Street,Pittsburgh,PA,15213
4021,186 Castle Shannon Blvd,Pittsburgh,PA,15228
4022,2311 Babcock Blvd,Pittsburgh,PA,15237
4023,719 East  Street,Pittsburgh,PA,15212
4024,27 Brilliant Avenue,Pittsburgh,PA,15215
4025,940 5th Avenue,Coraopolis,PA,15108
4026,200 Grant Street,Pittsburgh,PA,15219
4027,200 Loews Drive,North Versailles,PA,15137
4028,800 Broadway Ave,Mc Kees Rocks,PA,15136
4029,949 Airbrake Ave,Turtle Creek,PA,15145
4030,5040 Lytle St,Pittsburgh,PA,15207
4031,2017 Carson Street,Pittsburgh,PA,15203
4032,1231 Grove  Road,Pittsburgh,PA,15234
4033,142 7th Avenue,Tarentum,PA,15084
4034,682 Cliff Mine Road,Coraopolis,PA,15108
4035,1705 Maple St,Homestead,PA,15120
4036,10718 Frankstown Rd,Pittsburgh,PA,15235
4037,100 Hafner Avenue,Pittsburgh,PA,15223
4038,100 Hafner Avenue,Pittsburgh,PA,15223
4039,162 E Bridge St,Homestead,PA,15120
4040,1000 Ross Park Mall Dr,Pittsburgh,PA,15237
4041,400 Monroeville Mall,Monroeville,PA,15146
4042,113 Pittsburgh Mills Circle,Tarentum,PA,15084
4043,3000 Robinson Center Drive,Pittsburgh,PA,15205
4044,&nbsp; South Hills Village,Pittsburgh,PA,15241
4045,2101 Greentree Road,Pittsburgh,PA,15220
4046,2 Robinson Plaza / Suite 100,Pittsburgh,PA,15205
4047,7905 McKnight Road,Pittsburgh,PA,15237
4048,370 Atwood  Street,Pittsburgh,PA,15213
4049,4100 Wm Penn Highway,Monroeville,PA,15146
4050,220 S Highland    Avenue,Pittsburgh,PA,15206
4051,1000 Broadview Boulevard,Brackenridge,PA,15014
4052,994 Perry Hwy,Pittsburgh,PA,15237
4053,2021 S Braddock Ave,Pittsburgh,PA,15218
4054,408 Smithfield Street,Pittsburgh,PA,15222
4055,745 Greenfield  Avenue,Pittsburgh,PA,15207
4056,300 Halket St,Pittsburgh,PA,15213
4057,300 Halket St,Pittsburgh,PA,15213
4058,300 Halket St,Pittsburgh,PA,15213
4059,209 Oakland Avenue,Pittsburgh,PA,15213
4060,879 Freeport Road,Creighton,PA,15030
4061,949 Liberty Avenue,Pittsburgh,PA,15222
4062,203 Brownsville  Road,Pittsburgh,PA,15210
4063,1611 Penn Avenue,Pittsburgh,PA,15222
4064,604 Main St,Pittsburgh,PA,15215
4065,3510 Main Street,Homestead,PA,15120
4066,1130 Perry Hwy Suite # 7,Pittsburgh,PA,15237
4067,99 Rochester Rd,Pittsburgh,PA,15229
4068,1900 Monongahela Ave,Pittsburgh,PA,15218
4069,51 Arch Street Extension,Carnegie,PA,15106
4070,2228 E Carson St,Pittsburgh,PA,15203
4071,732 Broadway Avenue,Mc Kees Rocks,PA,15136
4072,433 Wood Street,Pittsburgh,PA,15222
4073,623 Brown Avenue,Turtle Creek,PA,15145
4074,44 Monongahela Ave,Glassport,PA,15045
4075,607 William Marks Drive,Homestead,PA,15120
4076,2417 O&#39;Neil Blvd,Mc Keesport,PA,15131
4077,210 Plum Street,Elizabeth,PA,15037
4078,2821 Perrysville Ave / First Fl,Pittsburgh,PA,15214
4079,424 Broad Street,Sewickley,PA,15143
4080,11978 Perry Hwy #408-410,Wexford,PA,15090
4081,511 Carson Street,Pittsburgh,PA,15203
4082,222 3rd Avenue,Carnegie,PA,15106
4083,1224-26 Liverpool St,Pittsburgh,PA,15233
4084,1717 Penn Avenue,Pittsburgh,PA,15222
4085,601 Woodward Ave,Mc Kees Rocks,PA,15136
4086,438 Market  Street,Pittsburgh,PA,15222
4087,270 Alpha Drive,Pittsburgh,PA,15238
4088,512 Perry Hwy,Pittsburgh,PA,15229
4089,201 Hawthorne Avenue,Carnegie,PA,15106
4090,1729 Murray Ave,Pittsburgh,PA,15217
4091,10293 Perry Hwy #204,Wexford,PA,15090
4092,2101 Greentree Road,Pittsburgh,PA,15220
4093,5105 5th Avenue,Pittsburgh,PA,15232
4094,3050 Smallman Street,Pittsburgh,PA,15201
4095,1100 Maple Ave,Turtle Creek,PA,15145
4096,3892 Logans Ferry Rd,Monroeville,PA,15146
4097,3915 Maplewood St,Mc Keesport,PA,15132
4098,655 Baldwin Street,Bridgeville,PA,15017
4099,150 U.S. Route 30,Oakdale,PA,15071
4100,710 5th Avenue,Mc Keesport,PA,15132
4101,956 Greentree Road,Pittsburgh,PA,15220
4102,2699 Mosside Blvd,Monroeville,PA,15146
4103,2022 Washington Pike,Carnegie,PA,15106
4104,3500 Forbes Ave,Pittsburgh,PA,15213
4105,100 7th Avenue,Tarentum,PA,15084
4106,2601 Freeport Road,Pittsburgh,PA,15238
4107,6680 Frankstown Avenue,Pittsburgh,PA,15235
4108,4010 Penn Avenue,Pittsburgh,PA,15224
4109,3019 Jacks Run Rd,Mc Keesport,PA,15131
4110,5872 Forbes Ave,Pittsburgh,PA,15217
4111,14 Ring Street,Rural Ridge,PA,15075
4112,14 Ring Street,Rural Ridge,PA,15075
4113,14 Ring  Street,Rural Ridge,PA,15075
4114,14 Ring Street,Rural Ridge,PA,15075
4115,314 Arch Street,Verona,PA,15147
4116,5442 Walnut Street,Pittsburgh,PA,15232
4117,935 Beaver Grade Road,Coraopolis,PA,15108
4118,1000 Greentree Road,Pittsburgh,PA,15220
4119,600 Pgh-McKeesport  Boulevard,North Versailles,PA,15137
4120,1510 E Carson St,Pittsburgh,PA,15203
4121,2100 Wharton St,Pittsburgh,PA,15203
4122,301 South Hills Village,Pittsburgh,PA,15241
4123,910 Freeport Road,Pittsburgh,PA,15238
4124,5 Foster  Avenue,Pittsburgh,PA,15205
4125,1700 Penn Avenue,Pittsburgh,PA,15222
4126,1809 Penn Avenue,Pittsburgh,PA,15222
4127,435 Market Street,Pittsburgh,PA,15222
4128,100 2nd Street,Elizabeth,PA,15037
4129,1616 Broadway Ave,Pittsburgh,PA,15216
4130,3609 Forbes Ave / 2nd Fl,Pittsburgh,PA,15213
4131,2130 Middle  Road,Glenshaw,PA,15116
4132,165 Crescent Dr,Pittsburgh,PA,15228
4133,112 Washington  Place,Pittsburgh,PA,15219
4134,112 Washington  Place,Pittsburgh,PA,15219
4135,112 Washington  Place,Pittsburgh,PA,15219
4136,112 Washington  Place,Pittsburgh,PA,15219
4137,1 Ohio River Boulevard,Leetsdale,PA,15056
4138,5135 Wexford Run Rd,Wexford,PA,15090
4139,5145 Wexford Run Rd,Wexford,PA,15090
4140,9931 Mountain View Drive,West Mifflin,PA,15122
4141,1900 Greentree Road,Pittsburgh,PA,15220
4142,954 Freeport Rd,Pittsburgh,PA,15238
4143,4166 Wm Penn Hwy,Monroeville,PA,15146
4144,1200 Park Manor Boulevard,Pittsburgh,PA,15205
4145,2208 Northway Mall,Pittsburgh,PA,15238
4146,460 E Waterfront Dr,Homestead,PA,15120
4147,1520 Spring Garden Ave,Pittsburgh,PA,15212
4148,1254 Brookline Blvd.,Pittsburgh,PA,15226
4149,&nbsp; Pgh Intl Airport / AC-28,Pittsburgh,PA,15231
4150,1100 Fawcett Avenue,Mc Keesport,PA,15131
4151,320 5th Ave,Mc Keesport,PA,15132
4152,1460 Island Ave,Mc Kees Rocks,PA,15136
4153,129 Leneke St,Turtle Creek,PA,15145
4154,1640 Fawcett Ave,Mc Keesport,PA,15131
4155,200 3rd Street,Carnegie,PA,15106
4156,4282 Clendenning  Road,Gibsonia,PA,15044
4157,4282 Clendenning  Road,Gibsonia,PA,15044
4158,101 Marzolf Rd,Pittsburgh,PA,15209
4159,1700 Ferguson Rd,Allison Park,PA,15101
4160,4727 Verona Road,Verona,PA,15147
4161,451 Cecil Henderson Rd / Box 261,Cecil,PA,15321
4162,4341 Old Wm Penn  Highway,Monroeville,PA,15146
4163,1000 Masonic Drive,Sewickley,PA,15143
4164,1000 Masonic  Drive,Sewickley,PA,15143
4165,1000 Masonic Dr,Sewickley,PA,15143
4166,310 6th Avenue,Tarentum,PA,15084
4167,835 Herron Ave,Pittsburgh,PA,15219
4168,713 Little Deer Creek Valley  Road,Russellton,PA,15076
4169,3615 Butler Street,Pittsburgh,PA,15201
4170,7409 Saltsburg Rd,Pittsburgh,PA,15235
4171,936 Sheraton Drive,Mars,PA,16046
4172,130 Andrew Drive,Pittsburgh,PA,15275
4173,2740 Mosside  Boulevard,Monroeville,PA,15146
4174,500 Monongahela Ave,Glassport,PA,15045
4175,537 Suismon St,Pittsburgh,PA,15212
4176,495 Taft  Avenue,West Mifflin,PA,15122
4177,937 Beaver Grade Rd,Coraopolis,PA,15108
4178,519 Brownsville Rd,Pittsburgh,PA,15210
4179,&nbsp; Pgh Intl Airport / AC-19,Pittsburgh,PA,15231
4180,5151 McAnnulty Rd,Pittsburgh,PA,15236
4181,1600 Bingham St,Pittsburgh,PA,15203
4182,2000 Whitaker Way,Homestead,PA,15120
4183,360 School Lane,Pittsburgh,PA,15236
4184,500 Longvue Rd,Mc Keesport,PA,15131
4185,2667 Sidney St,Pittsburgh,PA,15203
4186,301 5th Avenue,Pittsburgh,PA,15222
4187,2801 Beaver Grade Rd,Coraopolis,PA,15108
4188,5027 Curry Rd,Pittsburgh,PA,15236
4189,4214 Brownsville Rd,Pittsburgh,PA,15227
4190,7277 Saltsburg Road,Pittsburgh,PA,15235
4191,2251 Century Dr / Century Square Mall,West Mifflin,PA,15122
4192,2090 Lebanon Church Rd,West Mifflin,PA,15122
4193,1865 New Texas  Road,Pittsburgh,PA,15239
4194,801 Allegheny Avenue,Pittsburgh,PA,15233
4195,505 Smithfield Street,Pittsburgh,PA,15219
4196,1630 Penn Ave,Pittsburgh,PA,15222
4197,500 Liberty  Avenue,Pittsburgh,PA,15222
4198,1 Poplar Street,Pittsburgh,PA,15205
4199,4317 Northern  Pike,Monroeville,PA,15146
4200,4849 McKnight Road,Pittsburgh,PA,15237
4201,6361 Penn Ave,Pittsburgh,PA,15206
4202,225 Mt Lebanon  Boulevard,Pittsburgh,PA,15234
4203,&nbsp; Pgh Int&#39;l Airport / AC-02E,Pittsburgh,PA,15231
4204,&nbsp; Pgh Int&#39;l Airport / SE-09A,Pittsburgh,PA,15231
4205,70 Allegheny River Boulevard,Verona,PA,15147
4206,608 Wood Street,Pittsburgh,PA,15222
4207,300 Market Place Drive,Oakdale,PA,15071
4208,250 Summit Park Drive,Pittsburgh,PA,15275
4209,3760 Wm Penn Highway,Monroeville,PA,15146
4210,600 Pine Hollow Rd,Mc Kees Rocks,PA,15136
4211,3708 Forbes Ave,Pittsburgh,PA,15213
4212,7702 McKnight  Road,Pittsburgh,PA,15237
4213,549 Clairton Blvd,Pittsburgh,PA,15236
4214,400 E Waterfront Dr,Homestead,PA,15120
4215,200 Walmart Dr,Gibsonia,PA,15044
4216,2001 Freeport Road,Natrona Heights,PA,15065
4217,100 Davis Boulevard,Pittsburgh,PA,15275
4218,4618 Wm Flynn Hwy,Gibsonia,PA,15044
4219,1010 4th Ave,Coraopolis,PA,15108
4220,4235 Walnut  Street,Mc Keesport,PA,15132
4221,2010 Value Drive,Tarentum,PA,15084
4222,907 Freeport  Road,Pittsburgh,PA,15238
4223,2925 Freeport Road,Pittsburgh,PA,15238
4224,11591 Frankstown Rd,Pittsburgh,PA,15235
4225,5261 Library Road,Bethel Park,PA,15102
4226,101 Hoffman Blvd,Duquesne,PA,15110
4227,148 Euclid Avenue,Pittsburgh,PA,15206
4228,4557 Ohio River Blvd,Pittsburgh,PA,15202
4229,2100 Washington Pike,Carnegie,PA,15106
4230,2518 Liberty Avenue,Pittsburgh,PA,15226
4231,971 William Flynn  Highway,Glenshaw,PA,15116
4232,3023 Washington Pike,Bridgeville,PA,15017
4233,10529 Perry Hwy,Wexford,PA,15090
4234,6380 Steubenville  Pike,Pittsburgh,PA,15205
4235,82 Fort Couch Road,Pittsburgh,PA,15241
4236,825 Beaver Grade  Road,Coraopolis,PA,15108
4237,19055 Perry Highway,Mars,PA,16046
4238,430 Penn Avenue,Pittsburgh,PA,15221
4239,505 Lincoln Highway,North Versailles,PA,15137
4240,363 Perry Highway,Pittsburgh,PA,15229
4241,624 Brownsville Rd,Pittsburgh,PA,15210
4242,211 Shore  Drive,Pittsburgh,PA,15212
4243,3825 Saw Mill Run Blvd,Pittsburgh,PA,15227
4244,4311 Northern Pike,Monroeville,PA,15146
4245,200 McIntyre Rd,Pittsburgh,PA,15237
4246,1501 Oakdale Road,Oakdale,PA,15071
4247,100 5th Ave,Mc Keesport,PA,15132
4248,100 5th Ave,Mc Keesport,PA,15132
4249,351 Stanhope Street,Pittsburgh,PA,15204
4250,545 5th Ave,Mc Keesport,PA,15132
4251,1101 5th Ave,Mc Keesport,PA,15132
4252,520 5th Avenue,Mc Keesport,PA,15132
4253,339 5th Ave / 2nd Fl,Mc Keesport,PA,15132
4254,1960 Eden Park Blvd,Mc Keesport,PA,15132
4255,1960 Eden Park  Boulevard,Mc Keesport,PA,15132
4256,1500 5th  Avenue,Mc Keesport,PA,15132
4257,1500 5th Ave,Mc Keesport,PA,15132
4258,3600 O&#39;Neil Blvd,Mc Keesport,PA,15132
4259,2701 Walnut St,Mc Keesport,PA,15132
4260,2901 Brownlee  Street,Mc Keesport,PA,15132
4261,500 Cumberland Rd,Pittsburgh,PA,15237
4262,600 Fox Dr,Pittsburgh,PA,15237
4263,3925 Willow  Avenue,Pittsburgh,PA,15234
4264,441 McNeilly Road,Pittsburgh,PA,15226
4265,580 McNeilly Rd,Pittsburgh,PA,15226
4266,3111 Walnut Street,Mc Keesport,PA,15132
4267,213 W 8th Ave,Homestead,PA,15120
4268,1229 Jefferson Heights  Road,Pittsburgh,PA,15235
4269,3725 Brownsville Road,Pittsburgh,PA,15227
4270,935 Pine Ave,Pittsburgh,PA,15234
4271,100 Timothy  Drive,Elizabeth,PA,15037
4272,134 Elizabeth  Street,Pittsburgh,PA,15207
4273,965 Burtner Road,Natrona Heights,PA,15065
4274,1406 Cornell Street,Mc Keesport,PA,15132
4275,28 Pittsburgh St,Pittsburgh,PA,15202
4276,501 2nd Street,Oakmont,PA,15139
4277,6810 Hilldale Drive,Pittsburgh,PA,15236
4278,1205 Ridge Avenue,Coraopolis,PA,15108
4279,450 Walnut Street,Pittsburgh,PA,15238
4280,2999 Bethel Church  Road,Bethel Park,PA,15102
4281,933 Brookline  Boulevard,Pittsburgh,PA,15226
4282,600 Lincoln Hwy,North Versailles,PA,15137
4283,517 Sangree Road,Pittsburgh,PA,15237
4284,3281 Wexford  Road,Gibsonia,PA,15044
4285,416 Center &amp; Agatha St,Pitcairn,PA,15140
4286,100 Bellevue  Avenue,Pittsburgh,PA,15229
4287,649 Penn Avenue,Pittsburgh,PA,15222
4288,4903 Baum  Boulevard,Pittsburgh,PA,15213
4289,707 Railroad  Avenue,Verona,PA,15147
4290,439 Washington  Road,Pittsburgh,PA,15228
4291,801 Parkway View Drive,Pittsburgh,PA,15205
4292,704 Parkway View  Drive,Pittsburgh,PA,15205
4293,5824 Forbes Ave,Pittsburgh,PA,15217
4294,2021 E Carson St,Pittsburgh,PA,15203
4295,2193 Babcock Boulevard,Pittsburgh,PA,15237
4296,995 Greensburg  Pike,East Pittsburgh,PA,15112
4297,500 Garden City Dr,Monroeville,PA,15146
4298,228 5th Avenue,Mc Keesport,PA,15132
4299,305 Wood Street,Pittsburgh,PA,15222
4300,1429 Potomac Avenue,Pittsburgh,PA,15216
4301,5225 N Pennsylvania Ave,Bethel Park,PA,15102
4302,500 Ross Street,Pittsburgh,PA,15259
4303,11 Castle Shannon Blvd,Pittsburgh,PA,15228
4304,502 Eden Park Blvd,Mc Keesport,PA,15132
4305,2712 Brownsville Rd,Pittsburgh,PA,15227
4306,1608 Walz Street,Pittsburgh,PA,15212
4307,3301 South Park Road,Bethel Park,PA,15102
4308,812 Mansfield Avenue,Pittsburgh,PA,15205
4309,4723 Liberty Ave,Pittsburgh,PA,15224
4310,5523 Walnut Street,Pittsburgh,PA,15232
4311,5523 Walnut  Street,Pittsburgh,PA,15232
4312,330 9th  Street,Pittsburgh,PA,15203
4313,1400 Locust St,Pittsburgh,PA,15219
4314,6 Mercy Street,Pittsburgh,PA,15214
4315,994 5th Avenue,East Mc Keesport,PA,15035
4316,4992 Middle Rd,Gibsonia,PA,15044
4317,332 5th Avenue,Pittsburgh,PA,15222
4318,940 Penn Avenue,Pittsburgh,PA,15222
4319,22-24 Sampsonia Way,Pittsburgh,PA,15212
4320,316 Station Street,Bridgeville,PA,15017
4321,3001 Liberty Avenue,Pittsburgh,PA,15217
4322,111 Smithfield Street,Pittsburgh,PA,15222
4323,6901 Lynn Way,Pittsburgh,PA,15208
4324,4901 Baum Boulevard,Pittsburgh,PA,15213
4325,649 California Ave,Pittsburgh,PA,15202
4326,804 Allegheny River Boulevard,Oakmont,PA,15139
4327,1113 Bradish St,Pittsburgh,PA,15203
4328,4801 McKnight Rd,Pittsburgh,PA,15237
4329,660 Waterfront Dr East,Homestead,PA,15120
4330,1030 Village Center Drive,Tarentum,PA,15084
4331,700 Settlers Ridge Center Drive,Pittsburgh,PA,15205
4332,4000 Oxford Dr,Bethel Park,PA,15102
4333,3759 Wm Penn Hwy,Monroeville,PA,15146
4334,331 Singer Ave,Mc Kees Rocks,PA,15136
4335,117 Coolsprings Rd,Mc Keesport,PA,15131
4336,2612 Sarah St,Pittsburgh,PA,15203
4337,1111 James St,Turtle Creek,PA,15145
4338,3052 Churchview,Pittsburgh,PA,15227
4339,1262 Rte 286,Export,PA,15632
4340,1100 Lincoln Hwy,North Versailles,PA,15137
4341,1625 Pine Hollow  Road,Mc Kees Rocks,PA,15136
4342,221 Shiloh St,Pittsburgh,PA,15211
4343,2392 Saranac Ave,Pittsburgh,PA,15216
4344,1822 Middle Road,Glenshaw,PA,15116
4345,2026 Middle Road,Glenshaw,PA,15116
4346,905 Mifflin Rd,Pittsburgh,PA,15221
4347,4025  Irene St,West Mifflin,PA,15122
4348,1155 Washington Pike,Bridgeville,PA,15017
4349,1414 E Carson St,Pittsburgh,PA,15203
4350,927 Liberty Avenue,Pittsburgh,PA,15222
4351,295 Lincoln Hall Road,Elizabeth,PA,15037
4352,2059 Saxonburg Boulevard,Gibsonia,PA,15044
4353,19 Ferry St,Leetsdale,PA,15056
4354,815 Universal  Road,Pittsburgh,PA,15235
4355,905 Allegheny  Avenue,Oakmont,PA,15139
4356,501 Lincoln Ave,Pittsburgh,PA,15202
4357,3616 William Flynn Highway,Allison Park,PA,15101
4358,2809 Brownsville  Road,Pittsburgh,PA,15227
4359,4100 Steubenville Pike,Pittsburgh,PA,15205
4360,2120 Murray Ave,Pittsburgh,PA,15217
4361,192 Craig Street,Pittsburgh,PA,15213
4362,3853 California Ave,Pittsburgh,PA,15212
4363,100 North Avenue,Pittsburgh,PA,15209
4364,6901 Lynn  Way,Pittsburgh,PA,15208
4365,852 Hutchinson Avenue,Pittsburgh,PA,15218
4366,232 Highland Avenue,Pittsburgh,PA,15206
4367,307 North Avenue,Pittsburgh,PA,15209
4368,416 Lincoln Avenue,Pittsburgh,PA,15209
4369,170 Sunny Hill Road,Wexford,PA,15090
4370,713 A Washington Rd,Pittsburgh,PA,15228
4371,2350 Noblestown Road,Pittsburgh,PA,15205
4372,2124 Murray Ave,Pittsburgh,PA,15217
4373,927 5th Ave,Mc Keesport,PA,15132
4374,304 Ross St,Pittsburgh,PA,15219
4375,80 Oak Road,Gibsonia,PA,15044
4376,80 Oak Road,Gibsonia,PA,15044
4377,7355 Frankstown Ave,Pittsburgh,PA,15208
4378,300 Old Airport  Road,Greensburg,PA,15601
4379,100 Hafner  Avenue,Pittsburgh,PA,15223
4380,16070 Perry  Highway,Wexford,PA,15090
4381,4988 Middle Road,Gibsonia,PA,15044
4382,4988 Middle Rd,Gibsonia,PA,15044
4383,4988 Middle Rd,Gibsonia,PA,15044
4384,4988 Middle Rd,Gibsonia,PA,15044
4385,304 Ross Street,Pittsburgh,PA,15219
4386,185 Waterfront Drive,Homestead,PA,15120
4387,1500 Washington  Road,Pittsburgh,PA,15228
4388,4988 Middle Rd,Gibsonia,PA,15044
4389,4632 Centre Ave,Pittsburgh,PA,15213
4390,250 Pacific Avenue,Pittsburgh,PA,15224
4391,4907 Penn Avenue,Pittsburgh,PA,15224
4392,2971 South Park Road,Bethel Park,PA,15102
4393,5208 Clairton Blvd,Pittsburgh,PA,15236
4394,448 St Clair  Avenue,Clairton,PA,15025
4395,107 Overland  Avenue,Duquesne,PA,15110
4396,107 Overland  Avenue,Duquesne,PA,15110
4397,107 Overland  Avenue,Duquesne,PA,15110
4398,646 Blue Ridge  Road,Pittsburgh,PA,15239
4399,862 Western Avenue,Pittsburgh,PA,15233
4400,210 Forbes Avenue,Pittsburgh,PA,15222
4401,1597 Washington Pike,Bridgeville,PA,15017
4402,10339 Perry  Highway,Wexford,PA,15090
4403,5432 Campbells Run Road,Pittsburgh,PA,15205
4404,7324 Saltsburg  Road,Pittsburgh,PA,15235
4405,104 Brownsville Rd,Pittsburgh,PA,15210
4406,4209 Wm Penn Hwy,Monroeville,PA,15146
4407,1525 Potomac Ave,Pittsburgh,PA,15216
4408,2550 Hayden  Boulevard,Elizabeth,PA,15037
4409,2101 Penn Avenue,Pittsburgh,PA,15222
4410,555 Lewis Run Rd,Clairton,PA,15025
4411,555 Lewis Run Rd,Clairton,PA,15025
4412,3435 Universal Road,Pittsburgh,PA,15239
4413,703 Clairton Blvd,Pittsburgh,PA,15236
4414,209 Mall Blvd,Monroeville,PA,15146
4415,6000 Gateway Campus  Boulevard,Monroeville,PA,15146
4416,219 Center Rd,Monroeville,PA,15146
4417,4370 Northern Pike,Monroeville,PA,15146
4418,600 Garden City Dr,Monroeville,PA,15146
4419,2601 3rd St,Monroeville,PA,15146
4420,880 Butler St,Pittsburgh,PA,15223
4421,2198 Babcock Blvd,Pittsburgh,PA,15237
4422,10441 Perry Hwy,Wexford,PA,15090
4423,3450 Babcock Blvd,Pittsburgh,PA,15237
4424,4655 Wm Flynn Highway,Allison Park,PA,15101
4425,3459 5th Ave,Pittsburgh,PA,15213
4426,3459 5th Ave,Pittsburgh,PA,15213
4427,1411 Grandview  Avenue,Pittsburgh,PA,15211
4428,1227 Monterey  Street,Pittsburgh,PA,15212
4429,1627 Brodhead Rd,Coraopolis,PA,15108
4430,2 Rutgers Road,Pittsburgh,PA,15205
4431,300 Camp Horne Rd,Pittsburgh,PA,15202
4432,1491 Coraopolis Heights Road,Coraopolis,PA,15108
4433,1491 Coraopolis Heights Rd,Coraopolis,PA,15108
4434,1500 4th Ave,Coraopolis,PA,15108
4435,223 Clever Road,Mc Kees Rocks,PA,15136
4436,2240 Wylie Ave,Pittsburgh,PA,15219
4437,1704 Pennsylvania Avenue,West Mifflin,PA,15122
4438,8343 University Boulevard,Coraopolis,PA,15108
4439,2222 Ewing  Road,Coraopolis,PA,15108
4440,4875 University  Boulevard,Coraopolis,PA,15108
4441,505 McCormick Rd,Coraopolis,PA,15108
4442,904 Beaver Grade Rd,Coraopolis,PA,15108
4443,5624 Steubenville Pike,Mc Kees Rocks,PA,15136
4444,8353 University Blvd,Coraopolis,PA,15108
4445,&nbsp; Ewing Rd / Moon Park,Coraopolis,PA,15108
4446,378 Freeport Road,Pittsburgh,PA,15238
4447,4039 Penn Ave,Pittsburgh,PA,15224
4448,4039 Penn Ave,Pittsburgh,PA,15224
4449,1806 Penn Avenue,Pittsburgh,PA,15222
4450,4039 Penn Ave,Pittsburgh,PA,15224
4451,530 Brookline Blvd,Pittsburgh,PA,15226
4452,3809 Dalewood St,Pittsburgh,PA,15227
4453,583 Brushton Ave,Pittsburgh,PA,15208
4454,1607 Broadway Avenue,Pittsburgh,PA,15216
4455,3519 Butler Street,Pittsburgh,PA,15201
4456,3536 Saw Mill Run  Boulevard,Pittsburgh,PA,15227
4457,536 Millers Run Road,Morgan,PA,15064
4458,1748 Chislett St Street,Pittsburgh,PA,15206
4459,6944 Presidents Way,Pittsburgh,PA,15206
4460,2420 Morton  Road,Pittsburgh,PA,15241
4461,625 Liberty Avenue,Pittsburgh,PA,15222
4462,9000 Gateway Campus Blvd,Monroeville,PA,15146
4463,2127 Mosside Blvd,Monroeville,PA,15146
4464,2200 Carson Street,Pittsburgh,PA,15203
4465,2467 McNeilly Rd,Pittsburgh,PA,15226
4466,314 Scenery Drive,Elizabeth,PA,15037
4467,7171 Saltsburg Rd,Pittsburgh,PA,15235
4468,2021 Mt Troy Road,Pittsburgh,PA,15212
4469,600 Penn Avenue,Pittsburgh,PA,15222
4470,6520 Saltsburg  Road,Pittsburgh,PA,15235
4471,350 Center Avenue,Pittsburgh,PA,15229
4472,4734 Lebanon Church Rd,Dravosburg,PA,15034
4473,491 &quot;N&quot; Street,Bethel Park,PA,15102
4474,9917 Frankstown  Road,Pittsburgh,PA,15235
4475,1860 Centre Avenue,Pittsburgh,PA,15219
4476,400 Lincoln Avenue,Pittsburgh,PA,15209
4477,200 Mall Circle Drive,Monroeville,PA,15146
4478,301 South Hills Village / FC-06,Pittsburgh,PA,15241
4479,4238 Verona Rd,Verona,PA,15147
4480,807 Wallace Avenue,Pittsburgh,PA,15221
4481,146 Hawthorne Road,Pittsburgh,PA,15209
4482,900 Cedar Blvd,Pittsburgh,PA,15228
4483,1693 McFarland Rd,Pittsburgh,PA,15216
4484,37 Robb Hollow Rd,Pittsburgh,PA,15243
4485,400 Broadmoor Ave,Pittsburgh,PA,15228
4486,11 Moffett St,Pittsburgh,PA,15243
4487,700 Vermont Ave,Pittsburgh,PA,15234
4488,2 Ralston Pl,Pittsburgh,PA,15216
4489,165 Crescent Dr,Pittsburgh,PA,15228
4490,735 Washington Rd,Pittsburgh,PA,15228
4491,3319 W Liberty  Avenue,Pittsburgh,PA,15216
4492,155 Cochran Rd,Pittsburgh,PA,15228
4493,255 Washington Rd,Pittsburgh,PA,15216
4494,1706 Mt Nebo Rd,Sewickley,PA,15143
4495,206 Brownsville Rd,Pittsburgh,PA,15210
4496,120 Brownsville Rd,Pittsburgh,PA,15210
4497,151 Mt Royal Blvd,Pittsburgh,PA,15223
4498,643 Wetzel Rd,Pittsburgh,PA,15209
4499,1 Duncan Station Road,Mc Keesport,PA,15135
4500,2400 Greenock- Buena Vista Rd,Mc Keesport,PA,15135
4501,200 Southern Ave,Pittsburgh,PA,15211
4502,230 Virginia Avenue,Pittsburgh,PA,15211
4503,122 Virginia Ave,Pittsburgh,PA,15211
4504,271 Paulson  Avenue,Pittsburgh,PA,15206
4505,419 Lincoln Avenue,Pittsburgh,PA,15202
4506,130 Highland  Avenue,Pittsburgh,PA,15206
4507,25 Walsh  Road,Pittsburgh,PA,15205
4508,2329 Penn Avenue,Pittsburgh,PA,15222
4509,200 Federal Street,Pittsburgh,PA,15212
4510,1013 Lebanon Rd,West Mifflin,PA,15122
4511,876 Progress St,Pittsburgh,PA,15212
4512,2907 Homestead Duquesne Rd,Homestead,PA,15120
4513,1901 Whitaker Way,Homestead,PA,15120
4514,1106 S Braddock Ave,Pittsburgh,PA,15218
4515,1720 Murray Ave,Pittsburgh,PA,15217
4516,2024 Murray Ave,Pittsburgh,PA,15217
4517,1916 Murray Ave,Pittsburgh,PA,15217
4518,2038 Noble St,Pittsburgh,PA,15218
4519,1100 Penn Ave,Pittsburgh,PA,15221
4520,408 2nd Street,Carnegie,PA,15106
4521,12027 Perry Highway,Wexford,PA,15090
4522,431 Market Street,Pittsburgh,PA,15222
4523,7130 Schoyer Avenue,Pittsburgh,PA,15218
4524,1597 Washington Pike,Bridgeville,PA,15017
4525,600 Grant  Street,Pittsburgh,PA,15219
4526,203 William Street,Mc Kees Rocks,PA,15136
4527,4113 Brownsville Rd,Library,PA,15129
4528,2013 Penn Avenue,Pittsburgh,PA,15222
4529,3024 W Liberty  Avenue,Pittsburgh,PA,15216
4530,5134 Clairton Blvd,Pittsburgh,PA,15236
4531,3724 Myrtle Ave,Pittsburgh,PA,15234
4532,1135 Wolfe Ave,Braddock,PA,15104
4533,209 13th  Street,Pittsburgh,PA,15215
4534,1300 Island Ave,Mc Kees Rocks,PA,15136
4535,4510 Liberty Avenue,Pittsburgh,PA,15224
4536,19 S 27th St,Pittsburgh,PA,15203
4537,2100 Spring St,Pittsburgh,PA,15210
4538,1500 Electric Ave,East Pittsburgh,PA,15112
4539,5504 Centre  Avenue,Pittsburgh,PA,15232
4540,1611 Carson  Street,Pittsburgh,PA,15203
4541,1611 E Carson Street,Pittsburgh,PA,15203
4542,1611 E Carson St,Pittsburgh,PA,15203
4543,10636 Perry  Highway,Wexford,PA,15090
4544,1150 Banksville Road,Pittsburgh,PA,15216
4545,1400 Radford  Road,Pittsburgh,PA,15227
4546,1110 Federal Street,Pittsburgh,PA,15212
4547,1200 Old Freeport Road,Pittsburgh,PA,15238
4548,415 W 8th Ave (Rear),Homestead,PA,15120
4549,616 South  Avenue,Pittsburgh,PA,15221
4550,720 Cliff Mine Rd,Coraopolis,PA,15108
4551,7528 Roslyn St,Pittsburgh,PA,15218
4552,1155 Washington Pike,Bridgeville,PA,15017
4553,4234 Wm Penn Hwy,Monroeville,PA,15146
4554,2006 Murray Avenue,Pittsburgh,PA,15217
4555,8051 Steubenville Pike,Oakdale,PA,15071
4556,5045 Bakerstown Road,Gibsonia,PA,15044
4557,91 River Avenue,Natrona Heights,PA,15065
4558,894 Veterans Lane,Natrona Heights,PA,15065
4559,87 Garfield  Street,Natrona Heights,PA,15065
4560,4318 Butler  Street,Pittsburgh,PA,15201
4561,2018 Murray Avenue,Pittsburgh,PA,15217
4562,106 E Main St,Carnegie,PA,15106
4563,336 5th Avenue,Mc Keesport,PA,15132
4564,5800 Murray Rd,Bethel Park,PA,15102
4565,200 Loews Drive,North Versailles,PA,15137
4566,3524 5th  Avenue,Pittsburgh,PA,15213
4567,800 Manning  Avenue,Mc Keesport,PA,15132
4568,4040 Saw Mill Run  Boulevard,Pittsburgh,PA,15227
4569,3501 Leechburg Rd,Pittsburgh,PA,15239
4570,2326 Duncan  Avenue,Allison Park,PA,15101
4571,5109 Neville Road,Pittsburgh,PA,15225
4572,4421 Butler St,Pittsburgh,PA,15201
4573,1300 Woodland  Avenue,Pittsburgh,PA,15212
4574,2249 Noblestown Rd,Pittsburgh,PA,15205
4575,6080 Steubenville Pike,Mc Kees Rocks,PA,15136
4576,890 Butler St,Pittsburgh,PA,15223
4577,4309 Northern Pike,Monroeville,PA,15146
4578,4609 Centre Ave,Pittsburgh,PA,15213
4579,525 Walnut St,Mc Keesport,PA,15132
4580,3109 Washington Pike Ste #104,Bridgeville,PA,15017
4581,2138 Murray Avenue,Pittsburgh,PA,15217
4582,300 6th Avenue,Pittsburgh,PA,15222
4583,1922 Pennsylvania Ave,West Mifflin,PA,15122
4584,1501 Highwood Ave,North Versailles,PA,15137
4585,114 North Avenue,Pittsburgh,PA,15212
4586,616 Lincoln Ave,Pittsburgh,PA,15202
4587,1504 Lincoln Ave,Pittsburgh,PA,15206
4588,5206 Willock Road,Pittsburgh,PA,15236
4589,9022 Old Perry Hwy,Pittsburgh,PA,15237
4590,224 Station Sq Dr,Pittsburgh,PA,15219
4591,5813 Forward Ave,Pittsburgh,PA,15217
4592,222 3rd  Avenue,Carnegie,PA,15106
4593,10375 Perry Hwy,Wexford,PA,15090
4594,200 Monroville Mall,Monroeville,PA,15146
4595,393 Vanadium Road,Pittsburgh,PA,15243
4596,824 E Pittsburgh Pz,East Pittsburgh,PA,15112
4597,1620 Lincoln Way,Mc Keesport,PA,15131
4598,1610 5th Ave,Coraopolis,PA,15108
4599,23 Market Pl,Pittsburgh,PA,15222
4600,4000 Wm Penn  Highway,Monroeville,PA,15146
4601,2312 Main Street,Pittsburgh,PA,15215
4602,329 Mt Lebanon Boulevard,Pittsburgh,PA,15234
4603,1276 Benton Avenue,Pittsburgh,PA,15212
4604,310 Grant Street,Pittsburgh,PA,15219
4605,856 Western Avenue,Pittsburgh,PA,15233
4606,903 Penn Avenue,Pittsburgh,PA,15222
4607,178 Pearl St,Pittsburgh,PA,15224
4608,328 Butler Street,Pittsburgh,PA,15223
4609,5438 Butler St,Pittsburgh,PA,15201
4610,310 Grant Street,Pittsburgh,PA,15219
4611,436 7th Avenue,Pittsburgh,PA,15219
4612,1530 4th Avenue,Coraopolis,PA,15108
4613,14 Wabash Avenue,Pittsburgh,PA,15220
4614,900 Penn Avenue,Pittsburgh,PA,15222
4615,600 Commonwealth  Place,Pittsburgh,PA,15222
4616,612 Coal Rd,West Mifflin,PA,15122
4617,1106 Castle Shannon Boulevard,Pittsburgh,PA,15234
4618,373 Vanadium Road,Pittsburgh,PA,15243
4619,2100 Noble St,Pittsburgh,PA,15218
4620,24 Market Square,Pittsburgh,PA,15222
4621,254 Freeport Rd,Pittsburgh,PA,15238
4622,409 Butler Street,Pittsburgh,PA,15223
4623,415 Craig Street,Pittsburgh,PA,15213
4624,242 Highland Avenue,Pittsburgh,PA,15206
4625,10638 Perry  Highway,Wexford,PA,15090
4626,3805 Forbes Avenue,Pittsburgh,PA,15213
4627,301 South Hills Village,Pittsburgh,PA,15241
4628,476 McMaster Way,Pittsburgh,PA,15222
4629,3820 Wm Penn  Highway,Monroeville,PA,15146
4630,160 Millers Run Road,Bridgeville,PA,15017
4631,1000 Ross Park Mall Dr,Pittsburgh,PA,15237
4632,1000 Ross Park Mall Dr,Pittsburgh,PA,15237
4633,350 Cumberland Rd,Pittsburgh,PA,15237
4634,10375 Perry Hwy,Wexford,PA,15090
4635,&nbsp; Blaine&#39;s Way,Sewickley,PA,15143
4636,2526 Haymaker Rd,Monroeville,PA,15146
4637,336 Home Avenue,Pittsburgh,PA,15202
4638,939 California Ave,Pittsburgh,PA,15202
4639,100 Jackson  Street,Pittsburgh,PA,15202
4640,1318 Wolfe Ave,Braddock,PA,15104
4641,7678 Steubenville Pike,Oakdale,PA,15071
4642,845 Perry  Highway,Pittsburgh,PA,15229
4643,96 Rochester  Road,Pittsburgh,PA,15229
4644,55 Rochester Rd,Pittsburgh,PA,15229
4645,53 Rochester Rd,Pittsburgh,PA,15229
4646,8701 Babcock Blvd,Pittsburgh,PA,15237
4647,5301 Ranalli Dr,Gibsonia,PA,15044
4648,8701 Babcock  Boulevard,Pittsburgh,PA,15237
4649,897 E  Ingomar Rd,Allison Park,PA,15101
4650,1501 Reedsdale  Street,Pittsburgh,PA,15233
4651,539 E Ohio St,Pittsburgh,PA,15212
4652,820 Camp Horne Rd,Pittsburgh,PA,15237
4653,401 E Ohio St,Pittsburgh,PA,15212
4654,8155 Steubenville Pike,Mc Donald,PA,15057
4655,475 Lincoln Hwy,North Versailles,PA,15137
4656,830 Sylvan Ave,North Versailles,PA,15137
4657,4015 Dickey Rd,Gibsonia,PA,15044
4658,589 Union Ave,Pittsburgh,PA,15202
4659,8169 Perry Hwy,Pittsburgh,PA,15237
4660,8169 Perry Hwy,Pittsburgh,PA,15237
4661,3854 Brighton  Road,Pittsburgh,PA,15212
4662,1601 Brighton  Road,Pittsburgh,PA,15212
4663,302 North  Avenue,Pittsburgh,PA,15212
4664,325 Mt Pleasant Road,Warrendale,PA,15086
4665,525 Mt Pleasant  Road,Pittsburgh,PA,15214
4666,533 Mt Pleasant Road,Pittsburgh,PA,15214
4667,184 McCoy Rd,Mc Kees Rocks,PA,15136
4668,224 Grant Avenue,Pittsburgh,PA,15209
4669,29 Hazlett Street,Pittsburgh,PA,15214
4670,1653 E Sutter Rd,Glenshaw,PA,15116
4671,735 Perry Hwy,Pittsburgh,PA,15229
4672,720 Blaw  Avenue,Pittsburgh,PA,15238
4673,8700 Duncan Avenue,Pittsburgh,PA,15237
4674,1711 Murray Avenue,Pittsburgh,PA,15217
4675,520 2nd Street,Oakmont,PA,15139
4676,1107 Brownsville Road,Pittsburgh,PA,15210
4677,436 Market Street,Pittsburgh,PA,15222
4678,800 Rock Run Rd,Elizabeth,PA,15037
4679,3224 Brighton Rd,Pittsburgh,PA,15212
4680,115 Cabin Lane,Pittsburgh,PA,15238
4681,1412 Carson Street,Pittsburgh,PA,15203
4682,1700 Washington  Boulevard,Mc Keesport,PA,15133
4683,755 Beechnut Dr,Pittsburgh,PA,15205
4684,735 Beechnut Dr,Pittsburgh,PA,15205
4685,601 McNeilly Rd,Pittsburgh,PA,15226
4686,10301 Pearce Mill Road,Allison Park,PA,15101
4687,504 Oak Hill  Drive,Pittsburgh,PA,15219
4688,5200 Noblestown Road,Oakdale,PA,15071
4689,7520 Steubenville Pike,Oakdale,PA,15071
4690,132 Burrows Street,Pittsburgh,PA,15213
4691,144 N Craig St,Pittsburgh,PA,15213
4692,286 Semple Street,Pittsburgh,PA,15213
4693,3221 Penn Avenue,Pittsburgh,PA,15201
4694,2358 5th Ave,Pittsburgh,PA,15213
4695,531 Allegheny Avenue,Oakmont,PA,15139
4696,531 Allegheny Avenue,Oakmont,PA,15139
4697,312 Arch Street,Verona,PA,15147
4698,1233 Hulton Rd,Oakmont,PA,15139
4699,1233 Hulton Rd,Oakmont,PA,15139
4700,1223 Hulton Rd,Oakmont,PA,15139
4701,512 Allegheny River Boulevard,Oakmont,PA,15139
4702,235 Allegheny Avenue,Oakmont,PA,15139
4703,814 Allegheny River Boulevard,Oakmont,PA,15139
4704,11 Washington Avenue,Oakmont,PA,15139
4705,310 Allegheny River Boulevard,Oakmont,PA,15139
4706,&nbsp; Noblestown Rd,Pittsburgh,PA,15205
4707,1337 Steuben St,Pittsburgh,PA,15220
4708,4420 Bayard  Street,Pittsburgh,PA,15213
4709,908 Warrendale Village  Drive,Warrendale,PA,15086
4710,126 Hillview  Drive,Elizabeth,PA,15037
4711,126 Hillview  Drive,Elizabeth,PA,15037
4712,4000 Oxford Dr,Bethel Park,PA,15102
4713,630 Waterfront Dr,Homestead,PA,15120
4714,1155 Washington Pike,Bridgeville,PA,15017
4715,2201 Park Manor Boulevard,Pittsburgh,PA,15205
4716,4080 Wm Penn Hwy,Monroeville,PA,15146
4717,7900 McKnight Rd,Pittsburgh,PA,15237
4718,655 Clairton Blvd,Pittsburgh,PA,15236
4719,150 Community Park Road,Evans City,PA,16033
4720,25 Heckel Rd,Mc Kees Rocks,PA,15136
4721,25 Heckel Rd,Mc Kees Rocks,PA,15136
4722,301 South Hills Village,Pittsburgh,PA,15241
4723,119 Oakland  Avenue,Pittsburgh,PA,15213
4724,917 Duquesne  Boulevard,Duquesne,PA,15110
4725,4755 Clairton Boulevard,Pittsburgh,PA,15236
4726,807 Parkway Ave,Pittsburgh,PA,15235
4727,3075 Clairton Blvd / Century III Mall,West Mifflin,PA,15123
4728,180 Quinn Drive,Pittsburgh,PA,15275
4729,4120 Wm Penn Hwy,Monroeville,PA,15146
4730,560 E Waterfront Drive,Homestead,PA,15120
4731,8900 Covenant  Avenue,Pittsburgh,PA,15237
4732,1513 Maple Avenue,Turtle Creek,PA,15145
4733,609 9th  Avenue,Homestead,PA,15120
4734,105 Olivia St,Mc Kees Rocks,PA,15136
4735,860 Saw Mill Run  Boulevard,Pittsburgh,PA,15226
4736,824 James St,Pittsburgh,PA,15212
4737,6277 Saltsburg Road,Pittsburgh,PA,15235
4738,5975 Broad Street,Pittsburgh,PA,15206
4739,4966 Library Road,Bethel Park,PA,15102
4740,140 6th Street,Pittsburgh,PA,15222
4741,6052 Wm Flynn Highway,Bakerstown,PA,15007
4742,318 Forest Grove Road,Coraopolis,PA,15108
4743,1575 Electric Ave,East Pittsburgh,PA,15112
4744,520 Alexander Street,Pittsburgh,PA,15220
4745,5950 Steubenville Pike,Pittsburgh,PA,15205
4746,265 Settlers Ridge Center Drive,Pittsburgh,PA,15205
4747,530 Wm Penn Place,Pittsburgh,PA,15219
4748,530 Wm Penn Place,Pittsburgh,PA,15219
4749,530 Wm Penn Place,Pittsburgh,PA,15219
4750,530 Wm Penn Place,Pittsburgh,PA,15219
4751,530 Wm Penn Place,Pittsburgh,PA,15219
4752,1 Allegheny  Avenue,Pittsburgh,PA,15212
4753,2873 W Liberty  Avenue,Pittsburgh,PA,15216
4754,1625 W Carson St,Pittsburgh,PA,15219
4755,707 Warrington Avenue,Pittsburgh,PA,15210
4756,3601 Blvd of the Allies,Pittsburgh,PA,15213
4757,212 Grant Avenue,Duquesne,PA,15110
4758,751 Warrington Avenue,Pittsburgh,PA,15210
4759,2333 Beechwood Blvd,Pittsburgh,PA,15217
4760,131 Main Street,Carnegie,PA,15106
4761,477 Melwood  Avenue,Pittsburgh,PA,15213
4762,1011 E Carson St,Pittsburgh,PA,15203
4763,4208 Forbes Ave,Pittsburgh,PA,15213
4764,2392 Saranac Ave,Pittsburgh,PA,15216
4765,2627 Penn Avenue,Pittsburgh,PA,15222
4766,107 Walmart Dr,North Versailles,PA,15137
4767,1000 Locust Street,Pittsburgh,PA,15282
4768,675 Washington Rd,Pittsburgh,PA,15228
4769,2551 Brandt School Road,Wexford,PA,15090
4770,725 Little Deer Creek Valley Road,Russellton,PA,15076
4771,211 Elway St,Buena Vista,PA,15018
4772,524 7th Avenue,Homestead,PA,15120
4773,225 Commercial  Avenue,Pittsburgh,PA,15215
4774,833 Brackenridge Avenue,Brackenridge,PA,15014
4775,4609 Forbes Ave,Pittsburgh,PA,15213
4776,4808 Baum Blvd,Pittsburgh,PA,15213
4777,2610 Brandt School Rd,Wexford,PA,15090
4778,4768 McKnight  Road,Pittsburgh,PA,15237
4779,540 St Clair Ave,Clairton,PA,15025
4780,6004 Centre  Avenue,Pittsburgh,PA,15206
4781,3606 5th  Avenue,Pittsburgh,PA,15213
4782,601 Longfellow  Drive,Homestead,PA,15120
4783,8801 Peebles Rd,Allison Park,PA,15101
4784,402 Ormsby Avenue,Pittsburgh,PA,15210
4785,79 22nd Street,Pittsburgh,PA,15203
4786,6301 Butler St,Pittsburgh,PA,15201
4787,2101 Greentree Road,Pittsburgh,PA,15220
4788,110 Allegheny Road,Imperial,PA,15126
4789,2912 Carson Street,Pittsburgh,PA,15203
4790,222 3rd Ave,Carnegie,PA,15106
4791,1734 Bower Hill Road,Pittsburgh,PA,15243
4792,1000 Lindsay Road,Carnegie,PA,15106
4793,907 Middle Street,Pittsburgh,PA,15212
4794,800 Montana Avenue,Natrona Heights,PA,15065
4795,1504 Woodcrest Ave,Coraopolis,PA,15108
4796,322 Curry Hollow Road,Pittsburgh,PA,15236
4797,332 Curry Hollow Road,Pittsburgh,PA,15236
4798,105 Middle  Avenue,Wilmerding,PA,15148
4799,52 Garretta St,Pittsburgh,PA,15217
4800,25 McMurray Rd,Pittsburgh,PA,15241
4801,9395 McKnight  Road,Pittsburgh,PA,15237
4802,3000 Mosside Blvd,Monroeville,PA,15146
4803,1400 Market Place Blvd,Coraopolis,PA,15108
4804,538 Woodrow Lane,Tarentum,PA,15084
4805,2518 E Carson St,Pittsburgh,PA,15203
4806,2199 Dartmore St,Pittsburgh,PA,15210
4807,1131 James St,Monroeville,PA,15146
4808,1140 Cochrans Mill  Road,Pittsburgh,PA,15236
4809,1882 Main Street,Pittsburgh,PA,15215
4810,1507 Pennsylvania Avenue,West Mifflin,PA,15122
4811,410 Scenery Dr,Elizabeth,PA,15037
4812,148 West Bridge St,Homestead,PA,15120
4813,1600 Settlers Ridge Center Drive,Pittsburgh,PA,15205
4814,700 Bower Hill  Road,Bridgeville,PA,15017
4815,4740 Baum Blvd,Pittsburgh,PA,15213
4816,2204 Park Hill Drive,Pittsburgh,PA,15221
4817,3912 Coleman Street,Pittsburgh,PA,15207
4818,4901 Baum  Boulevard,Pittsburgh,PA,15213
4819,3405 Walnut St,Mc Keesport,PA,15132
4820,523 Lincoln Ave,Pittsburgh,PA,15202
4821,2730 Liberty Ave / Consumer Loan Ctr,Pittsburgh,PA,15222
4822,249 5th Avenue,Pittsburgh,PA,15222
4823,620 Liberty Avenue,Pittsburgh,PA,15222
4824,115 Federal Street,Pittsburgh,PA,15212
4825,115 Federal Street,Pittsburgh,PA,15212
4826,115 Federal Street,Pittsburgh,PA,15212
4827,115 Federal Street,Pittsburgh,PA,15212
4828,115 Federal   Street,Pittsburgh,PA,15212
4829,115 Federal Street,Pittsburgh,PA,15212
4830,115 Federal Street,Pittsburgh,PA,15212
4831,115 Federal Street,Pittsburgh,PA,15212
4832,115 Federal Street,Pittsburgh,PA,15212
4833,115 Federal Street,Pittsburgh,PA,15212
4834,115 Federal Street,Pittsburgh,PA,15212
4835,115 Federal Street,Pittsburgh,PA,15212
4836,115 Federal Street,Pittsburgh,PA,15212
4837,115 Federal Street,Pittsburgh,PA,15212
4838,115 Federal Street,Pittsburgh,PA,15212
4839,115 Federal Street,Pittsburgh,PA,15212
4840,115 Federal Street,Pittsburgh,PA,15212
4841,115 Federal Street,Pittsburgh,PA,15212
4842,115 Federal Street,Pittsburgh,PA,15212
4843,115 Federal Street,Pittsburgh,PA,15212
4844,115 Federal Street,Pittsburgh,PA,15212
4845,115 Federal Street,Pittsburgh,PA,15212
4846,115 Federal Street,Pittsburgh,PA,15212
4847,115 Federal Street,Pittsburgh,PA,15212
4848,115 Federal Street,Pittsburgh,PA,15212
4849,115 Federal Street,Pittsburgh,PA,15212
4850,115 Federal Street,Pittsburgh,PA,15212
4851,115 Federal Street,Pittsburgh,PA,15212
4852,115 Federal Street,Pittsburgh,PA,15212
4853,115 Federal Street,Pittsburgh,PA,15212
4854,115 Federal Street,Pittsburgh,PA,15212
4855,115 Federal Street,Pittsburgh,PA,15212
4856,115 Federal Street,Pittsburgh,PA,15212
4857,115 Federal Street,Pittsburgh,PA,15212
4858,115 Federal Street,Pittsburgh,PA,15212
4859,115 Federal Street,Pittsburgh,PA,15212
4860,115 Federal Street,Pittsburgh,PA,15212
4861,115 Federal Street,Pittsburgh,PA,15212
4862,115 Federal Street,Pittsburgh,PA,15212
4863,115 Federal Street,Pittsburgh,PA,15212
4864,115 Federal Street,Pittsburgh,PA,15212
4865,115 Federal Street,Pittsburgh,PA,15212
4866,115 Federal Street,Pittsburgh,PA,15212
4867,115 Federal Street,Pittsburgh,PA,15212
4868,115 Federal Street,Pittsburgh,PA,15212
4869,115 Federal Street,Pittsburgh,PA,15212
4870,115 Federal Street,Pittsburgh,PA,15212
4871,115 Federal Street,Pittsburgh,PA,15212
4872,115 Federal Street,Pittsburgh,PA,15212
4873,115 Federal Street,Pittsburgh,PA,15212
4874,115 Federal Street,Pittsburgh,PA,15212
4875,115 Federal Street,Pittsburgh,PA,15212
4876,115 Federal Street,Pittsburgh,PA,15212
4877,115 Federal Street,Pittsburgh,PA,15212
4878,115 Federal Street,Pittsburgh,PA,15212
4879,115 Federal Street,Pittsburgh,PA,15212
4880,115 Federal  Street,Pittsburgh,PA,15212
4881,115 Federal Street,Pittsburgh,PA,15212
4882,490 North  Avenue,Pittsburgh,PA,15212
4883,4325 Rosanna Drive,Allison Park,PA,15101
4884,400 Guys Run Road,Pittsburgh,PA,15238
4885,1001 5th Avenue,Pittsburgh,PA,15219
4886,1001 5th Avenue,Pittsburgh,PA,15219
4887,1001 5th Avenue,Pittsburgh,PA,15219
4888,1001 5th Avenue,Pittsburgh,PA,15219
4889,1001 5th Avenue,Pittsburgh,PA,15219
4890,1001 5th Avenue,Pittsburgh,PA,15219
4891,1001 5th Avenue,Pittsburgh,PA,15219
4892,1001 5th Avenue,Pittsburgh,PA,15219
4893,1001 5th Avenue,Pittsburgh,PA,15219
4894,1001 5th Avenue,Pittsburgh,PA,15219
4895,1001 5th Avenue,Pittsburgh,PA,15219
4896,1001 5th Avenue,Pittsburgh,PA,15219
4897,1001 5th Avenue,Pittsburgh,PA,15219
4898,1001 5th Avenue,Pittsburgh,PA,15219
4899,1001 5th Avenue,Pittsburgh,PA,15219
4900,1001 5th Avenue,Pittsburgh,PA,15219
4901,1001 5th Avenue,Pittsburgh,PA,15219
4902,1001 5th Avenue,Pittsburgh,PA,15219
4903,1001 5th Avenue,Pittsburgh,PA,15219
4904,1001 5th Avenue,Pittsburgh,PA,15219
4905,1001 5th Avenue,Pittsburgh,PA,15219
4906,1001 5th  Avenue,Pittsburgh,PA,15219
4907,1001 5th Avenue,Pittsburgh,PA,15219
4908,1001 5th Avenue,Pittsburgh,PA,15219
4909,1001 5th  Avenue,Pittsburgh,PA,15219
4910,1001 5th Avenue,Pittsburgh,PA,15219
4911,1001 5th Avenue,Pittsburgh,PA,15219
4912,1001 5th Avenue,Pittsburgh,PA,15219
4913,1001 5th  Avenue,Pittsburgh,PA,15219
4914,1001 5th  Avenue,Pittsburgh,PA,15219
4915,1001 5th Avenue,Pittsburgh,PA,15219
4916,1001 5th Avenue,Pittsburgh,PA,15219
4917,1001 5th Avenue,Pittsburgh,PA,15219
4918,1001 5th Avenue,Pittsburgh,PA,15219
4919,1001 5th Avenue,Pittsburgh,PA,15219
4920,1001 5th Avenue,Pittsburgh,PA,15219
4921,1001 5th  Avenue,Pittsburgh,PA,15219
4922,1001 5th Avenue,Pittsburgh,PA,15219
4923,1001 5th Avenue,Pittsburgh,PA,15219
4924,1001 5th Avenue,Pittsburgh,PA,15219
4925,1001 5th  Avenue,Pittsburgh,PA,15219
4926,1001 5th Ave,Pittsburgh,PA,15219
4927,151 Colfax Street,Springdale,PA,15144
4928,440 College  Park  Drive,Monroeville,PA,15146
4929,40 Vancouver Avenue,Pittsburgh,PA,15205
4930,101 Grandvue  Drive,Beaver,PA,15009
4931,2432 Greensburg Pike,Pittsburgh,PA,15221
4932,250 Pacific Avenue,Pittsburgh,PA,15224
4933,223 Shiloh St,Pittsburgh,PA,15211
4934,4763 Liberty Ave,Pittsburgh,PA,15224
4935,4600 E Carson St,Pittsburgh,PA,15210
4936,821 E Warrington Ave,Pittsburgh,PA,15210
4937,4411 Old Wm Penn  Highway,Monroeville,PA,15146
4938,810 Ivy  Street,Pittsburgh,PA,15232
4939,738 Little Deer Creek Valley Road,Russellton,PA,15076
4940,2001 Lincoln Way,Mc Keesport,PA,15131
4941,101 Penn Pz,Turtle Creek,PA,15145
4942,951 Old Frankstown Rd,Pittsburgh,PA,15239
4943,3113 Green Garden  Road,Aliquippa,PA,15001
4944,10 Smithfield Street,Pittsburgh,PA,15210
4945,1304 Forbes Avenue,Pittsburgh,PA,15282
4946,1304 Forbes Avenue,Pittsburgh,PA,15282
4947,1304 Forbes Avenue,Pittsburgh,PA,15282
4948,427 Washington Road,Pittsburgh,PA,15228
4949,3703 Forbes  Avenue,Pittsburgh,PA,15213
4950,60 21st Street,Pittsburgh,PA,15222
4951,1711 Murray Avenue,Pittsburgh,PA,15217
4952,5527 Walnut  Street,Pittsburgh,PA,15232
4953,3519 Butler Street,Pittsburgh,PA,15201
4954,5321 Clairton Blvd,Pittsburgh,PA,15236
4955,238 Crafton Ingram Shopping Center,Pittsburgh,PA,15205
4956,2070 Lebanon Church Road,West Mifflin,PA,15122
4957,5301 Grove Road,Pittsburgh,PA,15236
4958,942 Freeport Road,Pittsburgh,PA,15238
4959,1500 Washington  Road,Pittsburgh,PA,15228
4960,3432 Wm Penn Hwy,Pittsburgh,PA,15235
4961,12071 Perry Highway,Wexford,PA,15090
4962,250 McHolme  Drive,Pittsburgh,PA,15275
4963,623 Clairton  Boulevard,Pittsburgh,PA,15236
4964,210 Bridge Street,Homestead,PA,15120
4965,5243 Library Road,Bethel Park,PA,15102
4966,1900 Greentree Road,Pittsburgh,PA,15220
4967,3401 Blvd Of The Allies,Pittsburgh,PA,15213
4968,4172 Wm Penn Hwy,Monroeville,PA,15146
4969,3800 Forbes Ave,Pittsburgh,PA,15213
4970,4960 Route 8,Allison Park,PA,15101
4971,7217 McKnight Road,Pittsburgh,PA,15237
4972,5430 Centre Avenue,Pittsburgh,PA,15232
4973,117 Pittsburgh Mills  Circle,Tarentum,PA,15084
4974,295 Settlers Ridge Ctr Dr,Pittsburgh,PA,15205
4975,666 Allegheny River  Boulevard,Oakmont,PA,15139
4976,132 Bakery Square  Boulevard,Pittsburgh,PA,15206
4977,8800 Covenant Avenue,Pittsburgh,PA,15234
4978,1025 Washington Pike,Bridgeville,PA,15017
4979,1000 Ross Park Mall  Drive,Pittsburgh,PA,15237
4980,3526 Blvd of The Allies,Pittsburgh,PA,15213
4981,200 E Main St,Carnegie,PA,15106
4982,11700 Frankstown  Road,Pittsburgh,PA,15235
4983,351 Hoffman Blvd,Duquesne,PA,15110
4984,2928 W Liberty Ave,Pittsburgh,PA,15216
4985,4815 Centre Avenue,Pittsburgh,PA,15213
4986,3403 Saw Mill Run Blvd,Pittsburgh,PA,15227
4987,3336 Babcock Blvd,Pittsburgh,PA,15237
4988,355 Lincoln Avenue,Pittsburgh,PA,15202
4989,5300 Library  Road,Bethel Park,PA,15102
4990,4512 Broadway Ave,Monroeville,PA,15146
4991,1597 Washington Pike A-34,Bridgeville,PA,15017
4992,210 McHolme Drive,Pittsburgh,PA,15275
4993,4259 Northern Pike,Monroeville,PA,15146
4994,710 Brown Avenue,Turtle Creek,PA,15145
4995,4732 Lebanon Church Rd,Dravosburg,PA,15034
4996,8197 McKnight Rd,Pittsburgh,PA,15237
4997,&nbsp; Pgh Intl Airport / LT-SS T-Z,Pittsburgh,PA,15231
4998,7601 Grand Ave,Pittsburgh,PA,15225
4999,173 Thorn Hill Road,Warrendale,PA,15086
5000,315 William Pitt  Way,Pittsburgh,PA,15238
