5001,6018 Centre Avenue,Pittsburgh,PA,15206
5002,1574 Montier  Street,Pittsburgh,PA,15221
5003,5801 Bryant  Street,Pittsburgh,PA,15206
5004,4100 Main St,Homestead,PA,15120
5005,403 Ohio Street,Pittsburgh,PA,15212
5006,7600 Forbes Avenue,Pittsburgh,PA,15221
5007,5719 Bryant St,Pittsburgh,PA,15206
5008,5916 Brownsville Rd,Pittsburgh,PA,15236
5009,2911 Glenmore Avenue,Pittsburgh,PA,15216
5010,907 1st Avenue,Brackenridge,PA,15014
5011,910 Saw Mill Run Blvd,Pittsburgh,PA,15220
5012,4733 Wm Penn Hwy,Monroeville,PA,15146
5013,644 Broadway Avenue,Mc Kees Rocks,PA,15136
5014,7101 Steubenville Pike,Oakdale,PA,15071
5015,1732 Penn Avenue,Pittsburgh,PA,15222
5016,7208 Rt  908,Tarentum,PA,15084
5017,297 Beverly Rd,Pittsburgh,PA,15226
5018,706 Brookline Blvd,Pittsburgh,PA,15226
5019,1155 Washington  Pike,Bridgeville,PA,15017
5020,275 Monroeville Mall,Monroeville,PA,15146
5021,651 Clairton Boulevard,Pittsburgh,PA,15236
5022,120 Quinn Drive,Pittsburgh,PA,15275
5023,2872 Custer Ave,Pittsburgh,PA,15227
5024,808 Ivy Street,Pittsburgh,PA,15232
5025,4731 Wm Flynn Highway,Allison Park,PA,15101
5026,100 Bettis Rd,Dravosburg,PA,15034
5027,309 Freeport Road,Pittsburgh,PA,15215
5028,2412 Ferguson Rd,Allison Park,PA,15101
5029,101 Westinghouse  Avenue,Wilmerding,PA,15148
5030,6221 Saltsburg Rd,Pittsburgh,PA,15235
5031,13032 Frankstown  Road,Pittsburgh,PA,15235
5032,824 Chartiers Ave,Mc Kees Rocks,PA,15136
5033,100 Passavant  Way,Pittsburgh,PA,15238
5034,718 Brookline Boulevard,Pittsburgh,PA,15226
5035,5260 Library  Road,Bethel Park,PA,15102
5036,3716 Butler Street,Pittsburgh,PA,15201
5037,1900 Murray Avenue,Pittsburgh,PA,15217
5038,81 Clairton Blvd,Pittsburgh,PA,15236
5039,250 Mt Nebo Pointe Drive,Pittsburgh,PA,15237
5040,296 Curry Hollow Rd,Pittsburgh,PA,15236
5041,1250 Chartiers Ave,Mc Kees Rocks,PA,15136
5042,5070 Wm Penn Hwy,Monroeville,PA,15146
5043,2001 Lincoln Way,Mc Keesport,PA,15131
5044,4145 Wm Penn Hwy,Monroeville,PA,15146
5045,50 Donati Rd,Bethel Park,PA,15102
5046,1735 Fallowfield Ave,Pittsburgh,PA,15216
5047,1207 Spring Run Road Extension,Coraopolis,PA,15108
5048,11675 Perry  Highway,Wexford,PA,15090
5049,135 Highland Avenue,Pittsburgh,PA,15206
5050,1141 Freeport Road,Pittsburgh,PA,15238
5051,245 Mall Boulevard,Monroeville,PA,15146
5052,483 Center Avenue,Verona,PA,15147
5053,5812 Library Road,Bethel Park,PA,15102
5054,1502 Lincoln Way,Mc Keesport,PA,15131
5055,2700 Custer Ave,Pittsburgh,PA,15227
5056,103 Delafield Rd,Pittsburgh,PA,15215
5057,417 Woodland Road,North Versailles,PA,15137
5058,417 Woodland  Road,North Versailles,PA,15137
5059,481 Sugar Run Road,Eighty Four,PA,15330
5060,1201 Paulson  Avenue,Pittsburgh,PA,15206
5061,1101 State Rt 885 Road,Clairton,PA,15025
5062,3454 Pleasantvue Dr,Pittsburgh,PA,15227
5063,1614 Washington  Road,Pittsburgh,PA,15241
5064,412 Center St,Mc Keesport,PA,15132
5065,2018 Smallman Street,Pittsburgh,PA,15222
5066,5994 Steubenville Pike,Mc Kees Rocks,PA,15136
5067,11915 Perry Highway,Wexford,PA,15090
5068,100 Broughton Road,Bethel Park,PA,15102
5069,1155 Washington Pike,Bridgeville,PA,15017
5070,4745 William Penn Highway,Monroeville,PA,15146
5071,118 Meyran Avenue,Pittsburgh,PA,15213
5072,4709 Liberty  Avenue,Pittsburgh,PA,15224
5073,408 E Ohio St,Pittsburgh,PA,15212
5074,1601 McClure St,Homestead,PA,15120
5075,4025 Homestead - Duquesne Rd,West Mifflin,PA,15122
5076,8625 Peebles Rd,Pittsburgh,PA,15237
5077,2550 Brownsville Rd,Library,PA,15129
5078,4846 Mcknight  Road,Pittsburgh,PA,15237
5079,5401 Penn Ave,Pittsburgh,PA,15206
5080,2208 Penn Avenue,Pittsburgh,PA,15222
5081,308 Forbes Avenue,Pittsburgh,PA,15222
5082,925 Penn Avenue,Pittsburgh,PA,15222
5083,800 Vinial  Street,Pittsburgh,PA,15212
5084,4341 Old Wm Penn Hwy,Monroeville,PA,15146
5085,4360 Verona Rd,Verona,PA,15147
5086,1002 Center Ave,Verona,PA,15147
5087,11507 Frankstown Rd,Pittsburgh,PA,15235
5088,2501 Main St,Pittsburgh,PA,15235
5089,76 Federal Drive,Pittsburgh,PA,15235
5090,2025 Lincoln Road,Verona,PA,15147
5091,12120 Frankstown  Road,Pittsburgh,PA,15235
5092,1079 Jefferson Road,Pittsburgh,PA,15235
5093,147 Jefferson Rd,Pittsburgh,PA,15235
5094,2519 Main  Street,Pittsburgh,PA,15235
5095,309 Collins Drive,Pittsburgh,PA,15235
5096,3899 Old William Penn Highway,Pittsburgh,PA,15235
5097,125 Universal Rd,Pittsburgh,PA,15235
5098,2501 Main Street,Pittsburgh,PA,15235
5099,2000 Liberty Avenue,Pittsburgh,PA,15222
5100,4050 University Dr,Mc Keesport,PA,15132
5101,4815 Centre Ave,Pittsburgh,PA,15213
5102,4203 Wm Penn Highway,Monroeville,PA,15146
5103,808 Liberty  Avenue,Pittsburgh,PA,15222
5104,1597 Washington  Pike,Bridgeville,PA,15017
5105,4068 Penn Ave,Pittsburgh,PA,15224
5106,1815 Pennsylvania Ave,West Mifflin,PA,15122
5107,705 Penn  Avenue,Turtle Creek,PA,15145
5108,150 54th Street,Pittsburgh,PA,15201
5109,1049 Pennsbury Boulevard,Pittsburgh,PA,15205
5110,2010 Penn Avenue,Pittsburgh,PA,15222
5111,650 Mansfield Avenue,Pittsburgh,PA,15205
5112,170 Kelso Road,Imperial,PA,15126
5113,117 Walter St,Pittsburgh,PA,15210
5114,1729 Penn Avenue,Pittsburgh,PA,15222
5115,5136 Penn Ave,Pittsburgh,PA,15224
5116,4966 Wm Flynn Hwy,Allison Park,PA,15101
5117,5899 Steubenville Pike,Mc Kees Rocks,PA,15136
5118,750 Vista Park Drive,Pittsburgh,PA,15205
5119,780 Pine Valley Dr,Pittsburgh,PA,15239
5120,105 Seminary Avenue / Suite 7,Oakdale,PA,15071
5121,110 Imperial Plaza Drive,Imperial,PA,15126
5122,1721 Penn Avenue,Pittsburgh,PA,15222
5123,12 Smithfield St,Pittsburgh,PA,15222
5124,927 Western Avenue,Pittsburgh,PA,15233
5125,7619 1/2 Penn Ave,Pittsburgh,PA,15221
5126,100 Art Rooney Avenue,Pittsburgh,PA,15212
5127,100 Art Rooney Avenue,Pittsburgh,PA,15212
5128,100 Art Rooney Avenue,Pittsburgh,PA,15212
5129,100 Art Rooney Avenue,Pittsburgh,PA,15212
5130,100 Art Rooney Avenue,Pittsburgh,PA,15212
5131,400 Graham St,Mc Kees Rocks,PA,15136
5132,301 Oakland Avenue,Braddock,PA,15104
5133,6401 Penn Avenue,Pittsburgh,PA,15206
5134,208 7th Avenue,Tarentum,PA,15084
5135,2101 Perrysville Ave,Pittsburgh,PA,15214
5136,2601 Perrysville  Avenue,Pittsburgh,PA,15214
5137,7006 Frankstown  Avenue,Pittsburgh,PA,15208
5138,1002 Perry Hwy,Pittsburgh,PA,15237
5139,&nbsp; U.S. Route 30,Clinton,PA,15026
5140,4324 Butler St,Pittsburgh,PA,15201
5141,613 Penn Avenue,Pittsburgh,PA,15222
5142,1199 Washington Pike,Bridgeville,PA,15017
5143,116 Oakland  Avenue,Pittsburgh,PA,15213
5144,3719 Terrace St,Pittsburgh,PA,15261
5145,3719 Terrace  Street,Pittsburgh,PA,15261
5146,3719 Terrace St,Pittsburgh,PA,15261
5147,3719 Terrace Street,Pittsburgh,PA,15261
5148,3719 Terrace St,Pittsburgh,PA,15261
5149,3719 Terrace St,Pittsburgh,PA,15261
5150,3719 Terrace St,Pittsburgh,PA,15261
5151,3719 Terrace St,Pittsburgh,PA,15261
5152,3719 Terrace St,Pittsburgh,PA,15261
5153,3719 Terrace St,Pittsburgh,PA,15261
5154,3719 Terrace St,Pittsburgh,PA,15261
5155,3719 Terrace St,Pittsburgh,PA,15261
5156,3719 Terrace St,Pittsburgh,PA,15261
5157,3719 Terrace St,Pittsburgh,PA,15261
5158,3719 Terrace St,Pittsburgh,PA,15261
5159,3719 Terrace St,Pittsburgh,PA,15261
5160,3719 Terrace Street,Pittsburgh,PA,15261
5161,3719 Terrace St,Pittsburgh,PA,15261
5162,3719 Terrace St,Pittsburgh,PA,15261
5163,3719 Terrace St,Pittsburgh,PA,15261
5164,3719 Terrace St,Pittsburgh,PA,15261
5165,3719 Terrace St,Pittsburgh,PA,15261
5166,3719 Terrace St,Pittsburgh,PA,15261
5167,395 Robinson Street Extension,Pittsburgh,PA,15213
5168,2409 Shady  Avenue,Pittsburgh,PA,15217
5169,810 Arch  Street,Pittsburgh,PA,15212
5170,810 Rockland  Avenue,Pittsburgh,PA,15216
5171,799 Pinkerton Run Road,Oakdale,PA,15071
5172,590 Crane  Avenue,Pittsburgh,PA,15216
5173,500 Woodbourne  Avenue,Pittsburgh,PA,15226
5174,125 Parkfield  Street,Pittsburgh,PA,15210
5175,3799 Chartiers  Avenue,Pittsburgh,PA,15204
5176,1400 Crucible Street,Pittsburgh,PA,15220
5177,1901 Clayton  Avenue,Pittsburgh,PA,15214
5178,2332 Beechwood  Boulevard,Pittsburgh,PA,15217
5179,1398 Page  Street,Pittsburgh,PA,15233
5180,8080 Bennett  Street,Pittsburgh,PA,15221
5181,6200 Stanton  Avenue,Pittsburgh,PA,15206
5182,5799 Hampton  Street,Pittsburgh,PA,15206
5183,1400 Crucible Street,Pittsburgh,PA,15205
5184,845 McLain  Street,Pittsburgh,PA,15210
5185,4034 Donna Avenue,West Mifflin,PA,15122
5186,2940 Sheraden Boulevard,Pittsburgh,PA,15204
5187,601 Filbert  Street,Pittsburgh,PA,15232
5188,328 Lincoln  Avenue,Pittsburgh,PA,15206
5189,725 Linden  Avenue,Pittsburgh,PA,15208
5190,1612 Manhattan  Street,Pittsburgh,PA,15233
5191,2055 Bedford  Avenue,Pittsburgh,PA,15219
5192,3117 Centre  Avenue,Pittsburgh,PA,15219
5193,6502 Lilac  Street,Pittsburgh,PA,15217
5194,1611 Davis  Street,Pittsburgh,PA,15212
5195,2323 Brighton  Road,Pittsburgh,PA,15212
5196,3875 Perrysville  Avenue,Pittsburgh,PA,15214
5197,1901 Sarah  Street,Pittsburgh,PA,15203
5198,328 Lowell Street,Vandergrift,PA,15690
5199,17 Cherryhill  Street,Pittsburgh,PA,15210
5200,200 The Boulevard Street,Pittsburgh,PA,15210
5201,1018 Peralta  Street,Pittsburgh,PA,15212
5202,595 Crane  Avenue,Pittsburgh,PA,15216
5203,3630 Library Road,Pittsburgh,PA,15234
5204,1501 Spring Garden  Avenue,Pittsburgh,PA,15212
5205,1351 Damas  Street,Pittsburgh,PA,15212
5206,7100 Reynolds  Street,Pittsburgh,PA,15208
5207,925 Brushton  Avenue,Pittsburgh,PA,15208
5208,4801 Stanton  Avenue,Pittsburgh,PA,15201
5209,1113 Braddock Avenue,Pittsburgh,PA,15218
5210,2250 Centre  Avenue,Pittsburgh,PA,15219
5211,508 Shadyhill  Road,Pittsburgh,PA,15205
5212,150 Meridan  Street,Pittsburgh,PA,15211
5213,501 40th  Street,Pittsburgh,PA,15224
5214,319 Maryland Avenue,Oakmont,PA,15139
5215,6065 Rittman Road,Gibsonia,PA,15044
5216,1055 Morewood Avenue,Pittsburgh,PA,15213
5217,4315 Murray  Avenue,Pittsburgh,PA,15217
5218,5340 Perry Hwy,Pittsburgh,PA,15229
5219,426 Broadway Ave,Pitcairn,PA,15140
5220,1740 Golden Mile Highway,Monroeville,PA,15146
5221,2000 Montour Church Road,Oakdale,PA,15071
5222,2105 Freeport Road,Natrona Heights,PA,15065
5223,201 Parkfield  Street,Pittsburgh,PA,15210
5224,5034 Windriver Drive,Mc Kees Rocks,PA,15136
5225,1150 Washington Pike,Bridgeville,PA,15017
5226,3968 Wm Penn Highway,Monroeville,PA,15146
5227,4100 Library  Road,Pittsburgh,PA,15234
5228,4917 Penn Ave,Pittsburgh,PA,15224
5229,2120 Penn Avenue,Pittsburgh,PA,15222
5230,1025 Washington Pike,Bridgeville,PA,15017
5231,1701 Lincoln Highway,North Versailles,PA,15137
5232,2351 Noblestown Road,Pittsburgh,PA,15205
5233,300 Mt Lebanon  Boulevard,Pittsburgh,PA,15234
5234,1770 Pine Hollow Road,Mc Kees Rocks,PA,15136
5235,695 Washington Road,Pittsburgh,PA,15228
5236,1580 McLaughlin Run Rd,Pittsburgh,PA,15241
5237,3801 Butler St,Pittsburgh,PA,15201
5238,424 Ohio  Street,Pittsburgh,PA,15212
5239,1129 Ravine St,Homestead,PA,15120
5240,5304 Butler Street,Pittsburgh,PA,15201
5241,342 Island Ave,Mc Kees Rocks,PA,15136
5242,719 W Ingomar Rd,Ingomar,PA,15127
5243,926 Sheraton Drive,Mars,PA,16046
5244,116 Hickory Heights Drive,Bridgeville,PA,15017
5245,230 Pearce Mill Rd,Wexford,PA,15090
5246,901 6th Street,Clairton,PA,15025
5247,3900 Bakerstown Rd,Gibsonia,PA,15044
5248,5518 Molnar Dr,Gibsonia,PA,15044
5249,4300 Warrendale Rd,Gibsonia,PA,15044
5250,100 Logan Rd,Gibsonia,PA,15044
5251,1130 Perry Hwy,Pittsburgh,PA,15237
5252,2104 Murray Avenue,Pittsburgh,PA,15217
5253,&nbsp; Pgh Intl Airport / AC-22,Pittsburgh,PA,15231
5254,6738 Reynolds St,Pittsburgh,PA,15206
5255,3523 Penn Avenue,Pittsburgh,PA,15201
5256,1828 E Carson St,Pittsburgh,PA,15203
5257,274 Forbes  Avenue,Pittsburgh,PA,15222
5258,115 Federal  Street,Pittsburgh,PA,15212
5259,307 Hulton Rd,Verona,PA,15147
5260,22 Rich Hill  Road,Cheswick,PA,15024
5261,4501 Main St,Homestead,PA,15120
5262,4501 Ohio River Blvd,Pittsburgh,PA,15202
5263,515 Main Street,Pittsburgh,PA,15220
5264,620 Brookline Blvd,Pittsburgh,PA,15226
5265,505 Mosside Blvd,North Versailles,PA,15137
5266,505 Mosside Blvd,North Versailles,PA,15137
5267,549 Broadway  Avenue,Pitcairn,PA,15140
5268,528 Broadway,Pitcairn,PA,15140
5269,480 Broadway Avenue,Pitcairn,PA,15140
5270,422 Broadway Ave,Pitcairn,PA,15140
5271,100 S Center Ave,Pitcairn,PA,15140
5272,620 8th St,Pitcairn,PA,15140
5273,479 Broadway Blvd,Pitcairn,PA,15140
5274,211 Hamilton  Avenue,Duquesne,PA,15110
5275,237 Bouquet  Street,Pittsburgh,PA,15260
5276,3955 Forbes Avenue,Pittsburgh,PA,15260
5277,&nbsp; 5th &amp; Ruskin,Pittsburgh,PA,15260
5278,4200 5th Ave,Pittsburgh,PA,15213
5279,3959 5th (M3) Avenue,Pittsburgh,PA,15213
5280,3925 5th  Avenue,Pittsburgh,PA,15213
5281,3900 Forbes Avenue,Pittsburgh,PA,15260
5282,3700 O&#39;Hara  Street,Pittsburgh,PA,15213
5283,4200 5th Ave,Pittsburgh,PA,15213
5284,219 Parkman  Avenue,Pittsburgh,PA,15213
5285,3960 Forbes Avenue,Pittsburgh,PA,15213
5286,135 Bellefield Avenue,Pittsburgh,PA,15213
5287,3990 5th  Avenue,Pittsburgh,PA,15213
5288,3955 Forbes  Avenue,Pittsburgh,PA,15213
5289,3950 Roberto Clemente  Drive,Pittsburgh,PA,15213
5290,230 Bouquet  Street,Pittsburgh,PA,15213
5291,335 Sutherland  Drive,Pittsburgh,PA,15213
5292,3725 Sutherland  Drive,Pittsburgh,PA,15213
5293,3725 Sutherland  Drive,Pittsburgh,PA,15213
5294,3500 Victoria  Street,Pittsburgh,PA,15261
5295,3959 Forbes  Avenue,Pittsburgh,PA,15213
5296,&nbsp; Allequippa St,Pittsburgh,PA,15261
5297,1980 Painters Run Road,Pittsburgh,PA,15241
5298,5857 Ellsworth Avenue,Pittsburgh,PA,15232
5299,260 Atwood Street,Pittsburgh,PA,15213
5300,415 Noblestown Road,Carnegie,PA,15106
5301,777 Aten  Road,Coraopolis,PA,15108
5302,220 40th  Street,Pittsburgh,PA,15201
5303,707 Penn Ave,Pittsburgh,PA,15221
5304,4215 5th Ave,Pittsburgh,PA,15213
5305,1001 Carnahan Road,Pittsburgh,PA,15216
5306,1597 Washington Pike,Bridgeville,PA,15017
5307,111 9th Street,Pittsburgh,PA,15222
5308,111 9th Street,Pittsburgh,PA,15222
5309,102 33rd St,Pittsburgh,PA,15201
5310,6300 5th Avenue,Pittsburgh,PA,15232
5311,12 Childrens  Way,Pittsburgh,PA,15212
5312,8711 Old Perry Highway,Pittsburgh,PA,15237
5313,134 N Dithridge St,Pittsburgh,PA,15213
5314,2350 Brownsville  Road,Pittsburgh,PA,15210
5315,5134 Carnegie St,Pittsburgh,PA,15201
5316,4366 Old Wm Penn  Highway,Monroeville,PA,15146
5317,7430 Tioga  Street,Pittsburgh,PA,15208
5318,10 S 19th St,Pittsburgh,PA,15203
5319,121 Field Club Road,Pittsburgh,PA,15238
5320,1312 Benton Avenue,Pittsburgh,PA,15212
5321,1015 Brookline Boulevard,Pittsburgh,PA,15226
5322,5280 Northumberland St,Pittsburgh,PA,15217
5323,5280 Northumberland St,Pittsburgh,PA,15217
5324,5280 Northumberland St,Pittsburgh,PA,15217
5325,1 Alger  Street,Pittsburgh,PA,15207
5326,955 Liberty Avenue,Pittsburgh,PA,15222
5327,101 Eisele Road,Cheswick,PA,15024
5328,7175 Highland Drive,Pittsburgh,PA,15206
5329,50 Montgomery Place,Pittsburgh,PA,15212
5330,1290 Mifflin  Road,Pittsburgh,PA,15207
5331,201 Graham Street,Pittsburgh,PA,15206
5332,3530 Fleming  Avenue,Pittsburgh,PA,15212
5333,120 6th Street,Pittsburgh,PA,15222
5334,16055 Perry Hwy,Wexford,PA,15090
5335,3800 Bakerstown Rd,Bakerstown,PA,15007
5336,798 Herron Avenue,Verona,PA,15147
5337,4399 Leechburg Road,New Kensington,PA,15068
5338,918 Main Street,Pittsburgh,PA,15215
5339,950 Pittsburgh  Street,Springdale,PA,15144
5340,1002 Perry  Highway,Pittsburgh,PA,15237
5341,2400 Josephine Street,Pittsburgh,PA,15203
5342,301 South Hills Village,Bethel Park,PA,15102
5343,113 Monroeville Mall,Monroeville,PA,15146
5344,100 Robinson Center Drive,Pittsburgh,PA,15205
5345,822 Liberty Avenue,Pittsburgh,PA,15219
5346,3710 5th Avenue,Pittsburgh,PA,15213
5347,1000 Ross Park Mall  Drive,Pittsburgh,PA,15237
5348,411 Cherry  Way,Pittsburgh,PA,15219
5349,4729 Ellsworth Avenue,Pittsburgh,PA,15213
5350,5624 Brownsville Road,Pittsburgh,PA,15236
5351,8 13th  Street,Pittsburgh,PA,15203
5352,621 Penn Avenue,Pittsburgh,PA,15222
5353,419 5th Avenue,Sutersville,PA,15083
5354,2312 Main Street,Pittsburgh,PA,15215
5355,107 Thackeray  Street,Pittsburgh,PA,15213
5356,1130 (Lower) Rodi  Road,Turtle Creek,PA,15145
5357,775 Dunster  Avenue,Pittsburgh,PA,15226
5358,1235 Clairhaven  Street,Pittsburgh,PA,15205
5359,2312 Main Street,Pittsburgh,PA,15215
5360,1111 McKee Road,Oakdale,PA,15071
5361,321 South Avenue,Verona,PA,15147
5362,616 Highland Avenue,Pittsburgh,PA,15206
5363,785 Dunster  Street,Pittsburgh,PA,15226
5364,828 3rd Street,Oakmont,PA,15139
5365,828 3rd Street,Oakmont,PA,15139
5366,4935 Homeville Road,West Mifflin,PA,15122
5367,5832 Library  Road,Bethel Park,PA,15102
5368,1302 Carson Street,Pittsburgh,PA,15203
5369,151 School  Road,Pittsburgh,PA,15239
5370,801 O&#39;Neil Blvd,Mc Keesport,PA,15132
5371,706 Island  Avenue,Mc Kees Rocks,PA,15136
5372,890 Butler Street,Pittsburgh,PA,15223
5373,2080 Saw Mill Run Boulevard,Pittsburgh,PA,15210
5374,1917 Railroad Street,Carnegie,PA,15106
5375,125 Conroy Street,Buena Vista,PA,15018
5376,4635 Centre Avenue,Pittsburgh,PA,15213
5377,5839 Forbes Ave,Pittsburgh,PA,15217
5378,1625 Pennsylvania  Avenue,West Mifflin,PA,15122
5379,242 51st  Street,Pittsburgh,PA,15201
5380,51 Crennell Ave,Pittsburgh,PA,15205
5381,601 Lincoln Ave,Pittsburgh,PA,15202
5382,741 5th Ave,Pittsburgh,PA,15219
5383,5001 Curry  Road,Pittsburgh,PA,15236
5384,3019 Walnut St,Mc Keesport,PA,15132
5385,1525 5th Ave,Pittsburgh,PA,15219
5386,101 Fern Hollow Road,Coraopolis,PA,15108
5387,1116 Bell Ave,Braddock,PA,15104
5388,14 Smithfield Street,Pittsburgh,PA,15222
5389,4911 Penn Avenue,Pittsburgh,PA,15224
5390,461 Perry Highway,Pittsburgh,PA,15229
5391,4873 Wm Flynn Hwy,Allison Park,PA,15101
5392,50 Towne Square Way,Pittsburgh,PA,15227
5393,550 Butler Street,Pittsburgh,PA,15201
5394,1112 Washington Pike,Bridgeville,PA,15017
5395,3036 Freeport Road,Natrona Heights,PA,15065
5396,1235 Long Run Rd,Mc Keesport,PA,15131
5397,271 I/2 Clairton Blvd,West Mifflin,PA,15122
5398,7 Poplar Street,Pittsburgh,PA,15221
5399,8609 University Blvd,Coraopolis,PA,15108
5400,1219 Federal Street,Pittsburgh,PA,15212
5401,2324 Ardmore Boulevard,Pittsburgh,PA,15221
5402,4001 Main St,Homestead,PA,15120
5403,80 Allegheny River Boulevard,Verona,PA,15147
5404,2002 E Carson St,Pittsburgh,PA,15203
5405,2158 Brownsville Rd,Pittsburgh,PA,15210
5406,481 Lincoln Ave,Pittsburgh,PA,15202
5407,4710 Baum Blvd,Pittsburgh,PA,15213
5408,1984 Greentree Road,Pittsburgh,PA,15220
5409,7301 Saltsburg Rd,Pittsburgh,PA,15235
5410,4960 Library Road,Bethel Park,PA,15102
5411,3747 Wm Penn Highway,Monroeville,PA,15146
5412,4512 Liberty Ave,Pittsburgh,PA,15224
5413,192 Ohio River Blvd,Ambridge,PA,15003
5414,3814 Main St,Homestead,PA,15120
5415,5439 Babcock  Boulevard,Pittsburgh,PA,15237
5416,2677B Monroeville Blvd,Monroeville,PA,15146
5417,6532 Steubenville Pike,Pittsburgh,PA,15205
5418,1304 5th Ave,Pittsburgh,PA,15219
5419,5440 Centre Ave,Pittsburgh,PA,15232
5420,7343 Saltsburg Road,Pittsburgh,PA,15235
5421,406 Lysle Boulevard,Mc Keesport,PA,15132
5422,109 Penn Avenue,Turtle Creek,PA,15145
5423,45 Foster Avenue,Pittsburgh,PA,15205
5424,217 S Highland Ave,Pittsburgh,PA,15206
5425,1790 N Highland Rd,Pittsburgh,PA,15241
5426,823 Penn Avenue,Pittsburgh,PA,15222
5427,258 S Highland Ave,Pittsburgh,PA,15206
5428,1110 5th Ave,Coraopolis,PA,15108
5429,190 N Craig Street,Pittsburgh,PA,15213
5430,4611 Centre  Avenue,Pittsburgh,PA,15213
5431,518 California Avenue,Pittsburgh,PA,15202
5432,1039 Hamil  Road,Verona,PA,15147
5433,8360 Perry Hwy,Pittsburgh,PA,15237
5434,5990 University Blvd Suite#13,Coraopolis,PA,15108
5435,11085 Babcock Blvd,Gibsonia,PA,15044
5436,1520 Mt Nebo Rd,Sewickley,PA,15143
5437,510 Station Street,Bridgeville,PA,15017
5438,3546 Saw Mill Run  Boulevard,Pittsburgh,PA,15227
5439,126 S Highland Avenue,Pittsburgh,PA,15206
5440,8 Market  Square,Pittsburgh,PA,15222
5441,580 Burchfield Road,Allison Park,PA,15101
5442,1225 4th Ave,Coraopolis,PA,15108
5443,3324 Babcock Boulevard,Pittsburgh,PA,15237
5444,205 E Waterfront Dr,Homestead,PA,15120
5445,114 Portvue Dr,Coraopolis,PA,15108
5446,2898 Banksville Road,Pittsburgh,PA,15216
5447,1000 Sutherland Drive,Pittsburgh,PA,15205
5448,32 Old Clairton Blvd,Pittsburgh,PA,15236
5449,404 Old Clairton Rd,Pittsburgh,PA,15236
5450,4729 Liberty Ave,Pittsburgh,PA,15224
5451,1710 Settlers Ridge Center Drive,Pittsburgh,PA,15205
5452,7615 Saltsburg Rd,Pittsburgh,PA,15239
5453,920 Presque Isle Plaza Dr,Pittsburgh,PA,15239
5454,900 Elicker  Road,Pittsburgh,PA,15239
5455,900 Elicker  Road,Pittsburgh,PA,15235
5456,5996 Centre Avenue,Pittsburgh,PA,15206
5457,499 Center New Texas Road,Pittsburgh,PA,15239
5458,900 Elicker Rd,Pittsburgh,PA,15239
5459,255 Unity Center  Road,Pittsburgh,PA,15239
5460,7018 Pin Oak Court,Mc Kees Rocks,PA,15136
5461,2243 Shady &amp; Phillips Ave,Pittsburgh,PA,15217
5462,200 Herron Avenue,Cheswick,PA,15024
5463,2990 Haberlein  Rd,Gibsonia,PA,15044
5464,401 Hastings St,Pittsburgh,PA,15206
5465,201 Wood  Street,Pittsburgh,PA,15222
5466,201 Wood  Street,Pittsburgh,PA,15222
5467,7 Wood Street,Pittsburgh,PA,15222
5468,1124 Park Manor Boulevard,Pittsburgh,PA,15205
5469,811 Paul Street,Carnegie,PA,15106
5470,1807 Jane St,Pittsburgh,PA,15203
5471,848 Talbot Ave,Braddock,PA,15104
5472,208 Fisk St,Pittsburgh,PA,15201
5473,228 Ignatius Ave,Carnegie,PA,15106
5474,60 S 18th St,Pittsburgh,PA,15203
5475,542 Indiana Ave,Glassport,PA,15045
5476,14 Linden Street,Natrona Heights,PA,15065
5477,322 1st  Ave,Carnegie,PA,15106
5478,36 Prospect Street,Pittsburgh,PA,15223
5479,352 Butler Street,Pittsburgh,PA,15223
5480,4602 Liberty Ave,Pittsburgh,PA,15224
5481,5915 Beacon Avenue,Pittsburgh,PA,15217
5482,2572 Brandt School Rd,Wexford,PA,15090
5483,1811 Leechburg Rd,Pittsburgh,PA,15235
5484,10501 Perry  Highway,Wexford,PA,15090
5485,3501 Forbes Ave #200,Pittsburgh,PA,15213
5486,3055 Brereton Avenue,Pittsburgh,PA,15219
5487,1510 Saxonburg Boulevard,Tarentum,PA,15084
5488,3420 Wm Penn  Highway,Pittsburgh,PA,15235
5489,2010 Wharton Street,Pittsburgh,PA,15203
5490,1900 Lincoln Highway,North Versailles,PA,15137
5491,3616 5th Avenue,Pittsburgh,PA,15213
5492,1501 Preble Avenue,Pittsburgh,PA,15233
5493,1501 Preble Avenue,Pittsburgh,PA,15233
5494,136 6th Street,Pittsburgh,PA,15222
5495,34 Bridge Street,Pittsburgh,PA,15223
5496,2 PPG Place,Pittsburgh,PA,15222
5497,305 Laredo St,Mc Keesport,PA,15133
5498,1565 Washington Blvd,Mc Keesport,PA,15133
5499,935 Beaver Grade Road,Coraopolis,PA,15108
5500,3249 Washington Pike,Bridgeville,PA,15017
5501,28 W Steuben St,Pittsburgh,PA,15205
5502,231 Main Street,Carnegie,PA,15106
5503,28 Braddock Avenue,Braddock,PA,15104
5504,2201 Sweeney Drive,Clinton,PA,15026
5505,4709 Centre Avenue,Pittsburgh,PA,15213
5506,1419 Potomac  Avenue,Pittsburgh,PA,15216
5507,689 Washington Rd,Pittsburgh,PA,15228
5508,3000 Practice  T Drive,Clairton,PA,15025
5509,400 Corbet Street,Tarentum,PA,15084
5510,245 Foster  Road,North Versailles,PA,15137
5511,5525 Walnut Street,Pittsburgh,PA,15232
5512,321 3rd Avenue,Carnegie,PA,15106
5513,81 E Crafton Ave,Pittsburgh,PA,15205
5514,615 McClure Street,Homestead,PA,15120
5515,1501 Sarah  Street,Pittsburgh,PA,15203
5516,222 Craft Avenue,Pittsburgh,PA,15213
5517,550 Center New Texas Rd,Pittsburgh,PA,15239
5518,2850 Brownsville Rd,Library,PA,15129
5519,6957 Hamilton Ave,Pittsburgh,PA,15208
5520,1450 Ingham St,Pittsburgh,PA,15212
5521,530 Marshall Ave,Pittsburgh,PA,15214
5522,5224 Thoms Run Road,Presto,PA,15142
5523,5237 Thoms Run Road,Presto,PA,15142
5524,5228 Thoms Run Road,Presto,PA,15142
5525,1719 Penn Avenue,Pittsburgh,PA,15222
5526,2403 Bellwood Drive,Pittsburgh,PA,15237
5527,351 Pittsburgh Street,Springdale,PA,15144
5528,1539 Washington Rd,Pittsburgh,PA,15228
5529,46 18th Street,Pittsburgh,PA,15222
5530,8651 University Boulevard,Coraopolis,PA,15108
5531,6 Anchor Drive,Pittsburgh,PA,15238
5532,3847 Northern Pike,Monroeville,PA,15146
5533,921 E Pittsburgh / McKeesport Blvd,North Versailles,PA,15137
5534,1832 E Carson St,Pittsburgh,PA,15203
5535,4501 Steubenville Pike,Pittsburgh,PA,15205
5536,2 Market  Place,Pittsburgh,PA,15222
5537,3803 Forbes Ave,Pittsburgh,PA,15213
5538,830 Clairton Blvd,Pittsburgh,PA,15236
5539,44 Highland Road,Bethel Park,PA,15102
5540,440 Lincoln Avenue,Pittsburgh,PA,15202
5541,1300 Crawford Ave,Duquesne,PA,15110
5542,3614 5th Ave,Pittsburgh,PA,15213
5543,81 S 13th St,Pittsburgh,PA,15203
5544,540 Weyman Road,Pittsburgh,PA,15236
5545,528 E Ohio  Street,Pittsburgh,PA,15212
5546,471 Lincoln Ave,Pittsburgh,PA,15202
5547,2200 California Avenue,Pittsburgh,PA,15212
5548,3737 Brighton Road,Pittsburgh,PA,15212
5549,2404 Perrysville  Avenue,Pittsburgh,PA,15214
5550,1055 Unity Center Rd,Pittsburgh,PA,15239
5551,605 E 10th Ave,Homestead,PA,15120
5552,1500 Yost Boulevard,Pittsburgh,PA,15221
5553,1500 Yost  Boulevard,Pittsburgh,PA,15221
5554,1500 Yost  Boulevard,Pittsburgh,PA,15221
5555,1611 Monroeville Ave,Turtle Creek,PA,15145
5556,129 E 10th Ave,Homestead,PA,15120
5557,2412 Versailles Ave,Mc Keesport,PA,15132
5558,435 Agatha  Street,Pitcairn,PA,15140
5559,5401 Glenwood Avenue,Pittsburgh,PA,15207
5560,340 Bilmar  Drive,Pittsburgh,PA,15205
5561,1805 Buena Vista Street,Pittsburgh,PA,15212
5562,139 7th Street,Pittsburgh,PA,15222
5563,139 7th Street,Pittsburgh,PA,15222
5564,511 Braddock Avenue,Turtle Creek,PA,15145
5565,3113 Brighton Rd,Pittsburgh,PA,15212
5566,500 Providence Point Boulevard,Pittsburgh,PA,15243
5567,1400 Troy Hill  Road,Pittsburgh,PA,15212
5568,7034 Blackhawk St,Pittsburgh,PA,15218
5569,10752 Frankstown Rd,Pittsburgh,PA,15235
5570,741 Monongahela Ave,Glassport,PA,15045
5571,3808 O&#39;Neil Blvd,Mc Keesport,PA,15132
5572,7901 Saltsburg Road,Pittsburgh,PA,15239
5573,4313 Olympia Shop Center,Mc Keesport,PA,15132
5574,1808 Golden Mile Hwy,Pittsburgh,PA,15239
5575,5321 Butler Street,Pittsburgh,PA,15201
5576,2714 Walnut Street,Mc Keesport,PA,15132
5577,4059 Blvd Dr,Pittsburgh,PA,15217
5578,100 A Boyce Park  Drive,Pittsburgh,PA,15239
5579,601 Grant Street,Pittsburgh,PA,15222
5580,808 Liberty Avenue,Pittsburgh,PA,15222
5581,1740 Settlers Ridge Center Drive,Pittsburgh,PA,15205
5582,1028 Freeport Road,Pittsburgh,PA,15238
5583,3712 Forbes  Avenue,Pittsburgh,PA,15213
5584,4815 Centre Avenue,Pittsburgh,PA,15213
5585,2777 E Carson St,Pittsburgh,PA,15203
5586,605 2nd Street,Pitcairn,PA,15140
5587,&nbsp; Pgh Intl Airport / NE-09B,Pittsburgh,PA,15231
5588,110 Andrew Drive,Pittsburgh,PA,15275
5589,625 Beaver  Road,Leetsdale,PA,15056
5590,200 Meadow Lane,Sewickley,PA,15143
5591,618 Harbaugh Street,Sewickley,PA,15143
5592,1414 Beaver Rd,Sewickley,PA,15143
5593,5137 Wm Flynn / Rt #8 Highway,Gibsonia,PA,15044
5594,7011 Old Steubenville Pike,Oakdale,PA,15071
5595,530 Michigan Ave,Glassport,PA,15045
5596,3349 Liberty Ave,Pittsburgh,PA,15201
5597,1640 Saw Mill Run Boulevard,Pittsburgh,PA,15210
5598,668 Washington Road,Pittsburgh,PA,15228
5599,400 Union Ave,Pittsburgh,PA,15202
5600,820 Pennsylvania  Avenue,Pittsburgh,PA,15233
5601,300 S Craig St,Pittsburgh,PA,15213
5602,421 Lincoln Ave,Pittsburgh,PA,15202
5603,105-107 Smithfield St,Pittsburgh,PA,15222
5604,1739 Pennsylvania Ave,West Mifflin,PA,15122
5605,2883 Liberty Avenue,Pittsburgh,PA,15216
5606,1030 5th Ave,East Mc Keesport,PA,15035
5607,102 Enterprise St,Elizabeth,PA,15037
5608,412 S 27th St,Pittsburgh,PA,15203
5609,600 Settlers Ridge Center Drive,Pittsburgh,PA,15205
5610,256 S Highland,Pittsburgh,PA,15206
5611,&nbsp; Pgh Intl Airport / AC-32A,Pittsburgh,PA,15231
5612,1826 Lincoln Highway,North Versailles,PA,15137
5613,521 W Grant Street,Duquesne,PA,15110
5614,409 Main St,Carnegie,PA,15106
5615,413 Railroad  Street,Bridgeville,PA,15017
5616,135 E 9th Ave,Homestead,PA,15120
5617,2916 Jacks Run Rd,Mc Keesport,PA,15131
5618,5849 Forbes Avenue,Pittsburgh,PA,15217
5619,1 Amanda Avenue,Pittsburgh,PA,15210
5620,749 Allegheny River  Boulevard,Verona,PA,15147
5621,5860 Forbes Avenue,Pittsburgh,PA,15217
5622,&nbsp; 12th &amp; California Ave,Natrona Heights,PA,15065
5623,&nbsp; 12th &amp; California Ave,Natrona Heights,PA,15065
5624,2200 Ramsey Rd,Monroeville,PA,15146
5625,329 Browns Hill Road,Valencia,PA,16059
5626,207 Commercial  Avenue,Pittsburgh,PA,15215
5627,3619 Main St,Homestead,PA,15120
5628,879 Freeport Road,Creighton,PA,15030
5629,100 Central Sq,Pittsburgh,PA,15228
5630,230 3rd St,Braddock,PA,15104
5631,230 3rd St,Braddock,PA,15104
5632,235 4th Street,Braddock,PA,15104
5633,1204 Federal Street,Pittsburgh,PA,15212
5634,401 Main Street,Carnegie,PA,15106
5635,300 Craig Street,Pittsburgh,PA,15213
5636,3533 Forbes,Pittsburgh,PA,15213
5637,401 Ferree  Street,Coraopolis,PA,15108
5638,1519 Penn Avenue,Pittsburgh,PA,15222
5639,627 E North Ave,Pittsburgh,PA,15212
5640,136 20th  Street,Pittsburgh,PA,15203
5641,624 Orchard Street,Carnegie,PA,15106
5642,525 W Main Street,Carnegie,PA,15106
5643,259 Clairton Blvd,Pittsburgh,PA,15236
5644,4766 McKnight Rd,Pittsburgh,PA,15237
5645,3941 Wm Penn  Highway,Monroeville,PA,15146
5646,6150 Robinson Center Drive,Pittsburgh,PA,15205
5647,3610 Forbes  Avenue,Pittsburgh,PA,15213
5648,2925 South Park Road,Bethel Park,PA,15102
5649,5439 Babcock  Boulevard,Pittsburgh,PA,15237
5650,1900 Grandview Avenue,Mc Keesport,PA,15132
5651,1015 Forbes Avenue,Pittsburgh,PA,15219
5652,200 Mall Circle  Drive,Monroeville,PA,15146
5653,175 E Waterfront Dr,Homestead,PA,15120
5654,301 South Hills Village,Pittsburgh,PA,15241
5655,1020 Pittsburgh Mills Boulevard,Tarentum,PA,15084
5656,1230 Settlers Ridge Center Drive,Pittsburgh,PA,15205
5657,433 Graeme Street,Pittsburgh,PA,15222
5658,1717 Cochran Rd,Pittsburgh,PA,15220
5659,304 E Warrington  Avenue,Pittsburgh,PA,15210
5660,201 Shiloh  Street,Pittsburgh,PA,15211
5661,144 6th Street,Pittsburgh,PA,15222
5662,700 Idaho Avenue,Verona,PA,15147
5663,100 Waterfront Dr,Pittsburgh,PA,15222
5664,5906 Bryant  Street,Pittsburgh,PA,15206
5665,19 Foster  Avenue,Pittsburgh,PA,15205
5666,225 5th Avenue,Pittsburgh,PA,15222
5667,1601 Washington Rd,Pittsburgh,PA,15228
5668,4795 Havana Dr,Pittsburgh,PA,15239
5669,1035 S Braddock Ave,Pittsburgh,PA,15218
5670,615 Main St,Pittsburgh,PA,15215
5671,850 Cranberry Woods Dr,Cranberry Township,PA,16066
5672,10501 Perry Highway,Wexford,PA,15090
5673,1424 Pesavento Drive,Bridgeville,PA,15017
5674,535 Baldwin Street,Bridgeville,PA,15017
5675,511 Millers Run Road,Morgan,PA,15064
5676,5121 Butler St,Pittsburgh,PA,15201
5677,3860 Chartiers Ave,Pittsburgh,PA,15204
5678,2151 Babcock Boulevard,Pittsburgh,PA,15209
5679,24 Abele Road,Bridgeville,PA,15017
5680,107 6th Street,Pittsburgh,PA,15222
5681,107 6th Street,Pittsburgh,PA,15222
5682,880 Butler St,Pittsburgh,PA,15223
5683,9805 McKnight Rd,Pittsburgh,PA,15237
5684,420 Chartiers Avenue,Mc Kees Rocks,PA,15136
5685,148 Noblestown Road,Carnegie,PA,15106
5686,222 Renton,Pittsburgh,PA,15239
5687,7805 McKnight Road,Pittsburgh,PA,15237
5688,2107 Lonsdale Street,Pittsburgh,PA,15212
5689,1500 Park Lane Drive,Pittsburgh,PA,15275
5690,574 General Robinson  Street,Pittsburgh,PA,15212
5691,3896 Bigelow Blvd,Pittsburgh,PA,15213
5692,3455 William Penn Highway,Pittsburgh,PA,15235
5693,333 N Braddock Ave,Pittsburgh,PA,15208
5694,100 35th  Street,Pittsburgh,PA,15201
5695,1100 Creedmoor Ave,Pittsburgh,PA,15226
5696,2312 Main Street,Pittsburgh,PA,15215
5697,250 Forbes Avenue,Pittsburgh,PA,15222
5698,2772 Harts Run Road,Allison Park,PA,15101
5699,222 3rd Ave,Carnegie,PA,15106
5700,1602 Carson  Street,Pittsburgh,PA,15203
5701,3448 Wm Penn Highway,Pittsburgh,PA,15235
5702,413 Semple Street,Pittsburgh,PA,15213
5703,2031 Penn Avenue,Pittsburgh,PA,15222
5704,623 Greenfield Ave,Pittsburgh,PA,15207
5705,87 Boat Club Road,Monongahela,PA,15063
5706,500 Pine Hollow Road,Mc Kees Rocks,PA,15136
5707,5041 Library  Road,Bethel Park,PA,15102
5708,2199 Babcock Blvd,Pittsburgh,PA,15209
5709,1907 Donner St,Mc Keesport,PA,15135
5710,110 Wallridge  Drive,Coraopolis,PA,15108
5711,3811 Bakerstown Rd,Gibsonia,PA,15044
5712,403 State St,Clairton,PA,15025
5713,1 Rico Ln,Pittsburgh,PA,15237
5714,1206 Brighton Road,Pittsburgh,PA,15233
5715,1028 Penn Ave,Pittsburgh,PA,15221
5716,215 Main Street,Carnegie,PA,15106
5717,522 Larimer Ave,Pittsburgh,PA,15206
5718,2144 Ardmore Blvd,Pittsburgh,PA,15221
5719,3250 California  Avenue,Pittsburgh,PA,15212
5720,3250 California Avenue,Pittsburgh,PA,15212
5721,3712 5th Ave,Pittsburgh,PA,15213
5722,229 Curry Hollow Rd,Pittsburgh,PA,15236
5723,1985 Lincoln Way,Mc Keesport,PA,15131
5724,1320 Babcock Blvd,Pittsburgh,PA,15209
5725,11833 Frankstown Road,Pittsburgh,PA,15235
5726,1803 Mckees Rocks Road,Mc Kees Rocks,PA,15136
5727,6154 Steubenville Pike,Mc Kees Rocks,PA,15136
5728,5880 Forbes Avenue,Pittsburgh,PA,15217
5729,1000 Sandcastle  Drive,Homestead,PA,15120
5730,5029 Library Road,Bethel Park,PA,15102
5731,2070 Greentree Road,Pittsburgh,PA,15220
5732,427 McNeilly Road,Pittsburgh,PA,15226
5733,3712 5th Ave,Pittsburgh,PA,15213
5734,4401 Penn Ave,Pittsburgh,PA,15201
5735,229 Curry Hollow Rd,Pittsburgh,PA,15236
5736,427 McNeilly Road,Pittsburgh,PA,15226
5737,10376 Perry Hwy,Wexford,PA,15090
5738,1175 Freeport Road,Pittsburgh,PA,15238
5739,5880 Forbes Avenue,Pittsburgh,PA,15217
5740,1700 Pine Hollow Road,Mc Kees Rocks,PA,15136
5741,100 Forbes  Avenue,Pittsburgh,PA,15222
5742,1236 Long Run Road,Mc Keesport,PA,15131
5743,1222 Brownsville Rd,Pittsburgh,PA,15210
5744,3730 Brighton Rd,Pittsburgh,PA,15212
5745,2501 Banksville Rd,Pittsburgh,PA,15216
5746,2336 Ardmore Boulevard,Pittsburgh,PA,15221
5747,519 Penn Avenue,Pittsburgh,PA,15222
5748,410 Cooke Ln,Pittsburgh,PA,15234
5749,7345 Saltsburg Rd,Pittsburgh,PA,15235
5750,155 Chartiers Ave,Mc Kees Rocks,PA,15136
5751,2270 Noblestown Rd,Pittsburgh,PA,15205
5752,10740 Frankstown Rd,Pittsburgh,PA,15235
5753,1700 Murray Ave,Pittsburgh,PA,15217
5754,201 Grace St,Pittsburgh,PA,15211
5755,417 Chartiers Street,Bridgeville,PA,15017
5756,1200 Pittsburgh Street,Cheswick,PA,15024
5757,400 Lincoln Hwy,East Mc Keesport,PA,15035
5758,411 Corbet Street,Tarentum,PA,15084
5759,10554 Perry Hwy,Wexford,PA,15090
5760,4960 Wm Flynn Hwy / Shoppers Pz,Allison Park,PA,15101
5761,1701 Duncan Ave,Allison Park,PA,15101
5762,5235 Library  Road,Bethel Park,PA,15102
5763,2100 Washington Pike,Carnegie,PA,15106
5764,5990 University Blvd / Ste 30,Coraopolis,PA,15108
5765,1710 Mt Royal Blvd,Glenshaw,PA,15116
5766,4927 Homeville Rd,West Mifflin,PA,15122
5767,109 Allegheny River Boulevard,Oakmont,PA,15139
5768,517 Beaver St,Sewickley,PA,15143
5769,4011 Wm Penn Hwy,Monroeville,PA,15146
5770,4534 Broadway Blvd,Monroeville,PA,15146
5771,535 Lincoln Ave,Pittsburgh,PA,15202
5772,1915 E Carson St,Pittsburgh,PA,15203
5773,200 Crafton Ingram Shopping Center,Pittsburgh,PA,15205
5774,5633 Baum Blvd,Pittsburgh,PA,15206
5775,2158 Brownsville Rd,Pittsburgh,PA,15210
5776,623 E Ohio St,Pittsburgh,PA,15212
5777,3700 Forbes Ave,Pittsburgh,PA,15213
5778,1956 Greentree Road,Pittsburgh,PA,15220
5779,331 Penn Ave,Pittsburgh,PA,15221
5780,623 Smithfield Street,Pittsburgh,PA,15222
5781,880 Butler St,Pittsburgh,PA,15223
5782,4411 Howley St,Pittsburgh,PA,15224
5783,3210 Banksville Road,Pittsburgh,PA,15216
5784,513 Perry Hwy,Pittsburgh,PA,15229
5785,&nbsp; Pgh Intl Airport / AC-01,Pittsburgh,PA,15231
5786,2501 Saw Mill Run Blvd,Pittsburgh,PA,15234
5787,3434 Wm Penn Hwy / Penn Ctr,Pittsburgh,PA,15235
5788,6200 Saltsburg Rd,Pittsburgh,PA,15235
5789,402 Clairton Blvd,Pittsburgh,PA,15236
5790,5410 Keeport Dr,Pittsburgh,PA,15236
5791,568 Caste Village,Pittsburgh,PA,15236
5792,1130 Perry Hwy,Pittsburgh,PA,15237
5793,1125 Freeport  Road,Pittsburgh,PA,15238
5794,1804 Golden Mile Hwy / Route  286,Pittsburgh,PA,15239
5795,1121 Bower Hill Rd S/C St28,Pittsburgh,PA,15243
5796,4770 McKnight Rd,Pittsburgh,PA,15237
5797,725 Lysle Blvd,Mc Keesport,PA,15132
5798,412 Broadway St,Coraopolis,PA,15108
5799,6375 Library Rd,Library,PA,15129
5800,210 9th St,Glassport,PA,15045
5801,900 Mt Royal Blvd,Pittsburgh,PA,15223
5802,300 Market St,Elizabeth,PA,15037
5803,5504 Walnut St,Pittsburgh,PA,15232
5804,230 Hays Ave,Pittsburgh,PA,15210
5805,209 Atwood St,Pittsburgh,PA,15213
5806,2300 Jane St,Pittsburgh,PA,15203
5807,3939 Butler St,Pittsburgh,PA,15201
5808,623 St Clair Ave,Clairton,PA,15025
5809,4934 2nd Ave,Pittsburgh,PA,15207
5810,1800-14 Morningside Ave,Pittsburgh,PA,15206
5811,802 Pennsylvania Ave,Pittsburgh,PA,15233
5812,103 Allegheny Road,Imperial,PA,15126
5813,1529 Freeport Road,Natrona Heights,PA,15065
5814,100 William Marks Dr,Homestead,PA,15120
5815,5100 Library  Road,Bethel Park,PA,15102
5816,201 Devine Dr,Wexford,PA,15090
5817,4155 Ewalt Rd,Gibsonia,PA,15044
5818,3700 Walnut St,Mc Keesport,PA,15132
5819,5221 Baum Blvd,Pittsburgh,PA,15224
5820,736 Brookline Blvd,Pittsburgh,PA,15226
5821,242 Sandy Dr,Greenock,PA,15047
5822,1 Allegheny  Avenue,Pittsburgh,PA,15212
5823,1555 Brodhead Rd,Coraopolis,PA,15108
5824,510 Station Sq Dr,Pittsburgh,PA,15219
5825,510 Station Sq Dr,Pittsburgh,PA,15219
5826,510 Station Sq Dr,Pittsburgh,PA,15219
5827,777 Casino Dr,Pittsburgh,PA,15212
5828,777 Casino Dr,Pittsburgh,PA,15212
5829,777 Casino Drive,Pittsburgh,PA,15212
5830,777 Casino Dr,Pittsburgh,PA,15212
5831,777 Casino Dr,Pittsburgh,PA,15212
5832,777 Casino Dr,Pittsburgh,PA,15212
5833,777 Casino Dr,Pittsburgh,PA,15212
5834,777 Casino Dr,Pittsburgh,PA,15212
5835,777 Casino Dr,Pittsburgh,PA,15212
5836,777 Casino Dr,Pittsburgh,PA,15212
5837,777 Casino Dr,Pittsburgh,PA,15212
5838,777 Casino Dr,Pittsburgh,PA,15212
5839,777 Casino Dr,Pittsburgh,PA,15212
5840,777 Casino Dr,Pittsburgh,PA,15212
5841,777 Casino Dr,Pittsburgh,PA,15212
5842,777 Casino Dr,Pittsburgh,PA,15212
5843,777 Casino Dr,Pittsburgh,PA,15212
5844,777 Casino Dr,Pittsburgh,PA,15212
5845,777 Casino Dr,Pittsburgh,PA,15212
5846,777 Casino Dr,Pittsburgh,PA,15212
5847,777 Casino Dr,Pittsburgh,PA,15212
5848,777 Casino Dr,Pittsburgh,PA,15212
5849,777 Casino Dr,Pittsburgh,PA,15212
5850,12 Washington Avenue,Oakmont,PA,15139
5851,500 Jones Street,Verona,PA,15147
5852,337 North Shore  Drive,Pittsburgh,PA,15212
5853,312 Center Rd,Monroeville,PA,15146
5854,655 Sylvan Way,Verona,PA,15147
5855,501 2nd Street,Oakmont,PA,15139
5856,97 Golf Course Dr,Elizabeth,PA,15037
5857,3505 Perrysville Avenue,Pittsburgh,PA,15214
5858,100 Hulton Road,Oakmont,PA,15139
5859,52 Garretta Street,Pittsburgh,PA,15217
5860,3505 Perrysville Avenue,Pittsburgh,PA,15214
5861,1213 Spring Garden Avenue,Pittsburgh,PA,15212
5862,2401 Saw Mill Run  Boulevard,Pittsburgh,PA,15234
5863,3705 Butler Street,Pittsburgh,PA,15201
5864,1000 Ardmore Blvd,Pittsburgh,PA,15221
5865,6001 University  Boulevard,Coraopolis,PA,15108
5866,6001 University Blvd,Coraopolis,PA,15108
5867,6001 University Blvd,Coraopolis,PA,15108
5868,6001 University Blvd,Coraopolis,PA,15108
5869,7600 Grand Ave,Pittsburgh,PA,15225
5870,6001 University Blvd,Coraopolis,PA,15108
5871,6001 University Boulevard,Coraopolis,PA,15108
5872,1711 Penn Avenue,Pittsburgh,PA,15222
5873,6513 Steubenville Pike,Pittsburgh,PA,15205
5874,2275 McKees Rocks Road,Mc Kees Rocks,PA,15136
5875,3184 McClure  Street,Pittsburgh,PA,15212
5876,7900 McKnight Rd,Pittsburgh,PA,15237
5877,7105 Harrison St,Pittsburgh,PA,15218
5878,524 Penn Avenue,Pittsburgh,PA,15222
5879,171 E Bridge  Street,Homestead,PA,15120
5880,1054 Herron Ave,Pittsburgh,PA,15219
5881,800 Rock Run Rd,Elizabeth,PA,15037
5882,1833 McKees Rocks Rd,Mc Kees Rocks,PA,15136
5883,306 McHolme  Drive,Pittsburgh,PA,15275
5884,255 Bridge Street,Homestead,PA,15120
5885,700 Frederick  Street,Mc Kees Rocks,PA,15136
5886,506 Chartiers  Avenue,Mc Kees Rocks,PA,15136
5887,801 Broadway Avenue,Mc Kees Rocks,PA,15136
5888,600 Forbes Avenue,Pittsburgh,PA,15282
5889,201 2nd St,Elizabeth,PA,15037
5890,1201 Washington Avenue Extension,Carnegie,PA,15106
5891,4759 Liberty Ave,Pittsburgh,PA,15224
5892,602 Willruth Dr,Allison Park,PA,15101
5893,4905 5th Ave,Pittsburgh,PA,15213
5894,604 Tulip Road,Pittsburgh,PA,15235
5895,6111 Rodman  Street,Pittsburgh,PA,15206
5896,1531 Lincoln Way,Mc Keesport,PA,15131
5897,825 Commonwealth  Avenue,West Mifflin,PA,15122
5898,1904 Penn Avenue,Pittsburgh,PA,15222
5899,600 Washington Rd,Pittsburgh,PA,15228
5900,1185 Galaxy Circle,Pittsburgh,PA,15241
5901,608 Farragut Street,Pittsburgh,PA,15209
5902,928 Route 910,Indianola,PA,15051
5903,2104 Ardmore Boulevard,Pittsburgh,PA,15221
5904,1661 Sutter Road,Glenshaw,PA,15116
5905,1011 Russellton Road,Cheswick,PA,15024
5906,3000 Shadeland  Avenue,Pittsburgh,PA,15212
5907,1535 Lowrie  Street,Pittsburgh,PA,15212
5908,5231 Penn Avenue,Pittsburgh,PA,15224
5909,3619 Brownsville Rd,Pittsburgh,PA,15227
5910,5021 Thoms Run Road,Oakdale,PA,15071
5911,4769 Route  910,Allison Park,PA,15101
5912,5874   1/2 Forbes Avenue,Pittsburgh,PA,15217
5913,414 Craig Street,Pittsburgh,PA,15213
5914,1258 Hoffman Boulevard,West Mifflin,PA,15122
5915,4040 Monroeville Blvd,Monroeville,PA,15146
5916,5900 Rockcliff Road,Verona,PA,15147
5917,7217 Frankstown Ave,Pittsburgh,PA,15208
5918,7219 McKnight Road,Pittsburgh,PA,15237
5919,500 Settlers Ridge Center Drive,Pittsburgh,PA,15205
5920,90 Houston Road,Pittsburgh,PA,15237
5921,1000 Ross Municipal Dr,Pittsburgh,PA,15237
5922,64 Forest Grove Road,Coraopolis,PA,15108
5923,120 5th Avenue  Place,Pittsburgh,PA,15222
5924,2056 Saxonburg Boulevard,Gibsonia,PA,15044
5925,4901 Butler Street,Pittsburgh,PA,15201
5926,4115 Butler Street,Pittsburgh,PA,15201
5927,3900 Saw Mill Run  Boulevard,Pittsburgh,PA,15227
5928,342 Olivia St,Mc Kees Rocks,PA,15136
5929,116 Highland Avenue,Pittsburgh,PA,15206
5930,423 Fox Chapel  Road,Pittsburgh,PA,15238
5931,600 Weyman Rd,Pittsburgh,PA,15236
5932,644 Center Avenue,Pittsburgh,PA,15229
5933,4413 Mt Royal Blvd,Allison Park,PA,15101
5934,2660 Library Rd,Pittsburgh,PA,15234
5935,2405 Golden Mile Highway,Pittsburgh,PA,15239
5936,107 Island Ave,Mc Kees Rocks,PA,15136
5937,270 Yost Boulevard,Pittsburgh,PA,15221
5938,1794 Golden Mile Hwy,Monroeville,PA,15146
5939,3942 Wm Penn Hwy,Monroeville,PA,15146
5940,1920 Monongahela Ave,Pittsburgh,PA,15218
5941,40 S 22nd St,Pittsburgh,PA,15203
5942,65 Station St,Pittsburgh,PA,15205
5943,3385 Babcock  Boulevard,Pittsburgh,PA,15237
5944,1216 Woods Run  Avenue,Pittsburgh,PA,15212
5945,1155 Washington Pike,Bridgeville,PA,15017
5946,325 Camp Horne Road,Pittsburgh,PA,15202
5947,623 Butler Street,Pittsburgh,PA,15223
5948,153 18th Street,Pittsburgh,PA,15203
5949,370 Rochester Rd,Pittsburgh,PA,15237
5950,6 PPG Place,Pittsburgh,PA,15222
5951,3400 Suite 4 South Park  Road,Bethel Park,PA,15102
5952,607 Braddock Avenue,Pittsburgh,PA,15221
5953,1418 Parkway View Drive,Pittsburgh,PA,15205
5954,2204 Penn Avenue,Pittsburgh,PA,15222
5955,4915 2nd  Ave,Pittsburgh,PA,15207
5956,2025 E Carson St,Pittsburgh,PA,15203
5957,922 Main Street,Pittsburgh,PA,15215
5958,4034 Clairton Blvd,Pittsburgh,PA,15227
5959,5850 Meridian Rd,Gibsonia,PA,15044
5960,2312 Main St,Pittsburgh,PA,15215
5961,1230 S McCully Dr,Pittsburgh,PA,15235
5962,4801 Grand Avenue,Pittsburgh,PA,15225
5963,100 Pennant Drive,Pittsburgh,PA,15239
5964,400 Commonwealth Dr,Warrendale,PA,15086
5965,3039 Freeport Road,Natrona Heights,PA,15065
5966,170 Industry Drive,Pittsburgh,PA,15275
5967,9411 University Blvd,Coraopolis,PA,15108
5968,4115 Butler Street,Pittsburgh,PA,15201
5969,600 Brookline Boulevard,Pittsburgh,PA,15226
5970,3281 Wexford Road,Gibsonia,PA,15044
5971,720 Blackburn Rd,Sewickley,PA,15143
5972,7060 Highland Dr,Pittsburgh,PA,15206
5973,1925 Carson Street,Pittsburgh,PA,15203
5974,154 Orchard Ave,Pittsburgh,PA,15202
5975,325 Emerson St,Pittsburgh,PA,15206
5976,704 W Grant St,Duquesne,PA,15110
5977,1518 Mifflin Street,Homestead,PA,15120
5978,429 Walnut St,Sewickley,PA,15143
5979,301 South Hills Village,Pittsburgh,PA,15241
5980,1040 Settlers Ridge Center Drive,Pittsburgh,PA,15205
5981,710 Mall Circle Drive,Monroeville,PA,15146
5982,1205 Carson Street,Pittsburgh,PA,15203
5983,215 7th St,Braddock,PA,15104
5984,3616 Mt Troy Rd,Pittsburgh,PA,15212
5985,2690 Waddington  Avenue,Pittsburgh,PA,15226
5986,321 Edmond Street,Pittsburgh,PA,15224
5987,411 Greenfield Ave,Pittsburgh,PA,15207
5988,1243 N Franklin,Pittsburgh,PA,15233
5989,2773 Sidney Street,Pittsburgh,PA,15203
5990,5882 Forbes Ave,Pittsburgh,PA,15217
5991,1322 Carson Street,Pittsburgh,PA,15203
5992,4901 2nd Ave,Pittsburgh,PA,15207
5993,2923 Penn  Avenue,Pittsburgh,PA,15201
5994,2923 Penn Avenue,Pittsburgh,PA,15201
5995,2911 Penn Avenue,Pittsburgh,PA,15201
5996,1806 Pennsylvania  Avenue,West Mifflin,PA,15122
5997,4705 Centre Avenue,Pittsburgh,PA,15213
5998,133 6th Street,Pittsburgh,PA,15222
5999,3509 Smallman Street,Pittsburgh,PA,15201
6000,437 Grant  Street,Pittsburgh,PA,15219
