1001,295 Northgate  Drive,Warrendale,PA,15086
1002,9600 Perry Hwy,Pittsburgh,PA,15237
1003,493 Lowrie&#39;s Run Road,Pittsburgh,PA,15237
1004,4937 Wm Flynn Hwy,Gibsonia,PA,15044
1005,4940 Library  Road,Bethel Park,PA,15102
1006,5901 Bryant Street,Pittsburgh,PA,15206
1007,312-14 Ringold St,Mc Keesport,PA,15132
1008,3109 Washington Pike,Bridgeville,PA,15017
1009,611 Millers Run Road,Cuddy,PA,15031
1010,2218 Murray Ave,Pittsburgh,PA,15217
1011,210 W Station Sq Dr,Pittsburgh,PA,15219
1012,6600 Robinson Center Drive,Pittsburgh,PA,15205
1013,225 Station Sq Dr,Pittsburgh,PA,15219
1014,1128 Brownsville Rd,Pittsburgh,PA,15210
1015,922 Walnut St,Mc Keesport,PA,15132
1016,3333 Fire Station Rd,Buena Vista,PA,15018
1017,9996 Mountain View Drive,West Mifflin,PA,15122
1018,500 Grandview Crossing  Drive,Gibsonia,PA,15044
1019,3469 Wm Penn  Highway,Pittsburgh,PA,15235
1020,480 Home Drive,Pittsburgh,PA,15275
1021,5980 University Boulevard,Coraopolis,PA,15108
1022,1014 5th  Avenue,Pittsburgh,PA,15219
1023,449 W 8th Ave,Homestead,PA,15120
1024,100 Commons  Street,Pittsburgh,PA,15212
1025,100 Commons Street,Pittsburgh,PA,15212
1026,1818 Morningside Avenue,Pittsburgh,PA,15206
1027,6 Smithfield  Street,Pittsburgh,PA,15222
1028,20 Stanwix St,Pittsburgh,PA,15222
1029,1500 Burchfield Rd,Allison Park,PA,15101
1030,932 Freeport Road,Pittsburgh,PA,15238
1031,299 Bridge Street,Homestead,PA,15120
1032,300 McHolme Drive,Pittsburgh,PA,15275
1033,700 Providence  Boulevard,Pittsburgh,PA,15237
1034,342 North Shore  Drive,Pittsburgh,PA,15212
1035,4860 McKnight  Road,Pittsburgh,PA,15237
1036,920 Ohio River Blvd,Pittsburgh,PA,15202
1037,4490 Broadway  Boulevard,Monroeville,PA,15146
1038,5940 University Blvd,Coraopolis,PA,15108
1039,415 Home Drive,Pittsburgh,PA,15275
1040,121 Walmart Drive,North Versailles,PA,15137
1041,5240 Library Road,Bethel Park,PA,15102
1042,1901 Golden Mile Hwy / Route  286,Pittsburgh,PA,15239
1043,2799 Freeport Road,Pittsburgh,PA,15238
1044,10955 Perry  Highway,Wexford,PA,15090
1045,1901 Lincoln  Highway,North Versailles,PA,15137
1046,2900 Brownsville Rd,Pittsburgh,PA,15210
1047,1820 Carson Street,Pittsburgh,PA,15203
1048,3220 Library  Road,Pittsburgh,PA,15234
1049,4885 Wm Flynn Hwy,Allison Park,PA,15101
1050,909 Butler Street,Pittsburgh,PA,15223
1051,1002 Emeryville Drive,Mars,PA,16046
1052,105 Ohio River  Boulevard,Sewickley,PA,15143
1053,6044 Wm Flynn Highway,Bakerstown,PA,15007
1054,1709 Railroad  Street,Carnegie,PA,15106
1055,1709 Railroad  Street,Carnegie,PA,15106
1056,533 Washington  Avenue,Bridgeville,PA,15017
1057,517 N Homewood  Avenue,Pittsburgh,PA,15208
1058,2650 Lincoln  Way,Mc Keesport,PA,15131
1059,4713 Plummer Street,Pittsburgh,PA,15201
1060,2001 Lincoln Way,Mc Keesport,PA,15131
1061,2940 Library Road,Pittsburgh,PA,15234
1062,88 Steuben Street,Pittsburgh,PA,15204
1063,5143 Butler Street,Pittsburgh,PA,15201
1064,2703 Grover St,Mc Keesport,PA,15132
1065,101 6th Street,Pittsburgh,PA,15222
1066,222 3rd Avenue,Carnegie,PA,15106
1067,2 PPG Place,Pittsburgh,PA,15222
1068,143 Wyndfield  Drive,Mount Pleasant,PA,15666
1069,419 Lincoln  Highway,North Versailles,PA,15137
1070,4400 3rd  St,Mc Keesport,PA,15132
1071,111 9th Street,Pittsburgh,PA,15222
1072,7300 Ridgeview Ave,Pittsburgh,PA,15235
1073,2218 Main St,Pittsburgh,PA,15215
1074,698 Washington Rd,Pittsburgh,PA,15228
1075,808 Ridge Avenue,Pittsburgh,PA,15212
1076,595 Beatty  Road,Monroeville,PA,15146
1077,595 Beatty Rd,Monroeville,PA,15146
1078,595 Beatty  Road,Monroeville,PA,15146
1079,8701 Perry Hwy,Pittsburgh,PA,15237
1080,808 Ridge Avenue,Pittsburgh,PA,15212
1081,8701 Perry Hwy,Pittsburgh,PA,15237
1082,8701 Perry Hwy,Pittsburgh,PA,15237
1083,700 West Ridge Road,Allison Park,PA,15101
1084,1750 Clairton Road,West Mifflin,PA,15122
1085,1750 Clairton Rd,West Mifflin,PA,15122
1086,1000 McKee Road,Oakdale,PA,15071
1087,1000 McKee  Road,Oakdale,PA,15071
1088,1603 Broadway Avenue,Pittsburgh,PA,15216
1089,1909 Painters Run Road,Pittsburgh,PA,15241
1090,300 Ewing Rd,Pittsburgh,PA,15205
1091,2895 Custer Ave,Pittsburgh,PA,15227
1092,330 9th  Street,Pittsburgh,PA,15203
1093,5000 Forbes  Avenue,Pittsburgh,PA,15213
1094,5032 Forbes Avenue,Pittsburgh,PA,15213
1095,5000 Forbes  Avenue,Pittsburgh,PA,15213
1096,5000 Forbes,Pittsburgh,PA,15213
1097,5000 Forbes Avenue,Pittsburgh,PA,15213
1098,5000 Forbes Ave,Pittsburgh,PA,15213
1099,4902 Forbes  Ave / Gates Ctr / 3rd Fl,Pittsburgh,PA,15213
1100,5000 Forbes Ave,Pittsburgh,PA,15213
1101,5000 Forbes  Avenue,Pittsburgh,PA,15213
1102,5000 Forbes  Avenue,Pittsburgh,PA,15213
1103,5000 Forbes  Avenue,Pittsburgh,PA,15213
1104,5000 Forbes  Avenue,Pittsburgh,PA,15213
1105,5000 Forbes  Avenue,Pittsburgh,PA,15213
1106,5000 Forbes Avenue,Pittsburgh,PA,15213
1107,346 Hamerschlag  Drive,Pittsburgh,PA,15213
1108,5000 Forbes Avenue,Pittsburgh,PA,15213
1109,5000 Forbes Ave,Pittsburgh,PA,15213
1110,5000 Forbes  Avenue,Pittsburgh,PA,15213
1111,5000 Forbes Avenue,Pittsburgh,PA,15213
1112,5000 Forbes Ave,Pittsburgh,PA,15217
1113,5000 Forbes Avenue,Pittsburgh,PA,15213
1114,4804 Forbes Avenue,Pittsburgh,PA,15213
1115,&nbsp; Pgh Intl Airport / NW-08,Pittsburgh,PA,15231
1116,&nbsp; Pgh Intl Airport / SE-03,Pittsburgh,PA,15231
1117,&nbsp; Pgh Intl Airport  / NW-06,Pittsburgh,PA,15231
1118,101 Mile Lock  Lane,Brackenridge,PA,15014
1119,4849 Wm  Flynn Highway,Allison Park,PA,15101
1120,1775 Golden Mile Highway,Monroeville,PA,15146
1121,611 Duncan Avenue,Pittsburgh,PA,15237
1122,5242 Clairton Blvd,Pittsburgh,PA,15236
1123,3440 Forbes Ave,Pittsburgh,PA,15213
1124,5190 Library  Road,Bethel Park,PA,15102
1125,11240 Perry Hwy,Wexford,PA,15090
1126,5703 Steubenville Pike,Mc Kees Rocks,PA,15136
1127,510 Brookline Blvd,Pittsburgh,PA,15226
1128,401 Chestnut Street,Carnegie,PA,15106
1129,70 W Steuben St,Pittsburgh,PA,15205
1130,311 5th Ave,Mc Keesport,PA,15132
1131,242 5th Avenue,Pittsburgh,PA,15222
1132,1801 Washington Rd,Pittsburgh,PA,15241
1133,10600 Frankstown Rd,Pittsburgh,PA,15235
1134,6100 Penn Ave,Pittsburgh,PA,15206
1135,7404 Church St,Pittsburgh,PA,15218
1136,355 Lincoln Ave,Pittsburgh,PA,15202
1137,610 Wood Street,Pittsburgh,PA,15222
1138,520 Penn Ave,Pittsburgh,PA,15221
1139,3075 Liberty Avenue,Pittsburgh,PA,15216
1140,5600 Wilkins Ave,Pittsburgh,PA,15217
1141,4610 Centre Avenue,Pittsburgh,PA,15213
1142,328 Cochran Rd,Pittsburgh,PA,15228
1143,429 Smithfield Street,Pittsburgh,PA,15222
1144,1721 Union Avenue,Natrona Heights,PA,15065
1145,226 6th Street,Pittsburgh,PA,15222
1146,3893 Wm Penn  Highway,Monroeville,PA,15146
1147,237 Monroeville Ave,Turtle Creek,PA,15145
1148,620 Epsilon Drive,Pittsburgh,PA,15238
1149,105 Mall Boulevard,Monroeville,PA,15146
1150,1003 California Ave,Natrona Heights,PA,15065
1151,100 Village Club Drive,Wexford,PA,15090
1152,1060 Settlers Ridge Center Drive,Pittsburgh,PA,15205
1153,701 Penn Ave,Turtle Creek,PA,15145
1154,764 Penn  Avenue,Pittsburgh,PA,15221
1155,1711 Shady  Avenue,Pittsburgh,PA,15217
1156,1000 Bower Hill Rd,Pittsburgh,PA,15243
1157,4350 Northern Pike,Monroeville,PA,15146
1158,7061 Steubenville Pike,Oakdale,PA,15071
1159,402 Bigham St,Pittsburgh,PA,15211
1160,802 Brookline Boulevard,Pittsburgh,PA,15226
1161,205 Mary Street,Carnegie,PA,15106
1162,1300 Oxford Drive,Bethel Park,PA,15102
1163,1107 E Carson St,Pittsburgh,PA,15203
1164,818 5th Avenue,Pittsburgh,PA,15219
1165,300  A Beverly Rd,Pittsburgh,PA,15216
1166,134 6th Street,Pittsburgh,PA,15222
1167,732 Filbert Street,Pittsburgh,PA,15232
1168,212 Shiloh St,Pittsburgh,PA,15211
1169,8070 Ohio River Blvd,Pittsburgh,PA,15202
1170,1 Schenley  Drive,Pittsburgh,PA,15213
1171,1 Woodland Rd,Pittsburgh,PA,15232
1172,2009 Penn Avenue,Pittsburgh,PA,15222
1173,238 Spahr St,Pittsburgh,PA,15232
1174,200 Loews Drive,North Versailles,PA,15137
1175,300 Heinz St,Pittsburgh,PA,15212
1176,&nbsp; Point State Park/ Commonwealth  Place,Pittsburgh,PA,15222
1177,914 Main St,Pittsburgh,PA,15215
1178,2700 Shadeland Avenue,Pittsburgh,PA,15212
1179,2599 Wexford Bayne Road,Sewickley,PA,15143
1180,441 Division St,Sewickley,PA,15143
1181,5400 Butler  Street,Pittsburgh,PA,15201
1182,4200 Penn Avenue,Pittsburgh,PA,15224
1183,5242 Baum Blvd,Pittsburgh,PA,15224
1184,3239 W Liberty  Avenue,Pittsburgh,PA,15216
1185,301 South Hills Village,Pittsburgh,PA,15241
1186,405 Lincoln Avenue,Pittsburgh,PA,15202
1187,267 Fieldcrest Lane,Natrona Heights,PA,15065
1188,617 Eden Park Blvd,Mc Keesport,PA,15132
1189,500 Grandview Crossing  Drive,Gibsonia,PA,15044
1190,3107 Library  Road,Pittsburgh,PA,15234
1191,3000 GSK Drive,Coraopolis,PA,15108
1192,&nbsp; One Life Way,Pittsburgh,PA,15205
1193,329 Castle Shannon  Boulevard,Pittsburgh,PA,15228
1194,4624 Liberty  Avenue,Pittsburgh,PA,15224
1195,4706 William Flynn Highway,Allison Park,PA,15101
1196,3901 California Avenue,Pittsburgh,PA,15212
1197,1000 Ross Park Mall Drive,Pittsburgh,PA,15237
1198,2629 Wylie Ave,Pittsburgh,PA,15219
1199,315 Shady Ave,Pittsburgh,PA,15206
1200,538 Hickory Grade Road,Bridgeville,PA,15017
1201,125 Shaw Avenue,Turtle Creek,PA,15145
1202,971 Beech Avenue,Pittsburgh,PA,15233
1203,1701 E Carson St,Pittsburgh,PA,15203
1204,1320 Centre Ave,Pittsburgh,PA,15219
1205,1320 Centre Avenue,Pittsburgh,PA,15219
1206,109 Eisele Road,Cheswick,PA,15024
1207,300 23rd Street Extension,Pittsburgh,PA,15215
1208,300 23rd Street  Extension,Pittsburgh,PA,15215
1209,3610 5th Ave,Pittsburgh,PA,15213
1210,400 Semple St,Pittsburgh,PA,15213
1211,801 Bluff Street,Pittsburgh,PA,15282
1212,711 Forbes  Avenue,Pittsburgh,PA,15282
1213,320 North Avenue,Pittsburgh,PA,15212
1214,1519 Coal Street,Pittsburgh,PA,15221
1215,310 Fisk St,Pittsburgh,PA,15201
1216,609 W Main St,Carnegie,PA,15106
1217,301 5th Avenue,Pittsburgh,PA,15222
1218,211 Loews Drive,North Versailles,PA,15137
1219,1000 Ross Park Mall Drive,Pittsburgh,PA,15237
1220,5431 Walnut St,Pittsburgh,PA,15232
1221,2103 Freeport Road,Natrona Heights,PA,15065
1222,6001 Penn Ave,Pittsburgh,PA,15206
1223,250 Mt Lebanon  Boulevard,Pittsburgh,PA,15234
1224,261 Moon Clinton Road,Coraopolis,PA,15108
1225,4019 Wm Penn  Highway,Monroeville,PA,15146
1226,6022 Saltsburg Road,Verona,PA,15147
1227,1560 Ashlawn Dr,Pittsburgh,PA,15241
1228,337 5th Avenue,Braddock,PA,15104
1229,3386 Wm Penn Hwy,Pittsburgh,PA,15235
1230,109 California Avenue,Pittsburgh,PA,15202
1231,3333 5th  Ave,Pittsburgh,PA,15213
1232,3333 5th Ave,Pittsburgh,PA,15213
1233,3333 5th Ave,Pittsburgh,PA,15213
1234,3333 5th  Avenue,Pittsburgh,PA,15213
1235,361 42nd St,Pittsburgh,PA,15201
1236,435 Kings Hwy,Carnegie,PA,15106
1237,&nbsp; Franklin Ave,Carnegie,PA,15106
1238,1550 Breining  Street,Pittsburgh,PA,15226
1239,1908 Carson Street,Pittsburgh,PA,15203
1240,917 Western Avenue,Pittsburgh,PA,15233
1241,301 South Hills Village,Pittsburgh,PA,15241
1242,629 Clairton Blvd,Pittsburgh,PA,15236
1243,4905 Grand Avenue,Pittsburgh,PA,15225
1244,132 Main Street,Carnegie,PA,15106
1245,301 Franklin Ave,Carnegie,PA,15106
1246,4400 Forbes  Avenue,Pittsburgh,PA,15213
1247,4400 Forbes  Avenue,Pittsburgh,PA,15213
1248,419 Washington Ave,Carnegie,PA,15106
1249,1826 Brownsville Road,Pittsburgh,PA,15210
1250,215 Allegheny Avenue,Oakmont,PA,15139
1251,2 George St,Mc Kees Rocks,PA,15136
1252,551 Thorn Run Road,Coraopolis,PA,15108
1253,11618 Penn Hills Drive,Pittsburgh,PA,15235
1254,840 Monongahela Ave,Glassport,PA,15045
1255,125 Station Square Drive,Pittsburgh,PA,15219
1256,652 Ridge Road,Pittsburgh,PA,15205
1257,5604 Solway St,Pittsburgh,PA,15217
1258,1601 Lovedale  Road,Elizabeth,PA,15037
1259,1603 Lovedale  Road,Elizabeth,PA,15037
1260,2538 Brownsville Rd,Pittsburgh,PA,15210
1261,125 Parkfield St,Pittsburgh,PA,15203
1262,210 Copperfield Street,Pittsburgh,PA,15210
1263,5633 Homeville Rd,West Mifflin,PA,15122
1264,1401 Carson Street,Pittsburgh,PA,15203
1265,200 Hillvue Ln,Pittsburgh,PA,15237
1266,1604 E Carson St,Pittsburgh,PA,15203
1267,1507 Carson Street,Pittsburgh,PA,15203
1268,2350 Noblestown   Road,Pittsburgh,PA,15205
1269,1901 Lincoln Hwy,North Versailles,PA,15137
1270,1901 Lincoln Highway,North Versailles,PA,15137
1271,1901 Lincoln Highway,North Versailles,PA,15137
1272,222 1st St,Pittsburgh,PA,15215
1273,2930 South Park Road,Bethel Park,PA,15102
1274,2031 Penn Avenue,Pittsburgh,PA,15222
1275,229 Highland  Avenue,Pittsburgh,PA,15206
1276,1811 E Carson  Street,Pittsburgh,PA,15203
1277,3008 Wm Flynn Hwy,Allison Park,PA,15101
1278,922 Penn Ave,Turtle Creek,PA,15145
1279,1021 Perry Hwy,Pittsburgh,PA,15237
1280,7920 Saltsburg Road,Pittsburgh,PA,15239
1281,325 Hays Avenue,Pittsburgh,PA,15210
1282,349 Cedarville St,Pittsburgh,PA,15224
1283,331 Mt Lebanon  Boulevard,Pittsburgh,PA,15234
1284,3600 Library  Road,Pittsburgh,PA,15234
1285,6347 Library Road,Library,PA,15129
1286,7300 Ridgeview Ave,Pittsburgh,PA,15235
1287,5132 Interboro Ave,Pittsburgh,PA,15207
1288,116 Highland Avenue,Pittsburgh,PA,15206
1289,106 Ashford Court,Pittsburgh,PA,15237
1290,146 44th St,Pittsburgh,PA,15201
1291,1916 Smallman Street,Pittsburgh,PA,15222
1292,202 Brownsville Road,Pittsburgh,PA,15210
1293,428 Washington Ave,Carnegie,PA,15106
1294,8110 Steubenville Pike,Imperial,PA,15126
1295,193 Chartiers Ave,Pittsburgh,PA,15205
1296,663 Napor Boulevard,Pittsburgh,PA,15205
1297,397 Washington Avenue,Bridgeville,PA,15017
1298,11530 Perry Highway,Wexford,PA,15090
1299,332 Center Ave,Pittsburgh,PA,15229
1300,200 Center New Texas Rd,Pittsburgh,PA,15239
1301,4061 Perrysville Ave,Pittsburgh,PA,15214
1302,7934 Saltsburg Rd,Pittsburgh,PA,15239
1303,410 9th St,Mc Keesport,PA,15132
1304,#5 Allegheny Square,Pittsburgh,PA,15212
1305,2200 Wylie  Avenue,Pittsburgh,PA,15219
1306,4720 5th  Avenue,Pittsburgh,PA,15213
1307,6408 Steubenville Pike,Pittsburgh,PA,15205
1308,4100 Middle Rd,Allison Park,PA,15101
1309,401 Rock Run Rd,Elizabeth,PA,15037
1310,305 Allegheny  Street,Tarentum,PA,15084
1311,425 Scenery Drive,Elizabeth,PA,15037
1312,2001 Mountain View Drive,Pittsburgh,PA,15222
1313,3053 Brighton Road,Pittsburgh,PA,15212
1314,200 Virginia Ave,Pittsburgh,PA,15211
1315,1701 McFarland Road,Pittsburgh,PA,15216
1316,&nbsp; Pgh Intl Airport / AC-2A,Pittsburgh,PA,15231
1317,&nbsp; 5th Ave &amp; Bigelow Blvd,Pittsburgh,PA,15213
1318,100 West View Ave,Pittsburgh,PA,15229
1319,100 West View Ave,Pittsburgh,PA,15229
1320,200 10th Street,Pittsburgh,PA,15215
1321,200 10th Street,Pittsburgh,PA,15215
1322,200 10th Street,Pittsburgh,PA,15215
1323,540 Rodi Road,Pittsburgh,PA,15235
1324,2013 Wharton St,Pittsburgh,PA,15203
1325,37 Walsh  Road,Pittsburgh,PA,15205
1326,88 Wenzell  Place,Pittsburgh,PA,15216
1327,1009 West View Park Dr,Pittsburgh,PA,15229
1328,204 Carriage  Boulevard,Pittsburgh,PA,15239
1329,2622 Brownsville Road,Pittsburgh,PA,15227
1330,350 Butler Street,Pittsburgh,PA,15223
1331,100-300 JHF  Drive,Pittsburgh,PA,15217
1332,2601 Norwood  Avenue,Pittsburgh,PA,15214
1333,200 Monroeville Mall,Monroeville,PA,15146
1334,447 Pittsburgh Mills Circle,Tarentum,PA,15084
1335,1000 Ross Park Mall  Drive,Pittsburgh,PA,15237
1336,100 Robinson Center Drive,Pittsburgh,PA,15205
1337,&nbsp; Pgh Intl Airport / AC-02C,Pittsburgh,PA,15231
1338,120 5th Avenue,Pittsburgh,PA,15222
1339,3075 Clairton Blvd / Century III Mall / Rm 736,West Mifflin,PA,15123
1340,1005 E Carson St,Pittsburgh,PA,15203
1341,4376 Old Wm Penn Highway,Monroeville,PA,15146
1342,500 Locust  Street,Mc Keesport,PA,15132
1343,601 Baldwin Road,Pittsburgh,PA,15205
1344,601 Baldwin Road,Pittsburgh,PA,15205
1345,601 Baldwin Road,Pittsburgh,PA,15205
1346,50 Thoms Run Road,Bridgeville,PA,15017
1347,50 Thoms Run  Road,Bridgeville,PA,15017
1348,50 Thoms Run Road,Bridgeville,PA,15017
1349,2030 Swallow Hill Road,Pittsburgh,PA,15220
1350,50 Thoms Run Road,Bridgeville,PA,15017
1351,125 Thoms Run Road,Bridgeville,PA,15017
1352,370 Logan St,Carnegie,PA,15106
1353,1501 Preble Avenue,Pittsburgh,PA,15233
1354,213 North Avenue,Pittsburgh,PA,15209
1355,6585 Penn Ave,Pittsburgh,PA,15206
1356,&nbsp; Woodland Rd,Pittsburgh,PA,15217
1357,&nbsp; Woodland Rd,Pittsburgh,PA,15232
1358,10143 Frankstown Rd,Pittsburgh,PA,15235
1359,2032 Murray Ave,Pittsburgh,PA,15217
1360,5102 Baum  Boulevard,Pittsburgh,PA,15224
1361,3100 Liberty Ave,Pittsburgh,PA,15201
1362,7082 Lemington  Avenue,Pittsburgh,PA,15206
1363,7211 Saltsburg Rd,Pittsburgh,PA,15235
1364,515 Allegheny Avenue,Oakmont,PA,15139
1365,5013 Butler St,Pittsburgh,PA,15201
1366,5840 Forward Avenue,Pittsburgh,PA,15217
1367,212 Forbes Ave,Pittsburgh,PA,15222
1368,3202 Willett Rd,Pittsburgh,PA,15227
1369,1530 Hamilton  Road,Pittsburgh,PA,15234
1370,1530 Hamilton Road,Pittsburgh,PA,15234
1371,1407 Pittsburgh Street,Cheswick,PA,15024
1372,1226 Pittsburgh  Street,Cheswick,PA,15024
1373,231 Center Avenue,Pittsburgh,PA,15202
1374,879 Forest Ave,Homestead,PA,15120
1375,117 Oakland Avenue,Pittsburgh,PA,15213
1376,121 Costco Drive,Pittsburgh,PA,15205
1377,&nbsp; Pgh Int&#39;l Airport / AC-20A/B,Pittsburgh,PA,15231
1378,1000 Ross Park Mall Dr,Pittsburgh,PA,15237
1379,480 E Waterfront Dr,Homestead,PA,15120
1380,461 Clairton Blvd,Pittsburgh,PA,15236
1381,100 Robinson Center Drive,Pittsburgh,PA,15205
1382,1620 Washington Rd,Pittsburgh,PA,15241
1383,4040 Wm Penn Hwy / Miracle Mile,Monroeville,PA,15146
1384,155 21st Street,Pittsburgh,PA,15222
1385,307 N Craig St,Pittsburgh,PA,15213
1386,3883 East St,Pittsburgh,PA,15214
1387,3009 Gilmore Ave,Pittsburgh,PA,15235
1388,4401 Penn Ave / 1St Fl - Main,Pittsburgh,PA,15224
1389,4401 Penn Avenue,Pittsburgh,PA,15201
1390,4401 Penn Avenue,Pittsburgh,PA,15201
1391,4401 Penn Avenue,Pittsburgh,PA,15201
1392,6301 Northumberland St,Pittsburgh,PA,15217
1393,327 Craft St,Pittsburgh,PA,15213
1394,4401 Penn Avenue,Pittsburgh,PA,15201
1395,2020 Pittsburgh Mills Boulevard,Tarentum,PA,15084
1396,855 Freeport Rd,Pittsburgh,PA,15238
1397,7404 McKnight  Road,Pittsburgh,PA,15237
1398,2207 Mountain View  Drive,West Mifflin,PA,15122
1399,1071 Mountain View  Drive,West Mifflin,PA,15122
1400,637 Brown Avenue,Turtle Creek,PA,15145
1401,5239 Brownsville Road,Pittsburgh,PA,15236
1402,400 Swiss Way,Elizabeth,PA,15037
1403,333 Allegheny Avenue,Oakmont,PA,15139
1404,4506 Liberty Ave,Pittsburgh,PA,15224
1405,2001 Lincoln  Way,Mc Keesport,PA,15131
1406,1421 Freeport Road,Natrona Heights,PA,15065
1407,50 Market Place Drive,Oakdale,PA,15071
1408,5513 Wm Flynn Hwy Suite # 600,Gibsonia,PA,15044
1409,7400 Church St,Pittsburgh,PA,15218
1410,4313 Walnut St,Mc Keesport,PA,15132
1411,200 Monroeville Mall,Monroeville,PA,15146
1412,5500 Butler Street,Pittsburgh,PA,15201
1413,301 South Hills Village - FC2,Pittsburgh,PA,15241
1414,100 Robinson Center Drive,Pittsburgh,PA,15205
1415,1000 Ross Park Mall  Drive,Pittsburgh,PA,15237
1416,10441 Perry  Highway,Wexford,PA,15090
1417,5440 Walnut St,Pittsburgh,PA,15232
1418,4059 Wm Penn Hwy,Monroeville,PA,15146
1419,409 Broad St,Sewickley,PA,15143
1420,532 Monongahela Ave,Glassport,PA,15045
1421,909 5th Ave,Coraopolis,PA,15108
1422,610 Lincoln Avenue,Pittsburgh,PA,15202
1423,4219 Murray Avenue,Pittsburgh,PA,15217
1424,3200 McIntyre Square Dr,Pittsburgh,PA,15237
1425,630 E Ohio St,Pittsburgh,PA,15212
1426,1202 5th Ave,Pittsburgh,PA,15219
1427,4060 Brownsville Road,Pittsburgh,PA,15227
1428,807 1/2 Broadway Ave,Mc Kees Rocks,PA,15136
1429,520 3rd  Ave,Pittsburgh,PA,15219
1430,250 Pacific Avenue,Pittsburgh,PA,15224
1431,509 Clairton Blvd,Pittsburgh,PA,15236
1432,4800 Baum Blvd,Pittsburgh,PA,15213
1433,4861 McKnight Road,Pittsburgh,PA,15237
1434,211 Forbes Avenue,Pittsburgh,PA,15222
1435,1614 Cochran Road,Pittsburgh,PA,15220
1436,1720 Washington Road,Pittsburgh,PA,15241
1437,5986 Centre  Avenue,Pittsburgh,PA,15206
1438,4137 William Penn Highway,Monroeville,PA,15146
1439,11359 Perry Highway,Wexford,PA,15090
1440,8870 Covenant  Drive,Pittsburgh,PA,15237
1441,3009 Washington Pike,Bridgeville,PA,15017
1442,1027 Freeport Road,Pittsburgh,PA,15238
1443,3619 Forbes  Avenue,Pittsburgh,PA,15213
1444,310 McHolme Drive,Pittsburgh,PA,15275
1445,1650 Metropolitan Street,Pittsburgh,PA,15223
1446,6302 Robinson Center Drive,Pittsburgh,PA,15205
1447,2312 Main St,Pittsburgh,PA,15215
1448,448 Pittsburgh Street,Springdale,PA,15144
1449,7859 Steubenville Pike,Oakdale,PA,15071
1450,5129 Brightwood Road,Bethel Park,PA,15102
1451,2798 Robinson Blvd,Pittsburgh,PA,15235
1452,9559 Babcock Blvd,Allison Park,PA,15101
1453,1557 Spring Garden Ave,Pittsburgh,PA,15212
1454,355 Lincoln Hwy,North Versailles,PA,15137
1455,917 Evergreen Avenue,Pittsburgh,PA,15209
1456,400 Barclay Avenue,Pittsburgh,PA,15221
1457,205 Brilliant Ave,Pittsburgh,PA,15215
1458,44 Highland  Road,Bethel Park,PA,15102
1459,44 Highland  Road,Bethel Park,PA,15102
1460,130 6th Street,Pittsburgh,PA,15222
1461,2829 Bedford Ave,Pittsburgh,PA,15219
1462,2819 Walnut St,Mc Keesport,PA,15132
1463,555 Foundry St,Pittsburgh,PA,15215
1464,810 Ingomar Road,Wexford,PA,15090
1465,3625 California Ave,Pittsburgh,PA,15212
1466,8100 McKnight Rd,Pittsburgh,PA,15237
1467,1035 Washington Pike,Bridgeville,PA,15017
1468,3800 Wm Penn Hwy,Monroeville,PA,15146
1469,1219 Streets Run Rd,Pittsburgh,PA,15236
1470,1219 Streets Run Rd,Pittsburgh,PA,15236
1471,1219 Streets Run Rd,Pittsburgh,PA,15236
1472,519 U.S. Route 30,Imperial,PA,15126
1473,709 Monongahela Ave,Glassport,PA,15045
1474,2208 Arlington Ave,Pittsburgh,PA,15210
1475,4729 Ellsworth Ave,Pittsburgh,PA,15213
1476,1502 Chicago Street,Pittsburgh,PA,15214
1477,5330 William Flynn Highway,Gibsonia,PA,15044
1478,289 Settlers Ridge Center Drive,Pittsburgh,PA,15205
1479,228 Vermillion  Drive,Pittsburgh,PA,15209
1480,1103 Braddock Avenue,Pittsburgh,PA,15218
1481,1206 Route 51,Clairton,PA,15025
1482,1500 Washington  Road,Pittsburgh,PA,15228
1483,6302 Robinson Center Drive,Pittsburgh,PA,15205
1484,3000 Park Lane Drive,Pittsburgh,PA,15275
1485,2000 Park Lane Drive,Pittsburgh,PA,15275
1486,120 Redoak  Court,Saxonburg,PA,16056
1487,2100 Settlers Ridge Center Drive,Pittsburgh,PA,15205
1488,425 Pittsburgh Mills Circle,Tarentum,PA,15084
1489,600 Monroville Mall,Monroeville,PA,15146
1490,851 Providence Boulevard,Pittsburgh,PA,15237
1491,2350 Railroad Street,Pittsburgh,PA,15222
1492,34 E Crafton Ave,Pittsburgh,PA,15205
1493,2903 Brighton Rd,Pittsburgh,PA,15212
1494,501 Main St,Pittsburgh,PA,15215
1495,3817 Butler St,Pittsburgh,PA,15201
1496,200 Market Place Drive,Oakdale,PA,15071
1497,113 Barnett St,Pittsburgh,PA,15239
1498,7526 Center &amp; Washington St,Pittsburgh,PA,15218
1499,526 Monongahela Avenue,Glassport,PA,15045
1500,106 Swissvale  Avenue,Pittsburgh,PA,15218
1501,201 Stanwix  Street,Pittsburgh,PA,15222
1502,100 Commons,Pittsburgh,PA,15212
1503,384 Butler Street,Pittsburgh,PA,15223
1504,418 Wood Street,Pittsburgh,PA,15222
1505,336 4th Avenue,Pittsburgh,PA,15222
1506,336 4th Avenue,Pittsburgh,PA,15222
1507,1300 Bingham St,Pittsburgh,PA,15203
1508,510 Station Sq Dr,Pittsburgh,PA,15219
1509,1000 Locust Street,Pittsburgh,PA,15282
1510,&nbsp; Pgh Intl Airport / LT-3A,Pittsburgh,PA,15231
1511,407 Cinema Dr,Pittsburgh,PA,15203
1512,501 Waddell Ave,Clairton,PA,15025
1513,501 Waddell Ave,Clairton,PA,15025
1514,1405 State Street,Clairton,PA,15025
1515,672 Miller Avenue,Clairton,PA,15025
1516,540 St Clair  Avenue,Clairton,PA,15025
1517,435 Freemont St,Clairton,PA,15025
1518,520 N State St,Clairton,PA,15025
1519,412 Coal Valley Rd / RD  1,Clairton,PA,15025
1520,307 Division Ave,Clairton,PA,15025
1521,202 McClure St,Dravosburg,PA,15034
1522,764 Beverly Dr,West Mifflin,PA,15122
1523,503 Martindale Street,Pittsburgh,PA,15212
1524,621 1st Avenue,Tarentum,PA,15084
1525,333 Rouser Road,Coraopolis,PA,15108
1526,1025 Washington  Pike,Bridgeville,PA,15017
1527,1883 Painters Run Road,Pittsburgh,PA,15241
1528,528 Clever Road,Mc Kees Rocks,PA,15136
1529,1417 N Lang  Street,Pittsburgh,PA,15208
1530,1 Grove Pl,Pittsburgh,PA,15236
1531,56 S 12th St,Pittsburgh,PA,15203
1532,804 Braddock Avenue,Braddock,PA,15104
1533,341 E 8th Ave,Homestead,PA,15120
1534,6325 Penn Ave,Pittsburgh,PA,15206
1535,901 Freeport Road,Cheswick,PA,15024
1536,620 Lincoln Avenue,Pittsburgh,PA,15202
1537,3402 Main Street,Homestead,PA,15120
1538,1530 Potomac Avenue,Pittsburgh,PA,15216
1539,1001 Brookline  Boulevard,Pittsburgh,PA,15226
1540,2800 Brownsville Rd,Pittsburgh,PA,15227
1541,2733 South Park Road,Bethel Park,PA,15102
1542,510 Station Street,Bridgeville,PA,15017
1543,1050 Brinton Rd,Pittsburgh,PA,15221
1544,3767 Brownsville Road,Pittsburgh,PA,15227
1545,3439 West Run Rd,Homestead,PA,15120
1546,721 Island Avenue,Mc Kees Rocks,PA,15136
1547,20 Bailey Avenue,Pittsburgh,PA,15211
1548,2003 S Braddock Ave,Pittsburgh,PA,15218
1549,2401 E Carson St,Pittsburgh,PA,15203
1550,1709 Saw Mill Run Blvd,Pittsburgh,PA,15210
1551,4071 Beechwood Blvd,Pittsburgh,PA,15217
1552,314 Scenery Dr,Elizabeth,PA,15037
1553,1501 N Canal St,Pittsburgh,PA,15215
1554,925 E Carson St,Pittsburgh,PA,15203
1555,304 Virginia Ave,Pittsburgh,PA,15211
1556,2880 Brownsville Rd Ext,Library,PA,15129
1557,1513 Lincoln Way,Mc Keesport,PA,15131
1558,3105 Banksville Road,Pittsburgh,PA,15216
1559,116 Highland Avenue,Pittsburgh,PA,15206
1560,1059 Penn Ave,Pittsburgh,PA,15222
1561,3811 Butler St,Pittsburgh,PA,15201
1562,1630 Cochran Road,Pittsburgh,PA,15220
1563,300 Mt Lebanon  Boulevard,Pittsburgh,PA,15234
1564,710 Island  Avenue,Mc Kees Rocks,PA,15136
1565,541 Beaver  Street,Sewickley,PA,15143
1566,1111 Oakdale Road Suite 6,Oakdale,PA,15071
1567,964 Perry Highway,Pittsburgh,PA,15237
1568,900 Locust Street,Pittsburgh,PA,15282
1569,207 21st Street,Pittsburgh,PA,15222
1570,6509 Robinson Center Drive,Pittsburgh,PA,15205
1571,1035 Freeport  Road,Pittsburgh,PA,15238
1572,5800 Forbes Avenue,Pittsburgh,PA,15217
1573,1718 Mt Royal Blvd,Glenshaw,PA,15116
1574,527 U.S. Route 30,Imperial,PA,15126
1575,161 Church Rd,Wexford,PA,15090
1576,250 Pacific Avenue,Pittsburgh,PA,15224
1577,8 Miller  Avenue,Braddock,PA,15104
1578,430 Colfax Street,Springdale,PA,15144
1579,6741 Reynolds Street,Pittsburgh,PA,15206
1580,5 Pvt. Lobaugh Street,Oakdale,PA,15071
1581,77 Walkers Mill Road,Oakdale,PA,15071
1582,250 Swinderman Rd,Wexford,PA,15090
1583,1235 Muldowney Street,Pittsburgh,PA,15207
1584,300 Corliss Street (Back),Pittsburgh,PA,15220
1585,540 Braddock Avenue,Braddock,PA,15104
1586,924 Sheraton Drive,Mars,PA,16046
1587,1100 Banksville Road,Pittsburgh,PA,15216
1588,180 Gamma Drive,Pittsburgh,PA,15238
1589,699 Rodi Rd,Pittsburgh,PA,15235
1590,1340 Lebanon Church Road,Pittsburgh,PA,15236
1591,4607 McKnight  Road,Pittsburgh,PA,15237
1592,2731 Mosside Boulevard,Monroeville,PA,15146
1593,2945 Smallman Street,Pittsburgh,PA,15201
1594,147 Julius Street,Pittsburgh,PA,15206
1595,1501 Buena Vista  Road,Pittsburgh,PA,15212
1596,5827 Forbes  Avenue,Pittsburgh,PA,15217
1597,1600 Carson Street,Pittsburgh,PA,15219
1598,6424 Forward Ave,Pittsburgh,PA,15217
1599,7120 Kelly Street,Pittsburgh,PA,15208
1600,1323 Forbes Avenue,Pittsburgh,PA,15219
1601,702 2nd Avenue,Tarentum,PA,15084
1602,1305 5th Ave,Mc Keesport,PA,15132
1603,301 Meade Street,Pittsburgh,PA,15221
1604,491 E 8th Ave,Homestead,PA,15120
1605,1710 Pacific Avenue,Natrona Heights,PA,15065
1606,4809 Penn Avenue,Pittsburgh,PA,15224
1607,116 North Avenue,Pittsburgh,PA,15212
1608,608 Chartiers Ave,Mc Kees Rocks,PA,15136
1609,1117 Milltown Rd,Verona,PA,15147
1610,426 George Street,Braddock,PA,15104
1611,2155 Centre Ave,Pittsburgh,PA,15219
1612,4110 Davision St,Pittsburgh,PA,15201
1613,916 Presque Isle Dr,Pittsburgh,PA,15239
1614,424 2nd Ave,Carnegie,PA,15106
1615,4501 Torley St,Pittsburgh,PA,15224
1616,4236 Forbes,Pittsburgh,PA,15213
1617,5915 Beacon St,Pittsburgh,PA,15217
1618,422 Greenfield Ave,Pittsburgh,PA,15207
1619,5245 Butler St,Pittsburgh,PA,15201
1620,12620 Perry Hwy,Wexford,PA,15090
1621,504 E 8th Ave,Homestead,PA,15120
1622,100 Chapel Harbor  Drive,Pittsburgh,PA,15238
1623,4059 Penn Avenue,Pittsburgh,PA,15224
1624,1 21st Street,Pittsburgh,PA,15222
1625,1635 Carson Street,Pittsburgh,PA,15219
1626,751 Providence  Boulevard,Pittsburgh,PA,15237
1627,751 Providence  Boulevard,Pittsburgh,PA,15237
1628,7851 Steubenville Pike,Oakdale,PA,15071
1629,1 Forsythe Road,Presto,PA,15142
1630,500 North  Avenue,Pittsburgh,PA,15212
1631,350 Butler Street,Pittsburgh,PA,15223
1632,1641 Suburban  Avenue,Pittsburgh,PA,15216
1633,1641 Suburban Avenue,Pittsburgh,PA,15216
1634,355 Lincoln Hwy,North Versailles,PA,15137
1635,4071 Homestead-Duquesne Rd,West Mifflin,PA,15122
1636,1017 4th Ave,Coraopolis,PA,15108
1637,1000 5th Avenue,Coraopolis,PA,15108
1638,879 4th Ave,Coraopolis,PA,15108
1639,2201 Murray  Avenue,Pittsburgh,PA,15217
1640,2806 Straka Street,Pittsburgh,PA,15204
1641,1099 Maple St,Coraopolis,PA,15108
1642,2500 S 18th St,Pittsburgh,PA,15203
1643,875 Greentree  Road,Pittsburgh,PA,15220
1644,472 Wood  Street,Pittsburgh,PA,15222
1645,301 Freeport Rd,Pittsburgh,PA,15215
1646,801 Market St,Mc Keesport,PA,15132
1647,301 Graham Street,Pittsburgh,PA,15224
1648,1033 4th Ave,Coraopolis,PA,15108
1649,202 Costco Drive,Pittsburgh,PA,15205
1650,501 W Waterfront Dr,Homestead,PA,15120
1651,1901 Pioneer  Avenue,Pittsburgh,PA,15226
1652,300 E Smithfield St,Mc Keesport,PA,15135
1653,536 Dewey Avenue,Bridgeville,PA,15017
1654,95 Enterprise Drive,Elizabeth,PA,15037
1655,310 Forbes Avenue,Pittsburgh,PA,15222
1656,401 Waterfront Drive,Homestead,PA,15120
1657,5100 Campbells Run Rd,Pittsburgh,PA,15205
1658,3962 Wm Penn  Highway,Monroeville,PA,15146
1659,5308 Liberty  Avenue,Pittsburgh,PA,15224
1660,450 Cherrington Pkwy,Coraopolis,PA,15108
1661,945 Penn Avenue,Pittsburgh,PA,15222
1662,1111 Wood Street,Pittsburgh,PA,15221
1663,4509 Liberty  Avenue,Pittsburgh,PA,15224
1664,2344 Perrysville Ave,Pittsburgh,PA,15214
1665,305 Allegheny   Street,Tarentum,PA,15084
1666,200 Davis Boulevard,Pittsburgh,PA,15275
1667,301 Craft Ave,Pittsburgh,PA,15213
1668,5024 Curry Road,Pittsburgh,PA,15236
1669,117 Steuben  Street,Pittsburgh,PA,15205
1670,2760 Banksville Avenue,Pittsburgh,PA,15216
1671,545 Hamilton Rd,Pittsburgh,PA,15205
1672,875 Greentree Road #6,Pittsburgh,PA,15220
1673,1874 Crafton Boulevard,Pittsburgh,PA,15205
1674,38 Steuben  Street,Pittsburgh,PA,15205
1675,252 Crafton Ingram Shopping Ctr,Pittsburgh,PA,15205
1676,600 Grant  Street,Pittsburgh,PA,15219
1677,3122 Chartiers Avenue,Pittsburgh,PA,15204
1678,1301 Kennedy Ave,Duquesne,PA,15110
1679,1000 Ross Park Mall Drive,Pittsburgh,PA,15237
1680,1960 Greentree Road,Pittsburgh,PA,15220
1681,3100 Brownlee Street,Mc Keesport,PA,15132
1682,409 North Avenue,Pittsburgh,PA,15209
1683,2 North Avenue,Pittsburgh,PA,15212
1684,2100 Murray Ave,Pittsburgh,PA,15217
1685,801 Liberty Avenue,Pittsburgh,PA,15222
1686,420 Ft Duquesne Boulevard,Pittsburgh,PA,15222
1687,525 Wm Penn Place,Pittsburgh,PA,15219
1688,4 Gateway Center,Pittsburgh,PA,15222
1689,2775 Mosside Boulevard,Monroeville,PA,15146
1690,5 Station Sq Dr,Pittsburgh,PA,15219
1691,417 Walnut  Street,Sewickley,PA,15143
1692,309 Smithfield Street,Pittsburgh,PA,15222
1693,500 Grant Street,Pittsburgh,PA,15219
1694,1001 Liberty Avenue,Pittsburgh,PA,15222
1695,500 Grant Street,Pittsburgh,PA,15219
1696,720 Blackburn Rd,Sewickley,PA,15143
1697,4400 Forbes  Avenue,Pittsburgh,PA,15213
1698,4100 Brownsville Road,Pittsburgh,PA,15227
1699,11 Stanwix St Lobby,Pittsburgh,PA,15222
1700,429 Forbes Avenue,Pittsburgh,PA,15219
1701,2729 Carson Street,Pittsburgh,PA,15203
1702,225 Ross Street,Pittsburgh,PA,15219
1703,5830 Ellsworth Ave,Pittsburgh,PA,15232
1704,207 Oakland Ave,Pittsburgh,PA,15213
1705,4525 Liberty Ave,Pittsburgh,PA,15224
1706,1 PPG Place,Pittsburgh,PA,15222
1707,5607 Baum  Boulevard,Pittsburgh,PA,15232
1708,4030 Butler St,Pittsburgh,PA,15201
1709,&nbsp; Pgh Intl Airport / AC-32B,Pittsburgh,PA,15231
1710,310 Electric  Avenue,East Pittsburgh,PA,15112
1711,250 Mt Lebanon  Ste 425 Boulevard,Pittsburgh,PA,15234
1712,207 S Craig  Street,Pittsburgh,PA,15213
1713,79 McGovern  Boulevard,Glenwillard,PA,15046
1714,280 Morewood Ave,Pittsburgh,PA,15213
1715,236 4th St,Braddock,PA,15104
1716,805 East  Street,Pittsburgh,PA,15212
1717,806 Freeport Road,Pittsburgh,PA,15238
1718,620 Boston Hollow Road,Elizabeth,PA,15037
1719,1440 Spring Garden Avenue,Pittsburgh,PA,15212
1720,1502 Saxonburg Boulevard,Tarentum,PA,15084
1721,4600 Homestead Duquesne Rd,West Mifflin,PA,15122
1722,164 Ft Couch Road,Pittsburgh,PA,15241
1723,401 Holiday Drive,Pittsburgh,PA,15220
1724,1400 Brinton Road,Braddock,PA,15104
1725,509 Painters Run Road,Pittsburgh,PA,15228
1726,1600 Smallman  Street,Pittsburgh,PA,15222
1727,1211 Penn Avenue,Pittsburgh,PA,15222
1728,600 Grant Street,Pittsburgh,PA,15219
1729,1200 Pennsylvania Avenue,Bridgeville,PA,15017
1730,2516 Carson Street,Pittsburgh,PA,15213
1731,&nbsp; South Fayette Street / Box 61,Cuddy,PA,15031
1732,637 Millers Run Road,Cuddy,PA,15031
1733,1607 Saxonburg Boulevard,Tarentum,PA,15084
1734,700 Cumberland Woods Drive,Allison Park,PA,15101
1735,31 27th  Street,Pittsburgh,PA,15203
1736,2312 Main Street,Pittsburgh,PA,15215
1737,48 27th Street,Pittsburgh,PA,15203
1738,2314 Carson Street,Pittsburgh,PA,15203
1739,800 E Carson St,Pittsburgh,PA,15203
1740,405 Freeport Road,Pittsburgh,PA,15238
1741,5438 Centre Avenue,Pittsburgh,PA,15232
1742,5336 Butler Street,Pittsburgh,PA,15201
1743,&nbsp; Pgh Int&#39;l Airport / AC-2D,Pittsburgh,PA,15231
1744,340 Curry Hollow  Road,Pittsburgh,PA,15236
1745,2121 Murray Avenue,Pittsburgh,PA,15217
1746,1000 Wright  Way,Cheswick,PA,15024
1747,315 Camp Horne Road,Pittsburgh,PA,15202
1748,2107 Murray Ave,Pittsburgh,PA,15217
1749,3301 Main St,Homestead,PA,15120
1750,1060 Morewood Ave,Pittsburgh,PA,15213
1751,801  7th St,Verona,PA,15147
1752,2140 Ardmore Boulevard,Pittsburgh,PA,15221
1753,12134 Frankstown  Road,Pittsburgh,PA,15235
1754,2622 Bowman Ave,Mc Keesport,PA,15132
1755,555 Pittsburgh Street,Springdale,PA,15144
1756,5027 Doyle Rd,Pittsburgh,PA,15227
1757,2245 Wilson Avenue,Pittsburgh,PA,15214
1758,2245 Wilson Avenue,Pittsburgh,PA,15214
1759,135 Evans City Road,Butler,PA,16001
1760,1118 Braddock  Avenue,Pittsburgh,PA,15218
1761,637 Hillsboro Street,Pittsburgh,PA,15204
1762,870 4th Avenue,Coraopolis,PA,15108
1763,1703 Pennsylvania  Avenue,West Mifflin,PA,15122
1764,1225 Washington Pike,Bridgeville,PA,15017
1765,7141 Frankstown Ave,Pittsburgh,PA,15208
1766,4623 Liberty Avenue,Pittsburgh,PA,15224
1767,200 Loews Drive,North Versailles,PA,15137
1768,4613 Liberty Avenue,Pittsburgh,PA,15224
1769,1000 Ft Duquesne Boulevard,Pittsburgh,PA,15222
1770,1000 Ft Duquesne Boulevard,Pittsburgh,PA,15222
1771,1000 Ft Duquesne Boulevard,Pittsburgh,PA,15222
1772,1000 Ft Duquesne Boulevard,Pittsburgh,PA,15222
1773,1000 Ft Duquesne Boulevard,Pittsburgh,PA,15222
1774,1000 Ft Duquesne Boulevard,Pittsburgh,PA,15222
1775,2525 Monroeville Boulevard,Monroeville,PA,15146
1776,200 Monroeville Mall Drive,Monroeville,PA,15146
1777,1515 Washington  Boulevard,Mc Keesport,PA,15133
1778,4320 Northern Pike,Monroeville,PA,15146
1779,1 Daily Way,Verona,PA,15147
1780,1125 Arlington Ave,Pittsburgh,PA,15203
1781,4276 Ohio River Blvd,Pittsburgh,PA,15202
1782,1120 Lincoln Hwy,North Versailles,PA,15137
1783,3002 Babcock Blvd,Pittsburgh,PA,15237
1784,1223 E Carson Street,Pittsburgh,PA,15203
1785,4846 Library Road,Bethel Park,PA,15102
1786,4237 Verona Road,Verona,PA,15147
1787,400 Lebanon Rd,West Mifflin,PA,15122
1788,100 Robinson Center Drive,Pittsburgh,PA,15205
1789,268 Settlers Ridge Center Drive,Pittsburgh,PA,15205
1790,1613 Freeport Road,Natrona Heights,PA,15065
1791,2795 Clairton Boulevard,Pittsburgh,PA,15227
1792,507 5th Ave,Coraopolis,PA,15108
1793,2331 Noblestown Road,Pittsburgh,PA,15205
1794,4251 Northern Pike,Monroeville,PA,15146
1795,1039 Perry Hwy,Pittsburgh,PA,15237
1796,1990 Lincoln  Way,Mc Keesport,PA,15131
1797,1000 Ross Park Mall Drive,Pittsburgh,PA,15237
1798,301 Hills Village FC#7,Pittsburgh,PA,15241
1799,1000 Washington Avenue,Carnegie,PA,15106
1800,4377 Murray Ave,Pittsburgh,PA,15217
1801,900 Cedar Boulevard,Pittsburgh,PA,15234
1802,900 Cedar Blvd,Pittsburgh,PA,15228
1803,20013 US - 19,Cranberry Township,PA,16066
1804,720 N Homewood Ave,Pittsburgh,PA,15208
1805,925 Main  Street,Pittsburgh,PA,15215
1806,5724 Curry Rd,Pittsburgh,PA,15236
1807,1511 Center Ave,Pittsburgh,PA,15229
1808,4851 Clairton  Boulevard,Pittsburgh,PA,15236
1809,5159 Library  Road,Bethel Park,PA,15102
1810,117 Twilight Drive,Belle Vernon,PA,15012
1811,5811 Ellsworth Avenue,Pittsburgh,PA,15232
1812,709 Chartiers  Avenue,Mc Kees Rocks,PA,15136
1813,1962 Lowrie  Street,Pittsburgh,PA,15212
1814,944 Brookline Blvd,Pittsburgh,PA,15226
1815,559 Lincoln Ave,Pittsburgh,PA,15202
1816,134 Broadlawn Drive,Elizabeth,PA,15037
1817,207 Atwood  Street,Pittsburgh,PA,15213
1818,180 E Waterfront Dr,Homestead,PA,15120
1819,1943 Big Sewickley Creek Rd,Sewickley,PA,15143
1820,&nbsp; Porters Hollow Road,Coraopolis,PA,15108
1821,617 N Homewood Ave,Pittsburgh,PA,15208
1822,2218 Spring St,Pittsburgh,PA,15210
1823,2800 Freeport Road,Springdale,PA,15144
1824,3614 Wm Flynn Hwy,Allison Park,PA,15101
1825,2312 Main Street,Pittsburgh,PA,15215
1826,1717 Cochran Rd,Pittsburgh,PA,15220
1827,560 McKeesport Rd,Elizabeth,PA,15037
1828,3451 Harts Run Road,Glenshaw,PA,15116
1829,5227 Butler  Street,Pittsburgh,PA,15201
1830,1110 Park Manor Boulevard,Pittsburgh,PA,15205
1831,2015 Penn Avenue,Pittsburgh,PA,15222
1832,1256 Evergreen  Avenue,Pittsburgh,PA,15209
1833,200 Loews  Drive,North Versailles,PA,15137
1834,1314 E Carson St,Pittsburgh,PA,15203
1835,4231 Steubenville Pike,Pittsburgh,PA,15205
1836,200 Loews Drive,North Versailles,PA,15137
1837,3809 Grace St,Homestead,PA,15120
1838,13 Creighton - Russellton Road,Russellton,PA,15076
1839,284 East Union  Road,Cheswick,PA,15024
1840,1715 Saxonburg Blvd,Tarentum,PA,15084
1841,57 East Union Road,Cheswick,PA,15024
1842,17 East Union Road,Cheswick,PA,15024
1843,163 Union Road,Cheswick,PA,15024
1844,11885 Perry  Highway,Wexford,PA,15090
1845,5001 Freeport Road,Natrona Heights,PA,15065
1846,91 Fort Couch  Road,Pittsburgh,PA,15241
1847,1737 E Carson,Pittsburgh,PA,15203
1848,500 Station St,Wilmerding,PA,15148
1849,4034 Butler St,Pittsburgh,PA,15201
1850,4 North Avenue,Pittsburgh,PA,15212
1851,111 Farragut St,Homestead,PA,15120
1852,5527 Verona Rd,Verona,PA,15147
1853,5033 Forbes Avenue,Pittsburgh,PA,15213
1854,546 Brookline Blvd,Pittsburgh,PA,15226
1855,508 Grant  Avenue,Duquesne,PA,15110
1856,7709 Frankstown Ave,Pittsburgh,PA,15208
1857,2332 Arlington Avenue,Pittsburgh,PA,15210
1858,3980 Wm Penn Highway,Monroeville,PA,15146
1859,271 Clairton Blvd,Pittsburgh,PA,15236
1860,1829 Lincoln Highway,North Versailles,PA,15137
1861,7319 McKnight Road,Pittsburgh,PA,15237
1862,2200 Lebanon Church Road,West Mifflin,PA,15122
1863,2701 Freeport Road,Pittsburgh,PA,15238
1864,2180 Greentree  Road,Pittsburgh,PA,15220
1865,2644 Mosside Blvd,Monroeville,PA,15146
1866,500 Moon Clinton Rd,Coraopolis,PA,15108
1867,500 Moon Clinton Rd,Coraopolis,PA,15108
1868,500 Moon Clinton Rd,Coraopolis,PA,15108
1869,708 E Warrington Ave,Pittsburgh,PA,15210
1870,12461 Post  Street,Irwin,PA,15642
1871,309 Brownsville Road,Pittsburgh,PA,15210
1872,3373 Babcock Blvd,Pittsburgh,PA,15237
1873,815 6th Avenue,Brackenridge,PA,15014
1874,1713 Carson Street,Pittsburgh,PA,15203
1875,1414 Potomac  Avenue,Pittsburgh,PA,15216
1876,412 Perry Highway,Pittsburgh,PA,15229
1877,948 E 8th Ave,Homestead,PA,15120
1878,125 Station Square Drive,Pittsburgh,PA,15219
1879,620 Long Run Road,Mc Keesport,PA,15132
1880,2549 Penn Avenue,Pittsburgh,PA,15222
1881,9030 St Simon Way,Pittsburgh,PA,15237
1882,16 Market Place,Pittsburgh,PA,15222
1883,6501 Steubenville Pike,Pittsburgh,PA,15205
1884,1009 9th Avenue,Brackenridge,PA,15014
1885,696 Washington Rd,Pittsburgh,PA,15228
1886,642 Broadway Avenue,Mc Kees Rocks,PA,15136
1887,430 Market  Street,Pittsburgh,PA,15222
1888,132 Laurel Oak Dr,Sewickley,PA,15143
1889,132 Laurel Oak Dr,Sewickley,PA,15143
1890,2002 Brownsville Rd,Pittsburgh,PA,15210
1891,3075 Clairton Boulevard,West Mifflin,PA,15123
1892,5000 Robinson Center Drive,Pittsburgh,PA,15205
1893,501 Monroeville Mall,Monroeville,PA,15146
1894,350 Waterfront Drive,Homestead,PA,15120
1895,301 South Hills Village,Pittsburgh,PA,15241
1896,1601 E Carson St,Pittsburgh,PA,15203
1897,272 Freeport Road,Pittsburgh,PA,15238
1898,120 Shiloh St,Pittsburgh,PA,15211
1899,4130 Butler  Street,Pittsburgh,PA,15201
1900,429 Railroad  Street,Bridgeville,PA,15017
1901,5996 Centre  Avenue,Pittsburgh,PA,15206
1902,3646 Library  Road,Pittsburgh,PA,15234
1903,2644 Mosside Blvd,Monroeville,PA,15146
1904,1929 Murray Ave,Pittsburgh,PA,15217
1905,128 S 17th St,Pittsburgh,PA,15203
1906,3600 Brownsville Road,Pittsburgh,PA,15227
1907,1125 Penn Avenue,Pittsburgh,PA,15222
1908,12980 Perry Hwy,Wexford,PA,15090
1909,1 Robinson Plaza,Pittsburgh,PA,15205
1910,12017 Perry  Highway,Wexford,PA,15090
1911,5147 Butler Street,Pittsburgh,PA,15201
1912,9000 Babcock Blvd,Allison Park,PA,15101
1913,2615 Freeport Road,Natrona Heights,PA,15065
1914,1937 Murray Avenue,Pittsburgh,PA,15217
1915,1220 Carson Street,Pittsburgh,PA,15203
1916,90 Russellton - Dorseyville Road,Cheswick,PA,15024
1917,200 Vondera St,Homestead,PA,15120
1918,1552 Beechview Ave,Pittsburgh,PA,15216
1919,7402 Church Street,Pittsburgh,PA,15218
1920,700 Warrington Avenue,Pittsburgh,PA,15210
1921,1215 Brighton Road,Pittsburgh,PA,15233
1922,3600 Walnut Street,Mc Keesport,PA,15132
1923,123 Sheridan  Avenue,Pittsburgh,PA,15206
1924,1985 Lincoln Way,Mc Keesport,PA,15131
1925,120 Three Degree Road,Pittsburgh,PA,15237
1926,352 2nd  St,Elizabeth,PA,15037
1927,5000 Library  Road,Bethel Park,PA,15102
1928,315 Cochran Rd,Pittsburgh,PA,15228
1929,1695 Mcfarland Rd,Pittsburgh,PA,15216
1930,995 Greensburg Pike,East Pittsburgh,PA,15112
1931,5032 Wm Penn Hwy,Monroeville,PA,15146
1932,7248 Saltsburg Road,Pittsburgh,PA,15219
1933,700 Worthington Avenue,Clairton,PA,15025
1934,1714 Laketon  Road,Pittsburgh,PA,15221
1935,100 Westinghouse Ave,Wilmerding,PA,15148
1936,1718 Broadview Boulevard,Natrona Heights,PA,15065
1937,740 Lysle Boulevard,Mc Keesport,PA,15132
1938,5800 Buttermilk Hollow Road,Pittsburgh,PA,15207
1939,4725 Centre Avenue,Pittsburgh,PA,15213
1940,2301 Brownsville Road,Library,PA,15129
1941,2409 Golden Mile Highway,Pittsburgh,PA,15239
1942,1227 State Rt 837,Clairton,PA,15025
1943,500 Pine Hollow Rd,Mc Kees Rocks,PA,15136
1944,470 Penn Lincoln Drive,Imperial,PA,15126
1945,1830 Pennsylvania  Avenue,West Mifflin,PA,15122
1946,351 Hoffman Boulevard,Duquesne,PA,15110
1947,1701 Lincoln Hwy,North Versailles,PA,15137
1948,491 Lincoln Ave,Pittsburgh,PA,15202
1949,926 5th Avenue,Coraopolis,PA,15108
1950,2412 Ferguson Rd,Allison Park,PA,15101
1951,3060 Sussex Ave,Pittsburgh,PA,15226
1952,5724 Smithfield Street,Mc Keesport,PA,15135
1953,1515 Washington Blvd,Mc Keesport,PA,15133
1954,494 Pittsburgh Street,Springdale,PA,15144
1955,1811 Main St,Pittsburgh,PA,15215
1956,10730 Frankstown Rd,Pittsburgh,PA,15235
1957,120 Penn Ave,Turtle Creek,PA,15145
1958,75 Noble Ave,Pittsburgh,PA,15205
1959,425 Perry Hwy,Pittsburgh,PA,15229
1960,716 Clairton Blvd,Pittsburgh,PA,15236
1961,4500 Broadway Blvd,Monroeville,PA,15146
1962,700 Penn Ave,Pittsburgh,PA,15221
1963,28 Monongahela Avenue,Glassport,PA,15045
1964,12818 Frankstown  Road,Pittsburgh,PA,15235
1965,325 E 8th Ave,Homestead,PA,15120
1966,2709 Murray  Avenue,Pittsburgh,PA,15217
1967,1099 Mountain View Drive,West Mifflin,PA,15122
1968,240 Mt Nebo Pointe Drive,Pittsburgh,PA,15237
1969,5253 Library  Road,Bethel Park,PA,15102
1970,4714 McKnight  Road,Pittsburgh,PA,15237
1971,7181 Saltsburg Road,Pittsburgh,PA,15235
1972,713 8th  Avenue,Homestead,PA,15120
1973,1615 Lincoln  Way,Mc Keesport,PA,15131
1974,4680 Old William Penn  Highway,Monroeville,PA,15146
1975,324 Town Square Way,Pittsburgh,PA,15227
1976,5990 University Blvd,Coraopolis,PA,15108
1977,110 Walmart Dr,North Versailles,PA,15137
1978,1759 S Braddock Ave,Pittsburgh,PA,15218
1979,400 Wal Mart Dr,Gibsonia,PA,15044
1980,1155 Washington Pike Sp#49-A,Bridgeville,PA,15017
1981,1030 West View Park Dr,Pittsburgh,PA,15229
1982,1360 Park Manor Boulevard,Pittsburgh,PA,15205
1983,12 Federal   Dr,Pittsburgh,PA,15235
1984,28 Highlands Mall,Natrona Heights,PA,15065
1985,100 Allegheny River Boulevard,Verona,PA,15147
1986,1712 Mt Royal Blvd,Glenshaw,PA,15116
1987,1020 Village Center Drive,Tarentum,PA,15084
1988,47 Walsh  Road,Pittsburgh,PA,15205
1989,4313 Walnut Street,Mc Keesport,PA,15132
1990,2350 Noblestown  Road,Pittsburgh,PA,15205
1991,1701 Duncan Avenue,Allison Park,PA,15101
1992,1600 Hoffman Boulevard,West Mifflin,PA,15122
1993,8 Ohio River  Boulevard,Leetsdale,PA,15056
1994,1061 Washington Road,Carnegie,PA,15106
1995,1630 Arlington Avenue,Pittsburgh,PA,15210
1996,3428 Wm Penn Highway,Pittsburgh,PA,15235
1997,1516 Brighton Avenue,Pittsburgh,PA,15212
1998,6009 Penn Avenue,Pittsburgh,PA,15206
1999,937 Ohio  Avenue,Glassport,PA,15045
2000,4848 William Flynn Highway,Allison Park,PA,15101
